리뷰 No.,제품 ID,제품명,닉네임,피부 타입,피부 고민,작성 시간,별점 (0/5),리뷰 내용,태그,평균 별점 (제품별),사진1(선택),사진1(선택),사진3(선택)
1,1,세라마이드 모찌 토너,활발한병아리736,건성,"보습, 민감성",2026.03.19,5,촉촉해서 만족스러워요. 피부 결이 매끈해지는 느낌이에요. 가격도 합리적이라 좋았어요.,"촉촉함, 매끈한 피부결",4.6,https://drive.google.com/file/d/1vpXYtZtwmFNsjNh9z2eXQrcbgDqzHAAo/view?usp=sharing,https://drive.google.com/file/d/1rLSSL3E9r5Uj_mji-CX6ofhIfZpk1qsZ/view?usp=sharing,
2,1,세라마이드 모찌 토너,조용한호랑이293,건성,보습,2025.11.23,4,'세라마이드 모찌 토너' 사용 후기예요. 겉돌지 않고 잘 스며들어요. 촉촉해서 만족스러워요.,"수분감, 촉촉함, 겉돌지 않음, 매끈한 피부결",4.6,,,
3,1,세라마이드 모찌 토너,엉뚱한강아지193,건성,보습,2026.01.29,5,'세라마이드 모찌 토너' 사용 후기예요. 겉돌지 않고 잘 스며들어요. 재구매 의사 있어요!,"겉돌지 않음, 쫀쫀함",4.6,,,
4,1,세라마이드 모찌 토너,소심한펭귄73,복합성,"보습, 민감성, 미백/잡티",2026.08.01,5,피부 결이 매끈해지는 느낌이에요. 다음에도 또 살 것 같아요.,"매끈한 피부결, 촉촉함, 쫀쫀함, 겉돌지 않음",4.6,,,
5,1,세라마이드 모찌 토너,대담한고양이534,복합성,민감성,2026.07.06,5,겉돌지 않고 잘 스며들어요. 재구매 의사 있어요!,"매끈한 피부결, 겉돌지 않음, 수분감, 촉촉함, 쫀쫀함",4.6,,,
6,1,세라마이드 모찌 토너,익명의하마936,복합성,민감성,2026.03.23,4,수분감이 오래가서 좋아요.,"쫀쫀함, 매끈한 피부결, 수분감, 촉촉함, 겉돌지 않음",4.6,,,
7,1,세라마이드 모찌 토너,사랑스런강아지622,건성,"민감성, 보습",2025.07.01,5,수분감이 오래가서 좋아요. 쫀쫀한 텍스처가 마음에 들어요. 피부 결이 매끈해지는 느낌이에요.,"수분감, 쫀쫀함, 겉돌지 않음, 매끈한 피부결",4.6,https://drive.google.com/file/d/1Xyf2vNSOeLWT04ZDlfRcm2CxKYIuK7NU/view?usp=sharing,,
8,1,세라마이드 모찌 토너,평범한코알라626,건성,보습,2026.07.17,4,'세라마이드 모찌 토너' 사용 후기예요. 쫀쫀한 텍스처가 마음에 들어요. 재구매 의사 있어요!,"쫀쫀함, 매끈한 피부결, 촉촉함, 수분감, 겉돌지 않음",4.6,,,
9,1,세라마이드 모찌 토너,엉뚱한호랑이437,건성,"민감성, 보습",2025.11.07,5,쫀쫀한 텍스처가 마음에 들어요. 겉돌지 않고 잘 스며들어요. 수분감이 오래가서 좋아요. 가격도 합리적이라 좋았어요.,"쫀쫀함, 수분감, 겉돌지 않음, 매끈한 피부결",4.6,,,
10,1,세라마이드 모찌 토너,촉촉한펭귄838,건성,민감성,2025.08.23,4,겉돌지 않고 잘 스며들어요. 재구매 의사 있어요!,"매끈한 피부결, 쫀쫀함, 겉돌지 않음, 수분감, 촉촉함",4.6,,,
11,1,세라마이드 모찌 토너,잠많은사자224,건성,"민감성, 보습",2025.09.09,4,촉촉해서 만족스러워요. 쫀쫀한 텍스처가 마음에 들어요. 만족스러운 소비였어요.,"촉촉함, 쫀쫀함",4.6,,,
12,1,세라마이드 모찌 토너,익명의거북이198,복합성,민감성,2025.10.22,4,'세라마이드 모찌 토너' 사용 후기예요. 쫀쫀한 텍스처가 마음에 들어요. 수분감이 오래가서 좋아요. 피부 결이 매끈해지는 느낌이에요. 재구매 의사 있어요!,"매끈한 피부결, 수분감, 쫀쫀함",4.6,,,
13,1,세라마이드 모찌 토너,대담한여우45,복합성,없음,2025.12.02,4,'세라마이드 모찌 토너' 사용 후기예요. 쫀쫀한 텍스처가 마음에 들어요. 수분감이 오래가서 좋아요. 촉촉해서 만족스러워요. 가격도 합리적이라 좋았어요.,"촉촉함, 겉돌지 않음, 쫀쫀함, 수분감",4.6,,,
14,1,세라마이드 모찌 토너,새침한고슴도치959,복합성,"민감성, 보습",2025.08.03,5,'세라마이드 모찌 토너' 사용 후기예요. 피부 결이 매끈해지는 느낌이에요. 수분감이 오래가서 좋아요. 쫀쫀한 텍스처가 마음에 들어요. 만족스러운 소비였어요.,"수분감, 매끈한 피부결, 쫀쫀함, 촉촉함",4.6,,,
15,1,세라마이드 모찌 토너,행복한앵무새282,복합성,보습,2026.05.13,5,촉촉해서 만족스러워요. 겉돌지 않고 잘 스며들어요. 쫀쫀한 텍스처가 마음에 들어요. 만족스러운 소비였어요.,"촉촉함, 매끈한 피부결, 겉돌지 않음, 쫀쫀함",4.6,,,
16,1,세라마이드 모찌 토너,대담한해달851,건성,보습,2025.09.17,5,수분감이 오래가서 좋아요. 만족스러운 소비였어요.,"매끈한 피부결, 수분감, 촉촉함",4.6,https://drive.google.com/file/d/12k93s9vJTX-DNXLO8K94u38nEEghhUaX/view?usp=sharing,https://drive.google.com/file/d/1z_4ZbSKzG2bcUJ2fUcCGomYka9VTsprz/view?usp=sharing,
17,1,세라마이드 모찌 토너,귀여운벌새706,복합성,보습,2025.09.02,5,'세라마이드 모찌 토너' 사용 후기예요. 피부 결이 매끈해지는 느낌이에요. 만족스러운 소비였어요.,"수분감, 매끈한 피부결",4.6,,,
18,1,세라마이드 모찌 토너,사랑스런곰돌이455,건성,"보습, 민감성",2025.10.19,5,'세라마이드 모찌 토너' 사용 후기예요. 촉촉해서 만족스러워요. 수분감이 오래가서 좋아요. 다음에도 또 살 것 같아요.,"쫀쫀함, 겉돌지 않음, 수분감, 촉촉함",4.6,,,
19,1,세라마이드 모찌 토너,사랑스런나비116,복합성,"보습, 민감성",2025.09.21,4,'세라마이드 모찌 토너' 사용 후기예요. 촉촉해서 만족스러워요. 만족스러운 소비였어요.,"매끈한 피부결, 쫀쫀함, 촉촉함, 수분감",4.6,,,
20,1,세라마이드 모찌 토너,말랑한곰돌이520,복합성,"민감성, 보습",2025.09.06,5,'세라마이드 모찌 토너' 사용 후기예요. 수분감이 오래가서 좋아요. 겉돌지 않고 잘 스며들어요. 재구매 의사 있어요!,"겉돌지 않음, 매끈한 피부결, 촉촉함, 수분감, 쫀쫀함",4.6,,,
21,2,아쿠아 오아시스 토너,엉뚱발랄한하마386,지성,민감성,2026.08.27,5,가볍게 발려요. 재구매 의사 있어요!,"가벼움, 산뜻함",4.5,,,
22,2,아쿠아 오아시스 토너,상냥한기린37,지성,"보습, 민감성, 피지/블랙헤드",2025.06.09,4,발림성이 정말 좋아요. 끈적임이 적어서 좋아요. 만족스러운 소비였어요.,"끈적임 적음, 발림성",4.5,,,
23,2,아쿠아 오아시스 토너,상냥한물개222,지성,보습,2026.06.08,4,발림성이 정말 좋아요. 산뜻하게 발려서 좋아요.,"수분감, 발림성, 가벼움, 산뜻함",4.5,https://drive.google.com/file/d/1zq3P8qSp08KUqH6fO43gyB7iQJ92euyj/view?usp=sharing,https://drive.google.com/file/d/1bocHCItpJLBX1ahcps1WYzqFz_wvlbZk/view?usp=sharing,
24,2,아쿠아 오아시스 토너,상큼한여우151,수부지,민감성,2026.01.04,5,'아쿠아 오아시스 토너' 사용 후기예요. 수분감이 오래가서 좋아요. 산뜻하게 발려서 좋아요. 발림성이 정말 좋아요. 다음에도 또 살 것 같아요.,"수분감, 발림성, 산뜻함",4.5,,,
25,2,아쿠아 오아시스 토너,행복한고양이781,수부지,"민감성, 보습",2026.05.03,4,'아쿠아 오아시스 토너' 사용 후기예요. 산뜻하게 발려서 좋아요. 끈적임이 적어서 좋아요. 가격도 합리적이라 좋았어요.,"발림성, 끈적임 적음, 산뜻함, 수분감",4.5,,,
26,2,아쿠아 오아시스 토너,부드러운앵무새380,지성,"보습, 민감성",2026.07.25,5,수분감이 오래가서 좋아요. 가격도 합리적이라 좋았어요.,"수분감, 끈적임 적음, 산뜻함, 발림성",4.5,,,
27,2,아쿠아 오아시스 토너,잠많은두더지242,수부지,"보습, 민감성",2026.03.05,4,'아쿠아 오아시스 토너' 사용 후기예요. 가볍게 발려요. 산뜻하게 발려서 좋아요. 재구매 의사 있어요!,"발림성, 산뜻함, 수분감, 가벼움",4.5,,,
28,2,아쿠아 오아시스 토너,든든한다람쥐153,지성,민감성,2025.07.29,5,'아쿠아 오아시스 토너' 사용 후기예요. 수분감이 오래가서 좋아요. 만족스러운 소비였어요.,"수분감, 가벼움",4.5,https://drive.google.com/file/d/1-OQR2okAbv1t8GBBknKTTsagR3NRAboC/view?usp=sharing,,
29,2,아쿠아 오아시스 토너,평범한물개494,지성,보습,2025.11.04,5,'아쿠아 오아시스 토너' 사용 후기예요. 수분감이 오래가서 좋아요. 끈적임이 적어서 좋아요. 재구매 의사 있어요!,"끈적임 적음, 발림성, 가벼움, 수분감",4.5,,,
30,2,아쿠아 오아시스 토너,평범한수달476,수부지,보습,2025.02.17,4,'아쿠아 오아시스 토너' 사용 후기예요. 산뜻하게 발려서 좋아요. 끈적임이 적어서 좋아요. 재구매 의사 있어요!,"산뜻함, 끈적임 적음",4.5,,,
31,3,다이브인 저분자 히알루론산 토너,게으른펭귄880,복합성,보습,2025.12.19,3,발림성이 정말 좋아요. 산뜻하게 발려서 좋아요. 끈적임이 적어서 좋아요. 그냥 무난하게 쓰고 있어요.,"발림성, 산뜻함, 끈적임 적음",4.47,,,
32,3,다이브인 저분자 히알루론산 토너,산뜻한수달81,복합성,보습,2026.04.15,4,가볍게 발려요. 발림성이 정말 좋아요. 산뜻하게 발려서 좋아요. 재구매는 고민중이에요.,"산뜻함, 끈적임 적음, 발림성, 가벼움",4.47,https://drive.google.com/file/d/1D19g1HslvCuhVFBQiR26SLcCWr6YRm-_/view?usp=sharing,,
33,3,다이브인 저분자 히알루론산 토너,부드러운펭귄110,복합성,보습,2025.04.27,5,'다이브인 저분자 히알루론산 토너' 사용 후기예요. 수분감이 오래가서 좋아요. 가볍게 발려요. 만족스러운 소비였어요.,"수분감, 가벼움",4.47,,,
34,3,다이브인 저분자 히알루론산 토너,든든한고슴도치387,복합성,보습,2025.08.30,5,'다이브인 저분자 히알루론산 토너' 사용 후기예요. 산뜻하게 발려서 좋아요. 끈적임이 적어서 좋아요. 가격도 합리적이라 좋았어요.,"수분감, 산뜻함, 가벼움, 끈적임 적음",4.47,,,
35,3,다이브인 저분자 히알루론산 토너,명랑한다람쥐182,수부지,보습,2025.01.06,5,수분감이 오래가서 좋아요. 발림성이 정말 좋아요. 가볍게 발려요.,"발림성, 수분감, 가벼움",4.47,,,
36,3,다이브인 저분자 히알루론산 토너,산뜻한부엉이722,수부지,보습,2025.01.27,4,발림성이 정말 좋아요. 가격도 합리적이라 좋았어요.,"산뜻함, 끈적임 적음, 발림성, 가벼움",4.47,,,
37,3,다이브인 저분자 히알루론산 토너,자유로운하마114,수부지,"보습, 미백/잡티",2025.03.08,5,발림성이 정말 좋아요. 가볍게 발려요.,"가벼움, 발림성, 산뜻함",4.47,,,
38,3,다이브인 저분자 히알루론산 토너,배부른오리447,수부지,보습,2026.07.27,4,'다이브인 저분자 히알루론산 토너' 사용 후기예요. 가볍게 발려요. 끈적임이 적어서 좋아요. 만족스러운 소비였어요.,"가벼움, 끈적임 적음",4.47,,,
39,3,다이브인 저분자 히알루론산 토너,용감한호랑이290,수부지,보습,2026.04.25,4,가볍게 발려요. 산뜻하게 발려서 좋아요. 만족스러운 소비였어요.,"끈적임 적음, 산뜻함, 수분감, 가벼움",4.47,https://drive.google.com/file/d/1xkFf2LRMPHPZDxnwIuFNGfxHJfbuvCNp/view?usp=sharing,https://drive.google.com/file/d/1xkFf2LRMPHPZDxnwIuFNGfxHJfbuvCNp/view?usp=sharing,
40,3,다이브인 저분자 히알루론산 토너,새침한고래972,복합성,보습,2026.01.20,5,끈적임이 적어서 좋아요. 수분감이 오래가서 좋아요. 다음에도 또 살 것 같아요.,"발림성, 끈적임 적음, 수분감",4.47,,,
41,3,다이브인 저분자 히알루론산 토너,부지런한다람쥐678,복합성,보습,2025.10.08,5,수분감이 오래가서 좋아요. 끈적임이 적어서 좋아요.,"산뜻함, 발림성, 수분감, 끈적임 적음, 가벼움",4.47,,,
42,3,다이브인 저분자 히알루론산 토너,든든한수달70,복합성,보습,2026.02.22,5,발림성이 정말 좋아요. 가볍게 발려요. 끈적임이 적어서 좋아요.,"가벼움, 산뜻함, 끈적임 적음, 발림성",4.47,,,
43,3,다이브인 저분자 히알루론산 토너,명랑한사자731,수부지,"보습, 모공",2025.07.12,4,'다이브인 저분자 히알루론산 토너' 사용 후기예요. 산뜻하게 발려서 좋아요. 수분감이 오래가서 좋아요.,"가벼움, 끈적임 적음, 수분감, 산뜻함, 발림성",4.47,,,
44,3,다이브인 저분자 히알루론산 토너,용감한판다680,복합성,보습,2026.07.12,5,끈적임이 적어서 좋아요. 산뜻하게 발려서 좋아요. 추천하고 싶어요.,"가벼움, 수분감, 발림성, 산뜻함, 끈적임 적음",4.47,,,
45,3,다이브인 저분자 히알루론산 토너,평범한앵무새57,수부지,보습,2025.11.20,4,수분감이 오래가서 좋아요. 끈적임이 적어서 좋아요. 재구매 의사 있어요!,"끈적임 적음, 수분감",4.47,https://drive.google.com/file/d/1TTno4GRWUqDa0HT2C4-_sTC2L7O-SxGG/view?usp=sharing,,
46,4,1025 독도 토너,느긋한판다963,지성,"보습, 미백/잡티",2026.06.03,5,'1025 독도 토너' 사용 후기예요. 피부 결이 매끈해지는 느낌이에요. 산뜻하게 발려서 좋아요. 향료가 첨가되지 않았어요. 다음에도 또 살 것 같아요.,"산뜻함, 향료 무첨가, 매끈한 피부결, 발림성",4.7,,,
47,4,1025 독도 토너,귀여운다람쥐692,지성,보습,2026.03.03,5,'1025 독도 토너' 사용 후기예요. 피부 결이 매끈해지는 느낌이에요. 산뜻하게 발려서 좋아요. 만족스러운 소비였어요.,"산뜻함, 향료 무첨가, 매끈한 피부결, 발림성",4.7,,,
48,4,1025 독도 토너,부지런한얼룩말607,지성,보습,2025.11.08,5,'1025 독도 토너' 사용 후기예요. 발림성이 정말 좋아요. 향료가 첨가되지 않았어요. 만족스러운 소비였어요.,"향료 무첨가, 발림성, 매끈한 피부결",4.7,,,
49,4,1025 독도 토너,상냥한고래139,복합성,보습,2025.09.20,3,'1025 독도 토너' 사용 후기예요. 발림성이 정말 좋아요.,"산뜻함, 향료 무첨가, 발림성",4.7,https://drive.google.com/file/d/1rwzTt0PSfcpVUV7SSPPoifGNuDV4iuSj/view?usp=sharing,,
50,4,1025 독도 토너,촉촉한얼룩말95,복합성,보습,2026.04.13,5,'1025 독도 토너' 사용 후기예요. 피부 결이 매끈해지는 느낌이에요. 산뜻하게 발려서 좋아요. 다음에도 또 살 것 같아요.,"발림성, 매끈한 피부결, 산뜻함",4.7,,,
51,4,1025 독도 토너,대담한다람쥐397,지성,보습,2025.07.15,4,산뜻하게 발려서 좋아요. 발림성이 정말 좋아요. 가격도 합리적이라 좋았어요.,"발림성, 산뜻함, 매끈한 피부결, 향료 무첨가",4.7,,,
52,4,1025 독도 토너,부지런한고래705,지성,보습,2026.08.05,5,향료가 첨가되지 않았어요. 가격도 합리적이라 좋았어요.,"매끈한 피부결, 발림성, 향료 무첨가",4.7,,,
53,4,1025 독도 토너,씩씩한하마945,지성,"보습, 민감성",2025.12.14,4,'1025 독도 토너' 사용 후기예요. 산뜻하게 발려서 좋아요. 피부 결이 매끈해지는 느낌이에요. 향료가 첨가되지 않았어요.,"발림성, 매끈한 피부결, 산뜻함, 향료 무첨가",4.7,,,
54,4,1025 독도 토너,느긋한사자481,복합성,보습,2025.07.28,5,'1025 독도 토너' 사용 후기예요. 산뜻하게 발려서 좋아요. 발림성이 정말 좋아요. 다음에도 또 살 것 같아요.,"발림성, 매끈한 피부결, 향료 무첨가, 산뜻함",4.7,,,
55,4,1025 독도 토너,활발한라쿤928,복합성,"보습, 여드름",2025.07.18,5,'1025 독도 토너' 사용 후기예요. 향료가 첨가되지 않았어요. 발림성이 정말 좋아요. 피부 결이 매끈해지는 느낌이에요.,"발림성, 매끈한 피부결, 향료 무첨가",4.7,,,
56,4,1025 독도 토너,부지런한호랑이438,지성,보습,2025.10.24,4,향료가 첨가되지 않았어요. 발림성이 정말 좋아요. 피부 결이 매끈해지는 느낌이에요. 가격도 합리적이라 좋았어요.,"산뜻함, 발림성, 매끈한 피부결, 향료 무첨가",4.7,https://drive.google.com/file/d/1OcJlT0IRl93tn5Vbx6OrO_aTYcMOAoah/view?usp=sharing,,
57,4,1025 독도 토너,씩씩한오리934,복합성,보습,2025.07.16,5,피부 결이 매끈해지는 느낌이에요. 향료가 첨가되지 않았어요. 가격도 합리적이라 좋았어요.,"매끈한 피부결, 향료 무첨가",4.7,,,
58,4,1025 독도 토너,대담한얼룩말489,복합성,"보습, 여드름",2025.02.06,5,'1025 독도 토너' 사용 후기예요. 산뜻하게 발려서 좋아요. 향료가 첨가되지 않았어요. 발림성이 정말 좋아요.,"향료 무첨가, 발림성, 산뜻함",4.7,,,
59,4,1025 독도 토너,귀여운벌새751,복합성,보습,2025.03.06,5,'1025 독도 토너' 사용 후기예요. 산뜻하게 발려서 좋아요. 발림성이 정말 좋아요. 재구매 의사 있어요!,"산뜻함, 발림성",4.7,,,
60,4,1025 독도 토너,활발한고슴도치379,지성,보습,2026.05.03,4,향료가 첨가되지 않았어요. 산뜻하게 발려서 좋아요. 만족스러운 소비였어요.,"향료 무첨가, 산뜻함",4.7,,,
61,4,1025 독도 토너,소심한얼룩말82,복합성,보습,2026.08.16,5,'1025 독도 토너' 사용 후기예요. 향료가 첨가되지 않았어요. 산뜻하게 발려서 좋아요. 발림성이 정말 좋아요. 재구매 의사 있어요!,"향료 무첨가, 산뜻함, 발림성, 매끈한 피부결",4.7,,,
62,4,1025 독도 토너,새침한오리324,복합성,보습,2025.04.11,5,발림성이 정말 좋아요. 피부 결이 매끈해지는 느낌이에요. 다음에도 또 살 것 같아요.,"발림성, 매끈한 피부결, 향료 무첨가",4.7,,,
63,4,1025 독도 토너,게으른사자454,지성,보습,2025.04.13,5,'1025 독도 토너' 사용 후기예요. 발림성이 정말 좋아요. 향료가 첨가되지 않았어요.,"향료 무첨가, 매끈한 피부결, 산뜻함, 발림성",4.7,https://drive.google.com/file/d/1FpZweAEVdvQijtDyCUFRCSlYkAJDV-l2/view?usp=sharing,,
64,4,1025 독도 토너,부지런한고양이237,지성,보습,2026.02.10,5,'1025 독도 토너' 사용 후기예요. 피부 결이 매끈해지는 느낌이에요. 발림성이 정말 좋아요. 가격도 합리적이라 좋았어요.,"발림성, 매끈한 피부결",4.7,,,
65,4,1025 독도 토너,배부른나비212,복합성,보습,2026.01.16,5,'1025 독도 토너' 사용 후기예요. 산뜻하게 발려서 좋아요. 추천하고 싶어요.,"발림성, 산뜻함",4.7,,,
66,5,초저분자 히아루론산 토너,대담한물개483,수부지,보습,2025.10.21,5,'초저분자 히아루론산 토너' 사용 후기예요. 수분감이 오래가서 좋아요. 재구매 의사 있어요!,"빠른 흡수, 수분감, 끈적임 적음",4.26,,,
67,5,초저분자 히아루론산 토너,부지런한앵무새796,수부지,보습,2025.04.01,4,'초저분자 히아루론산 토너' 사용 후기예요. 흡수가 빨라서 좋아요. 가격도 합리적이라 좋았어요.,"끈적임 적음, 수분감, 산뜻함, 가벼움, 빠른 흡수",4.26,,,
68,5,초저분자 히아루론산 토너,용감한토끼3,복합성,없음,2026.06.02,4,가볍게 발려요. 흡수가 빨라서 좋아요. 만족스러운 소비였어요.,"가벼움, 빠른 흡수",4.26,https://drive.google.com/file/d/12k93s9vJTX-DNXLO8K94u38nEEghhUaX/view?usp=sharing,https://drive.google.com/file/d/1Xyf2vNSOeLWT04ZDlfRcm2CxKYIuK7NU/view?usp=sharing,
69,5,초저분자 히아루론산 토너,부지런한여우197,수부지,보습,2026.03.16,5,'초저분자 히아루론산 토너' 사용 후기예요. 흡수가 빨라서 좋아요. 끈적임이 적어서 좋아요. 추천하고 싶어요.,"빠른 흡수, 가벼움, 수분감, 끈적임 적음",4.26,,,
70,5,초저분자 히아루론산 토너,조용한오리760,복합성,보습,2025.08.25,2,'초저분자 히아루론산 토너' 사용 후기예요. 산뜻하게 발려서 좋아요. 수분감이 오래가서 좋아요. 재구매는 안 할 것 같아요.,"산뜻함, 수분감",4.26,,,
71,5,초저분자 히아루론산 토너,행복한토끼882,수부지,보습,2025.10.20,5,가볍게 발려요. 가격도 합리적이라 좋았어요.,"가벼움, 끈적임 적음",4.26,,,
72,5,초저분자 히아루론산 토너,몽글몽글한해달167,수부지,"보습, 민감성",2025.07.31,5,흡수가 빨라서 좋아요. 가볍게 발려요. 끈적임이 적어서 좋아요.,"빠른 흡수, 산뜻함, 끈적임 적음, 가벼움",4.26,,,
73,5,초저분자 히아루론산 토너,귀여운코알라38,복합성,보습,2026.08.05,5,수분감이 오래가서 좋아요. 산뜻하게 발려서 좋아요. 흡수가 빨라서 좋아요. 가격도 합리적이라 좋았어요.,"산뜻함, 가벼움, 수분감, 빠른 흡수",4.26,,,
74,5,초저분자 히아루론산 토너,산뜻한고래638,수부지,보습,2026.04.17,5,'초저분자 히아루론산 토너' 사용 후기예요. 산뜻하게 발려서 좋아요. 재구매 의사 있어요!,"끈적임 적음, 산뜻함, 빠른 흡수, 가벼움, 수분감",4.26,https://drive.google.com/file/d/12T_qi8M_zqHlcFzwpLS6NxC8cxLZbGrX/view?usp=sharing,https://drive.google.com/file/d/1vpXYtZtwmFNsjNh9z2eXQrcbgDqzHAAo/view?usp=sharing,
75,5,초저분자 히아루론산 토너,산뜻한강아지480,수부지,"보습, 민감성",2025.06.26,5,흡수가 빨라서 좋아요. 끈적임이 적어서 좋아요. 가볍게 발려요.,"가벼움, 끈적임 적음, 빠른 흡수",4.26,,,
76,5,초저분자 히아루론산 토너,엉뚱한고래132,복합성,보습,2025.09.14,4,'초저분자 히아루론산 토너' 사용 후기예요. 흡수가 빨라서 좋아요. 수분감이 오래가서 좋아요.,"빠른 흡수, 수분감, 끈적임 적음",4.26,,,
77,5,초저분자 히아루론산 토너,촉촉한물개509,수부지,보습,2025.07.23,5,'초저분자 히아루론산 토너' 사용 후기예요. 산뜻하게 발려서 좋아요.,"수분감, 빠른 흡수, 끈적임 적음, 산뜻함",4.26,,,
78,5,초저분자 히아루론산 토너,조용한펭귄228,수부지,보습,2026.09.14,2,끈적임이 적어서 좋아요. 재구매는 안 할 것 같아요.,"끈적임 적음, 수분감",4.26,,,
79,5,초저분자 히아루론산 토너,상큼한고래587,복합성,보습,2026.01.22,5,흡수가 빨라서 좋아요. 가볍게 발려요.,"가벼움, 수분감, 빠른 흡수, 산뜻함",4.26,https://drive.google.com/file/d/1HcNLYC8aDUzOKOEZgav_bh__-tcxJeo_/view?usp=sharing,,
80,5,초저분자 히아루론산 토너,말랑한부엉이649,수부지,보습,2025.10.15,4,흡수가 빨라서 좋아요. 수분감이 오래가서 좋아요. 재구매는 고민중이에요.,"수분감, 가벼움, 빠른 흡수",4.26,,,
81,5,초저분자 히아루론산 토너,말랑한수달73,복합성,보습,2026.08.01,5,흡수가 빨라서 좋아요. 수분감이 오래가서 좋아요. 산뜻하게 발려서 좋아요. 재구매 의사 있어요!,"산뜻함, 빠른 흡수, 가벼움, 수분감",4.26,,,
82,5,초저분자 히아루론산 토너,부지런한부엉이705,복합성,보습,2026.04.24,3,끈적임이 적어서 좋아요. 재구매는 고민중이에요.,"수분감, 끈적임 적음",4.26,,,
83,5,초저분자 히아루론산 토너,행복한얼룩말957,복합성,보습,2026.02.05,5,'초저분자 히아루론산 토너' 사용 후기예요. 수분감이 오래가서 좋아요. 산뜻하게 발려서 좋아요. 다음에도 또 살 것 같아요.,"수분감, 끈적임 적음, 산뜻함, 빠른 흡수, 가벼움",4.26,,,
84,5,초저분자 히아루론산 토너,씩씩한라쿤308,수부지,보습,2025.06.02,5,'초저분자 히아루론산 토너' 사용 후기예요. 끈적임이 적어서 좋아요. 산뜻하게 발려서 좋아요. 만족스러운 소비였어요.,"수분감, 빠른 흡수, 산뜻함, 끈적임 적음",4.26,https://drive.google.com/file/d/1zq3P8qSp08KUqH6fO43gyB7iQJ92euyj/view?usp=sharing,,
85,5,초저분자 히아루론산 토너,엉뚱발랄한앵무새241,복합성,보습,2025.09.06,3,수분감이 오래가서 좋아요. 산뜻하게 발려서 좋아요. 나쁘지 않아요.,"수분감, 끈적임 적음, 산뜻함",4.26,,,
86,5,초저분자 히아루론산 토너,산뜻한여우753,수부지,보습,2025.07.23,2,수분감이 오래가서 좋아요. 흡수가 빨라서 좋아요. 끈적임이 적어서 좋아요.,"끈적임 적음, 산뜻함, 빠른 흡수, 수분감, 가벼움",4.26,,,
87,5,초저분자 히아루론산 토너,게으른수달815,수부지,보습,2025.11.12,5,'초저분자 히아루론산 토너' 사용 후기예요. 수분감이 오래가서 좋아요. 흡수가 빨라서 좋아요. 가볍게 발려요. 추천하고 싶어요.,"빠른 흡수, 가벼움, 수분감",4.26,,,
88,5,초저분자 히아루론산 토너,조용한여우576,수부지,보습,2026.05.26,5,'초저분자 히아루론산 토너' 사용 후기예요. 가볍게 발려요. 끈적임이 적어서 좋아요. 가격도 합리적이라 좋았어요.,"가벼움, 끈적임 적음",4.26,,,
89,6,피치마이크로바이옴 78 피디알엔 토너,익명의하마583,건성,"미백/잡티, 민감성",2026.03.10,5,끈적임이 적어서 좋아요. 가격도 합리적이라 좋았어요.,"쫀쫀함, 빠른 흡수, 끈적임 적음",4.5,,,
90,6,피치마이크로바이옴 78 피디알엔 토너,엉뚱발랄한문어10,수부지,"미백/잡티, 민감성, 보습",2025.03.30,5,'피치마이크로바이옴 78 피디알엔 토너' 사용 후기예요. 끈적임이 적어서 좋아요. 쫀쫀한 텍스처가 마음에 들어요. 추천하고 싶어요.,"끈적임 적음, 쫀쫀함",4.5,,,
91,6,피치마이크로바이옴 78 피디알엔 토너,느긋한고양이527,건성,"보습, 민감성",2025.01.21,5,끈적임이 적어서 좋아요. 흡수가 빨라서 좋아요. 다음에도 또 살 것 같아요.,"끈적임 적음, 빠른 흡수, 수분감, 쫀쫀함",4.5,https://drive.google.com/file/d/1rLSSL3E9r5Uj_mji-CX6ofhIfZpk1qsZ/view?usp=sharing,https://drive.google.com/file/d/1ukvznDgldgwbTxQSTD5C7LRIoztfEbZm/view?usp=sharing,
92,6,피치마이크로바이옴 78 피디알엔 토너,사랑스런수달916,수부지,미백/잡티,2025.03.27,3,수분감이 오래가서 좋아요. 쫀쫀한 텍스처가 마음에 들어요. 그냥 무난하게 쓰고 있어요.,"끈적임 적음, 빠른 흡수, 쫀쫀함, 수분감",4.5,,,
93,6,피치마이크로바이옴 78 피디알엔 토너,느긋한토끼757,건성,"미백/잡티, 민감성",2025.04.19,5,끈적임이 적어서 좋아요. 재구매 의사 있어요!,"수분감, 끈적임 적음, 빠른 흡수, 쫀쫀함",4.5,,,
94,6,피치마이크로바이옴 78 피디알엔 토너,몽글몽글한얼룩말957,수부지,보습,2025.09.04,3,끈적임이 적어서 좋아요. 수분감이 오래가서 좋아요. 나쁘지 않아요.,"끈적임 적음, 수분감, 쫀쫀함, 빠른 흡수",4.5,,,
95,6,피치마이크로바이옴 78 피디알엔 토너,새침한나비314,수부지,미백/잡티,2025.10.01,4,'피치마이크로바이옴 78 피디알엔 토너' 사용 후기예요. 흡수가 빨라서 좋아요. 쫀쫀한 텍스처가 마음에 들어요.,"쫀쫀함, 빠른 흡수, 수분감",4.5,,,
96,6,피치마이크로바이옴 78 피디알엔 토너,몽글몽글한기린532,수부지,미백/잡티,2025.01.30,5,수분감이 오래가서 좋아요. 끈적임이 적어서 좋아요. 쫀쫀한 텍스처가 마음에 들어요. 만족스러운 소비였어요.,"끈적임 적음, 빠른 흡수, 쫀쫀함, 수분감",4.5,,,
97,6,피치마이크로바이옴 78 피디알엔 토너,느긋한거북이455,건성,민감성,2025.11.06,4,'피치마이크로바이옴 78 피디알엔 토너' 사용 후기예요. 흡수가 빨라서 좋아요. 수분감이 오래가서 좋아요. 재구매는 고민중이에요.,"빠른 흡수, 수분감",4.5,https://drive.google.com/file/d/1-OQR2okAbv1t8GBBknKTTsagR3NRAboC/view?usp=sharing,,
98,6,피치마이크로바이옴 78 피디알엔 토너,게으른하마11,수부지,"민감성, 보습, 미백/잡티",2025.01.24,5,흡수가 빨라서 좋아요. 쫀쫀한 텍스처가 마음에 들어요.,"쫀쫀함, 수분감, 빠른 흡수, 끈적임 적음",4.5,,,
99,6,피치마이크로바이옴 78 피디알엔 토너,명랑한강아지242,수부지,"보습, 미백/잡티",2025.08.14,5,'피치마이크로바이옴 78 피디알엔 토너' 사용 후기예요. 쫀쫀한 텍스처가 마음에 들어요. 수분감이 오래가서 좋아요. 가격도 합리적이라 좋았어요.,"쫀쫀함, 끈적임 적음, 빠른 흡수, 수분감",4.5,,,
100,6,피치마이크로바이옴 78 피디알엔 토너,몽글몽글한두더지571,수부지,보습,2025.03.08,4,'피치마이크로바이옴 78 피디알엔 토너' 사용 후기예요. 흡수가 빨라서 좋아요. 만족스러운 소비였어요.,"빠른 흡수, 수분감, 쫀쫀함",4.5,,,
101,6,피치마이크로바이옴 78 피디알엔 토너,조용한물개421,수부지,보습,2026.01.03,5,'피치마이크로바이옴 78 피디알엔 토너' 사용 후기예요. 흡수가 빨라서 좋아요. 추천하고 싶어요.,"끈적임 적음, 쫀쫀함, 빠른 흡수",4.5,https://drive.google.com/file/d/1Vt1GQNTjNaU-ohHe38oURJGq8yihh3Wz/view?usp=sharing,https://drive.google.com/file/d/1mKACF91c_n8DB4KNStTreMRkHNtsw9sS/view?usp=sharing,
102,6,피치마이크로바이옴 78 피디알엔 토너,몽글몽글한토끼583,건성,"미백/잡티, 민감성, 보습",2025.06.14,5,흡수가 빨라서 좋아요.,"수분감, 빠른 흡수, 끈적임 적음",4.5,,,
103,6,피치마이크로바이옴 78 피디알엔 토너,배부른고양이528,건성,"미백/잡티, 보습, 민감성",2026.06.21,5,'피치마이크로바이옴 78 피디알엔 토너' 사용 후기예요. 쫀쫀한 텍스처가 마음에 들어요. 수분감이 오래가서 좋아요.,"끈적임 적음, 빠른 흡수, 쫀쫀함, 수분감",4.5,,,
104,6,피치마이크로바이옴 78 피디알엔 토너,부지런한강아지858,건성,미백/잡티,2025.06.06,4,'피치마이크로바이옴 78 피디알엔 토너' 사용 후기예요. 끈적임이 적어서 좋아요. 수분감이 오래가서 좋아요. 흡수가 빨라서 좋아요. 재구매는 고민중이에요.,"빠른 흡수, 끈적임 적음, 수분감",4.5,,,
105,6,피치마이크로바이옴 78 피디알엔 토너,말랑한오리687,건성,"보습, 미백/잡티",2025.01.06,5,수분감이 오래가서 좋아요. 쫀쫀한 텍스처가 마음에 들어요. 재구매 의사 있어요!,"수분감, 쫀쫀함",4.5,,,
106,6,피치마이크로바이옴 78 피디알엔 토너,자유로운하마516,수부지,보습,2025.04.23,3,'피치마이크로바이옴 78 피디알엔 토너' 사용 후기예요. 흡수가 빨라서 좋아요. 쫀쫀한 텍스처가 마음에 들어요. 수분감이 오래가서 좋아요.,"수분감, 쫀쫀함, 빠른 흡수",4.5,,,
107,6,피치마이크로바이옴 78 피디알엔 토너,행복한해달118,수부지,없음,2026.09.06,5,쫀쫀한 텍스처가 마음에 들어요. 만족스러운 소비였어요.,"끈적임 적음, 쫀쫀함, 빠른 흡수, 수분감",4.5,,,
108,6,피치마이크로바이옴 78 피디알엔 토너,몽글몽글한다람쥐367,건성,"민감성, 미백/잡티",2025.09.09,4,'피치마이크로바이옴 78 피디알엔 토너' 사용 후기예요. 끈적임이 적어서 좋아요. 수분감이 오래가서 좋아요. 흡수가 빨라서 좋아요. 가격도 합리적이라 좋았어요.,"수분감, 끈적임 적음, 빠른 흡수",4.5,,,
109,6,피치마이크로바이옴 78 피디알엔 토너,몽글몽글한해달867,수부지,"민감성, 보습",2025.12.20,5,끈적임이 적어서 좋아요. 만족스러운 소비였어요.,"수분감, 끈적임 적음",4.5,,,
110,6,피치마이크로바이옴 78 피디알엔 토너,상큼한곰돌이500,수부지,없음,2026.07.21,5,'피치마이크로바이옴 78 피디알엔 토너' 사용 후기예요. 흡수가 빨라서 좋아요. 쫀쫀한 텍스처가 마음에 들어요. 수분감이 오래가서 좋아요. 다음에도 또 살 것 같아요.,"수분감, 빠른 흡수, 끈적임 적음, 쫀쫀함",4.5,https://drive.google.com/file/d/1Y0VpjoYjM9lkUqqu_57ZOp5oIYEPVJIg/view?usp=sharing,,
111,7,무알콜 뮤신 에센스 토너,촉촉한펭귄511,건성,보습,2025.02.25,4,끈적임이 적어서 좋아요. 가격도 합리적이라 좋았어요.,"향료 무첨가, 수분감, 빠른 흡수, 끈적임 적음",4.26,,,
112,7,무알콜 뮤신 에센스 토너,활발한앵무새780,복합성,"민감성, 보습",2025.03.15,4,'무알콜 뮤신 에센스 토너' 사용 후기예요. 향료가 첨가되지 않았어요. 흡수가 빨라서 좋아요. 쫀쫀한 텍스처가 마음에 들어요. 만족스러운 소비였어요.,"끈적임 적음, 빠른 흡수, 쫀쫀함, 향료 무첨가",4.26,,,
113,7,무알콜 뮤신 에센스 토너,산뜻한토끼73,건성,민감성,2025.02.23,5,'무알콜 뮤신 에센스 토너' 사용 후기예요. 쫀쫀한 텍스처가 마음에 들어요.,"빠른 흡수, 쫀쫀함, 끈적임 적음",4.26,https://drive.google.com/file/d/1xkFf2LRMPHPZDxnwIuFNGfxHJfbuvCNp/view?usp=sharing,,
114,7,무알콜 뮤신 에센스 토너,소심한물개10,건성,"민감성, 보습",2025.04.21,5,'무알콜 뮤신 에센스 토너' 사용 후기예요. 향료가 첨가되지 않았어요. 쫀쫀한 텍스처가 마음에 들어요.,"빠른 흡수, 수분감, 쫀쫀함, 향료 무첨가, 끈적임 적음",4.26,,,
115,7,무알콜 뮤신 에센스 토너,느긋한오리870,복합성,"민감성, 보습",2025.01.16,1,쫀쫀한 텍스처가 마음에 들어요.,"쫀쫀함, 끈적임 적음",4.26,,,
116,7,무알콜 뮤신 에센스 토너,느긋한알파카597,건성,보습,2025.04.20,5,'무알콜 뮤신 에센스 토너' 사용 후기예요. 끈적임이 적어서 좋아요. 쫀쫀한 텍스처가 마음에 들어요. 다음에도 또 살 것 같아요.,"향료 무첨가, 끈적임 적음, 쫀쫀함, 빠른 흡수",4.26,,,
117,7,무알콜 뮤신 에센스 토너,말랑한알파카198,복합성,보습,2026.05.26,5,'무알콜 뮤신 에센스 토너' 사용 후기예요. 쫀쫀한 텍스처가 마음에 들어요. 끈적임이 적어서 좋아요.,"끈적임 적음, 쫀쫀함, 향료 무첨가",4.26,,,
118,7,무알콜 뮤신 에센스 토너,부드러운나비807,건성,"보습, 민감성",2026.05.21,5,쫀쫀한 텍스처가 마음에 들어요. 흡수가 빨라서 좋아요. 추천하고 싶어요.,"쫀쫀함, 빠른 흡수, 수분감, 끈적임 적음",4.26,,,
119,7,무알콜 뮤신 에센스 토너,대담한거북이408,건성,민감성,2026.01.13,5,끈적임이 적어서 좋아요. 흡수가 빨라서 좋아요. 추천하고 싶어요.,"빠른 흡수, 끈적임 적음",4.26,,,
120,7,무알콜 뮤신 에센스 토너,행복한강아지586,복합성,민감성,2025.01.20,3,끈적임이 적어서 좋아요. 쫀쫀한 텍스처가 마음에 들어요.,"끈적임 적음, 수분감, 쫀쫀함",4.26,https://drive.google.com/file/d/1TTno4GRWUqDa0HT2C4-_sTC2L7O-SxGG/view?usp=sharing,https://drive.google.com/file/d/1OcJlT0IRl93tn5Vbx6OrO_aTYcMOAoah/view?usp=sharing,
121,7,무알콜 뮤신 에센스 토너,조용한호랑이190,복합성,"민감성, 보습, 여드름",2025.09.11,5,'무알콜 뮤신 에센스 토너' 사용 후기예요. 수분감이 오래가서 좋아요.,"빠른 흡수, 수분감",4.26,,,
122,7,무알콜 뮤신 에센스 토너,익명의나비451,건성,"민감성, 보습, 모공",2025.03.14,4,'무알콜 뮤신 에센스 토너' 사용 후기예요. 향료가 첨가되지 않았어요.,"향료 무첨가, 빠른 흡수, 쫀쫀함",4.26,,,
123,7,무알콜 뮤신 에센스 토너,부지런한고양이217,건성,"보습, 민감성",2025.03.02,4,'무알콜 뮤신 에센스 토너' 사용 후기예요. 끈적임이 적어서 좋아요. 수분감이 오래가서 좋아요. 재구매는 고민중이에요.,"끈적임 적음, 수분감",4.26,,,
124,7,무알콜 뮤신 에센스 토너,배부른토끼935,복합성,보습,2025.10.01,3,수분감이 오래가서 좋아요. 그냥 무난하게 쓰고 있어요.,"수분감, 빠른 흡수",4.26,,,
125,7,무알콜 뮤신 에센스 토너,용감한코알라709,복합성,"보습, 민감성",2026.03.22,4,'무알콜 뮤신 에센스 토너' 사용 후기예요. 흡수가 빨라서 좋아요. 끈적임이 적어서 좋아요. 향료가 첨가되지 않았어요. 재구매는 고민중이에요.,"쫀쫀함, 향료 무첨가, 끈적임 적음, 빠른 흡수",4.26,,,
126,7,무알콜 뮤신 에센스 토너,조용한나비572,건성,"보습, 민감성",2025.06.13,5,쫀쫀한 텍스처가 마음에 들어요. 끈적임이 적어서 좋아요. 재구매 의사 있어요!,"쫀쫀함, 끈적임 적음, 수분감",4.26,,,
127,7,무알콜 뮤신 에센스 토너,행복한곰돌이821,건성,"민감성, 보습",2025.04.13,4,수분감이 오래가서 좋아요.,"쫀쫀함, 수분감, 빠른 흡수",4.26,https://drive.google.com/file/d/1auWw5VFFK5FIxj4dmVMMqQAXoeaBgj6R/view?usp=sharing,,
128,7,무알콜 뮤신 에센스 토너,부지런한여우853,복합성,보습,2026.08.11,5,쫀쫀한 텍스처가 마음에 들어요. 가격도 합리적이라 좋았어요.,"쫀쫀함, 향료 무첨가, 수분감",4.26,,,
129,7,무알콜 뮤신 에센스 토너,사랑스런고래223,건성,"민감성, 보습",2026.05.25,5,'무알콜 뮤신 에센스 토너' 사용 후기예요. 향료가 첨가되지 않았어요. 수분감이 오래가서 좋아요. 흡수가 빨라서 좋아요. 재구매 의사 있어요!,"빠른 흡수, 끈적임 적음, 수분감, 쫀쫀함, 향료 무첨가",4.26,,,
130,8,어성초 77 수딩 토너,몽글몽글한사자720,지성,보습,2025.03.26,2,'어성초 77 수딩 토너' 사용 후기예요. 저자극이라 편하게 쓸 수 있었어요. 수분감이 오래가서 좋아요. 재구매는 안 할 것 같아요.,"저자극, 수분감",4.35,,,
131,8,어성초 77 수딩 토너,느긋한라쿤409,지성,민감성,2026.05.13,4,'어성초 77 수딩 토너' 사용 후기예요. 저자극이라 편하게 쓸 수 있었어요. 재구매 의사 있어요!,"저자극, 수분감",4.35,https://drive.google.com/file/d/1dtzNv-7uAi8cTrO-EJ02I5HJmn4vr6Gb/view?usp=sharing,,
132,8,어성초 77 수딩 토너,게으른곰돌이43,지성,"민감성, 보습",2026.02.19,5,흡수가 빨라서 좋아요. 만족스러운 소비였어요.,"저자극, 빠른 흡수",4.35,,,
133,8,어성초 77 수딩 토너,상큼한물개390,지성,보습,2026.08.10,4,가볍게 발려요. 저자극이라 편하게 쓸 수 있었어요. 끈적임이 적어서 좋아요.,"가벼움, 끈적임 적음, 저자극",4.35,,,
134,8,어성초 77 수딩 토너,소심한문어640,복합성,"민감성, 보습",2025.04.16,3,'어성초 77 수딩 토너' 사용 후기예요. 가볍게 발려요. 나쁘지 않아요.,"가벼움, 저자극, 수분감",4.35,,,
135,8,어성초 77 수딩 토너,대담한사자911,지성,"민감성, 보습",2026.08.31,5,'어성초 77 수딩 토너' 사용 후기예요. 가볍게 발려요. 수분감이 오래가서 좋아요.,"가벼움, 저자극, 빠른 흡수, 수분감",4.35,,,
136,8,어성초 77 수딩 토너,부드러운부엉이261,복합성,민감성,2026.08.24,5,저자극이라 편하게 쓸 수 있었어요. 가볍게 발려요. 재구매 의사 있어요!,"수분감, 저자극, 끈적임 적음, 빠른 흡수, 가벼움",4.35,,,
137,8,어성초 77 수딩 토너,상큼한물개511,지성,"보습, 민감성",2026.08.23,2,'어성초 77 수딩 토너' 사용 후기예요. 수분감이 오래가서 좋아요. 흡수가 빨라서 좋아요. 기대만큼은 아니었어요.,"빠른 흡수, 수분감, 저자극",4.35,,,
138,8,어성초 77 수딩 토너,새침한강아지77,복합성,"민감성, 보습",2025.06.17,5,가볍게 발려요. 흡수가 빨라서 좋아요. 저자극이라 편하게 쓸 수 있었어요. 만족스러운 소비였어요.,"빠른 흡수, 가벼움, 저자극, 수분감",4.35,https://drive.google.com/file/d/1FpZweAEVdvQijtDyCUFRCSlYkAJDV-l2/view?usp=sharing,https://drive.google.com/file/d/1FpZweAEVdvQijtDyCUFRCSlYkAJDV-l2/view?usp=sharing,
139,8,어성초 77 수딩 토너,잠많은코알라900,복합성,없음,2026.07.10,4,'어성초 77 수딩 토너' 사용 후기예요. 가볍게 발려요. 흡수가 빨라서 좋아요. 재구매는 고민중이에요.,"끈적임 적음, 가벼움, 수분감, 저자극, 빠른 흡수",4.35,,,
140,8,어성초 77 수딩 토너,산뜻한문어941,복합성,"민감성, 보습",2025.09.14,5,'어성초 77 수딩 토너' 사용 후기예요. 흡수가 빨라서 좋아요. 저자극이라 편하게 쓸 수 있었어요.,"빠른 흡수, 저자극",4.35,,,
141,8,어성초 77 수딩 토너,상큼한기린452,지성,"보습, 민감성, 피지/블랙헤드",2025.01.08,5,'어성초 77 수딩 토너' 사용 후기예요. 수분감이 오래가서 좋아요. 다음에도 또 살 것 같아요.,"수분감, 저자극",4.35,,,
142,8,어성초 77 수딩 토너,배부른사자418,복합성,보습,2026.02.06,5,'어성초 77 수딩 토너' 사용 후기예요. 수분감이 오래가서 좋아요. 가볍게 발려요. 끈적임이 적어서 좋아요. 가격도 합리적이라 좋았어요.,"끈적임 적음, 가벼움, 저자극, 수분감",4.35,,,
143,8,어성초 77 수딩 토너,엉뚱한하마596,지성,없음,2025.07.17,5,가볍게 발려요. 수분감이 오래가서 좋아요. 만족스러운 소비였어요.,"가벼움, 저자극, 수분감",4.35,,,
144,8,어성초 77 수딩 토너,활발한여우227,지성,"민감성, 보습",2025.12.19,5,수분감이 오래가서 좋아요. 저자극이라 편하게 쓸 수 있었어요. 추천하고 싶어요.,"저자극, 수분감, 끈적임 적음",4.35,,,
145,8,어성초 77 수딩 토너,잠많은고양이840,지성,"보습, 민감성",2025.08.16,5,끈적임이 적어서 좋아요. 수분감이 오래가서 좋아요. 다음에도 또 살 것 같아요.,"저자극, 수분감, 끈적임 적음, 가벼움, 빠른 흡수",4.35,,,
146,8,어성초 77 수딩 토너,평범한토끼809,복합성,"민감성, 보습",2025.03.22,5,가볍게 발려요. 가격도 합리적이라 좋았어요.,"저자극, 빠른 흡수, 수분감, 가벼움, 끈적임 적음",4.35,,,
147,9,올리고 히알루론산 딥 토너,대담한오리151,복합성,보습,2026.06.29,5,'올리고 히알루론산 딥 토너' 사용 후기예요. 끈적임이 적어서 좋아요. 흡수가 빨라서 좋아요. 다음에도 또 살 것 같아요.,"수분감, 저자극, 끈적임 적음, 빠른 흡수",4,,,
148,9,올리고 히알루론산 딥 토너,평범한부엉이540,복합성,보습,2026.04.24,5,'올리고 히알루론산 딥 토너' 사용 후기예요. 끈적임이 적어서 좋아요. 가볍게 발려요. 재구매 의사 있어요!,"끈적임 적음, 가벼움",4,,,
149,9,올리고 히알루론산 딥 토너,부지런한하마172,수부지,보습,2025.01.25,4,'올리고 히알루론산 딥 토너' 사용 후기예요. 흡수가 빨라서 좋아요. 재구매 의사 있어요!,"저자극, 수분감, 가벼움, 빠른 흡수",4,,,
150,9,올리고 히알루론산 딥 토너,촉촉한강아지339,복합성,보습,2025.11.06,3,수분감이 오래가서 좋아요. 재구매는 고민중이에요.,"수분감, 빠른 흡수",4,https://drive.google.com/file/d/1zq3P8qSp08KUqH6fO43gyB7iQJ92euyj/view?usp=sharing,https://drive.google.com/file/d/1rLSSL3E9r5Uj_mji-CX6ofhIfZpk1qsZ/view?usp=sharing,https://drive.google.com/file/d/1zq3P8qSp08KUqH6fO43gyB7iQJ92euyj/view?usp=sharing
151,9,올리고 히알루론산 딥 토너,평범한사자863,수부지,없음,2026.06.06,4,흡수가 빨라서 좋아요. 수분감이 오래가서 좋아요. 재구매 의사 있어요!,"수분감, 끈적임 적음, 빠른 흡수, 저자극",4,,,
152,9,올리고 히알루론산 딥 토너,용감한호랑이145,복합성,보습,2026.08.16,4,'올리고 히알루론산 딥 토너' 사용 후기예요. 흡수가 빨라서 좋아요. 재구매 의사 있어요!,"저자극, 빠른 흡수",4,,,
153,9,올리고 히알루론산 딥 토너,용감한벌새38,복합성,보습,2025.11.09,5,저자극이라 편하게 쓸 수 있었어요. 끈적임이 적어서 좋아요. 가볍게 발려요. 다음에도 또 살 것 같아요.,"끈적임 적음, 저자극, 가벼움, 빠른 흡수",4,,,
154,9,올리고 히알루론산 딥 토너,대담한문어24,수부지,보습,2026.09.13,2,'올리고 히알루론산 딥 토너' 사용 후기예요. 끈적임이 적어서 좋아요. 가볍게 발려요. 수분감이 오래가서 좋아요. 재구매는 안 할 것 같아요.,"끈적임 적음, 수분감, 가벼움",4,,,
155,9,올리고 히알루론산 딥 토너,조용한사자776,복합성,없음,2026.03.02,3,'올리고 히알루론산 딥 토너' 사용 후기예요. 저자극이라 편하게 쓸 수 있었어요. 흡수가 빨라서 좋아요. 가볍게 발려요. 나쁘지 않아요.,"빠른 흡수, 가벼움, 수분감, 저자극",4,,,
156,9,올리고 히알루론산 딥 토너,귀여운벌새545,수부지,보습,2026.05.16,5,'올리고 히알루론산 딥 토너' 사용 후기예요. 저자극이라 편하게 쓸 수 있었어요.,"빠른 흡수, 저자극, 수분감, 끈적임 적음, 가벼움",4,,,
157,9,올리고 히알루론산 딥 토너,반짝이는펭귄606,복합성,보습,2025.05.30,5,저자극이라 편하게 쓸 수 있었어요.,"끈적임 적음, 가벼움, 저자극, 수분감, 빠른 흡수",4,,,
158,9,올리고 히알루론산 딥 토너,익명의곰돌이7,수부지,보습,2025.04.25,5,'올리고 히알루론산 딥 토너' 사용 후기예요. 저자극이라 편하게 쓸 수 있었어요. 끈적임이 적어서 좋아요. 가볍게 발려요. 추천하고 싶어요.,"저자극, 가벼움, 끈적임 적음, 빠른 흡수, 수분감",4,,,
159,9,올리고 히알루론산 딥 토너,활발한고슴도치663,복합성,보습,2026.02.26,1,'올리고 히알루론산 딥 토너' 사용 후기예요. 끈적임이 적어서 좋아요. 흡수가 빨라서 좋아요. 가볍게 발려요. 재구매 의사는 없어요.,"끈적임 적음, 가벼움, 빠른 흡수, 수분감",4,,,
160,9,올리고 히알루론산 딥 토너,부지런한하마758,복합성,보습,2025.07.12,5,가볍게 발려요. 끈적임이 적어서 좋아요. 재구매 의사 있어요!,"수분감, 가벼움, 끈적임 적음, 빠른 흡수, 저자극",4,https://drive.google.com/file/d/1bocHCItpJLBX1ahcps1WYzqFz_wvlbZk/view?usp=sharing,,
161,9,올리고 히알루론산 딥 토너,조용한기린94,복합성,보습,2025.02.24,3,수분감이 오래가서 좋아요. 끈적임이 적어서 좋아요. 그냥 무난하게 쓰고 있어요.,"수분감, 끈적임 적음",4,,,
162,9,올리고 히알루론산 딥 토너,든든한고슴도치950,수부지,보습,2025.10.20,5,가볍게 발려요. 흡수가 빨라서 좋아요. 재구매 의사 있어요!,"빠른 흡수, 가벼움, 끈적임 적음",4,,,
163,10,판테놀 베리어 토너,느긋한부엉이691,건성,"탄력/주름, 보습, 민감성",2026.03.25,5,'판테놀 베리어 토너' 사용 후기예요. 끈적임이 적어서 좋아요. 흡수가 빨라서 좋아요.,"가벼움, 끈적임 적음, 빠른 흡수",4.21,,,
164,10,판테놀 베리어 토너,새침한고래605,건성,"탄력/주름, 민감성",2025.04.29,4,끈적임이 적어서 좋아요. 가볍게 발려요. 흡수가 빨라서 좋아요. 재구매 의사 있어요!,"끈적임 적음, 빠른 흡수, 수분감, 가벼움",4.21,,,
165,10,판테놀 베리어 토너,산뜻한병아리101,건성,보습,2025.12.10,5,'판테놀 베리어 토너' 사용 후기예요. 수분감이 오래가서 좋아요. 끈적임이 적어서 좋아요. 가격도 합리적이라 좋았어요.,"수분감, 쫀쫀함, 빠른 흡수, 끈적임 적음, 가벼움",4.21,,,
166,10,판테놀 베리어 토너,엉뚱발랄한코알라431,건성,"탄력/주름, 보습",2026.08.24,4,'판테놀 베리어 토너' 사용 후기예요. 끈적임이 적어서 좋아요. 수분감이 오래가서 좋아요. 재구매 의사 있어요!,"수분감, 쫀쫀함, 끈적임 적음",4.21,https://drive.google.com/file/d/1ukvznDgldgwbTxQSTD5C7LRIoztfEbZm/view?usp=sharing,https://drive.google.com/file/d/1ukvznDgldgwbTxQSTD5C7LRIoztfEbZm/view?usp=sharing,
167,10,판테놀 베리어 토너,평범한부엉이656,복합성,"보습, 미백/잡티, 여드름",2025.02.06,4,흡수가 빨라서 좋아요.,"가벼움, 빠른 흡수",4.21,,,
168,10,판테놀 베리어 토너,명랑한판다236,건성,"보습, 민감성",2025.09.17,5,끈적임이 적어서 좋아요. 수분감이 오래가서 좋아요. 추천하고 싶어요.,"수분감, 가벼움, 끈적임 적음, 쫀쫀함, 빠른 흡수",4.21,,,
169,10,판테놀 베리어 토너,엉뚱발랄한문어803,복합성,보습,2025.07.04,5,가볍게 발려요.,"쫀쫀함, 가벼움, 빠른 흡수, 수분감, 끈적임 적음",4.21,,,
170,10,판테놀 베리어 토너,말랑한벌새807,건성,탄력/주름,2026.09.09,4,쫀쫀한 텍스처가 마음에 들어요. 재구매는 고민중이에요.,"쫀쫀함, 수분감, 가벼움, 끈적임 적음",4.21,,,
171,10,판테놀 베리어 토너,대담한코알라792,건성,탄력/주름,2025.01.11,5,쫀쫀한 텍스처가 마음에 들어요. 가볍게 발려요.,"쫀쫀함, 가벼움",4.21,,,
172,10,판테놀 베리어 토너,부드러운두더지591,건성,"보습, 미백/잡티",2026.08.30,2,흡수가 빨라서 좋아요. 쫀쫀한 텍스처가 마음에 들어요. 기대만큼은 아니었어요.,"빠른 흡수, 쫀쫀함",4.21,,,
173,10,판테놀 베리어 토너,엉뚱한곰돌이831,복합성,"보습, 미백/잡티",2025.03.13,5,'판테놀 베리어 토너' 사용 후기예요. 끈적임이 적어서 좋아요. 수분감이 오래가서 좋아요. 가볍게 발려요. 추천하고 싶어요.,"가벼움, 수분감, 끈적임 적음",4.21,,,
174,10,판테놀 베리어 토너,행복한토끼792,건성,탄력/주름,2026.05.05,3,'판테놀 베리어 토너' 사용 후기예요. 가볍게 발려요. 수분감이 오래가서 좋아요. 나쁘지 않아요.,"수분감, 가벼움, 끈적임 적음, 쫀쫀함",4.21,https://drive.google.com/file/d/1Vt1GQNTjNaU-ohHe38oURJGq8yihh3Wz/view?usp=sharing,,
175,10,판테놀 베리어 토너,익명의여우750,복합성,"탄력/주름, 보습",2026.02.26,3,끈적임이 적어서 좋아요.,"수분감, 끈적임 적음, 쫀쫀함",4.21,https://drive.google.com/file/d/1mKACF91c_n8DB4KNStTreMRkHNtsw9sS/view?usp=sharing,,
176,10,판테놀 베리어 토너,사랑스런다람쥐636,건성,"보습, 미백/잡티",2026.05.03,4,'판테놀 베리어 토너' 사용 후기예요. 가볍게 발려요. 수분감이 오래가서 좋아요. 만족스러운 소비였어요.,"수분감, 가벼움",4.21,,,
177,10,판테놀 베리어 토너,씩씩한고래653,건성,민감성,2025.11.08,5,'판테놀 베리어 토너' 사용 후기예요. 가볍게 발려요. 수분감이 오래가서 좋아요. 추천하고 싶어요.,"쫀쫀함, 수분감, 가벼움",4.21,,,
178,10,판테놀 베리어 토너,용감한고양이880,복합성,미백/잡티,2025.07.29,4,끈적임이 적어서 좋아요. 흡수가 빨라서 좋아요. 재구매는 고민중이에요.,"빠른 흡수, 끈적임 적음",4.21,,,
179,10,판테놀 베리어 토너,반짝이는라쿤415,건성,탄력/주름,2025.12.11,4,쫀쫀한 텍스처가 마음에 들어요. 재구매는 고민중이에요.,"가벼움, 쫀쫀함",4.21,,,
180,10,판테놀 베리어 토너,부드러운토끼679,복합성,"미백/잡티, 민감성",2025.04.20,5,'판테놀 베리어 토너' 사용 후기예요. 가볍게 발려요. 다음에도 또 살 것 같아요.,"쫀쫀함, 수분감, 가벼움",4.21,,,
181,10,판테놀 베리어 토너,행복한강아지735,복합성,"민감성, 보습",2026.04.10,4,가볍게 발려요. 수분감이 오래가서 좋아요. 가격도 합리적이라 좋았어요.,"수분감, 쫀쫀함, 가벼움",4.21,,,
182,10,판테놀 베리어 토너,느긋한펭귄245,복합성,민감성,2025.06.26,5,'판테놀 베리어 토너' 사용 후기예요. 끈적임이 적어서 좋아요. 흡수가 빨라서 좋아요. 쫀쫀한 텍스처가 마음에 들어요. 다음에도 또 살 것 같아요.,"빠른 흡수, 쫀쫀함, 가벼움, 끈적임 적음, 수분감",4.21,https://drive.google.com/file/d/1DAdk2IIV-Vr9HsuSxFFLrYMGEfS60CT_/view?usp=sharing,,
183,10,판테놀 베리어 토너,느긋한하마980,건성,"보습, 탄력/주름, 미백/잡티",2026.01.02,4,'판테놀 베리어 토너' 사용 후기예요. 수분감이 오래가서 좋아요. 끈적임이 적어서 좋아요. 흡수가 빨라서 좋아요.,"수분감, 끈적임 적음, 빠른 흡수",4.21,,,
184,10,판테놀 베리어 토너,소심한라쿤322,복합성,"민감성, 탄력/주름, 보습",2025.09.17,3,'판테놀 베리어 토너' 사용 후기예요. 수분감이 오래가서 좋아요. 재구매는 고민중이에요.,"수분감, 가벼움, 끈적임 적음",4.21,,,
185,10,판테놀 베리어 토너,명랑한토끼240,복합성,민감성,2026.08.11,5,'판테놀 베리어 토너' 사용 후기예요. 수분감이 오래가서 좋아요. 가볍게 발려요. 재구매 의사 있어요!,"가벼움, 빠른 흡수, 쫀쫀함, 수분감, 끈적임 적음",4.21,,,
186,10,판테놀 베리어 토너,잠많은코알라71,복합성,미백/잡티,2025.05.14,5,'판테놀 베리어 토너' 사용 후기예요. 흡수가 빨라서 좋아요. 끈적임이 적어서 좋아요. 만족스러운 소비였어요.,"빠른 흡수, 끈적임 적음",4.21,,,
187,10,판테놀 베리어 토너,새침한고양이909,건성,"미백/잡티, 탄력/주름, 여드름",2025.04.13,0,'판테놀 베리어 토너' 사용 후기예요. 쫀쫀한 텍스처가 마음에 들어요. 끈적임이 적어서 좋아요.,"쫀쫀함, 끈적임 적음",4.21,,,
188,10,판테놀 베리어 토너,몽글몽글한앵무새932,복합성,"탄력/주름, 보습",2025.01.21,5,'판테놀 베리어 토너' 사용 후기예요. 가볍게 발려요. 흡수가 빨라서 좋아요.,"빠른 흡수, 가벼움, 쫀쫀함, 끈적임 적음, 수분감",4.21,,,
189,10,판테놀 베리어 토너,든든한알파카644,건성,"탄력/주름, 보습, 미백/잡티",2026.02.13,5,'판테놀 베리어 토너' 사용 후기예요. 가볍게 발려요. 끈적임이 적어서 좋아요. 흡수가 빨라서 좋아요. 다음에도 또 살 것 같아요.,"빠른 흡수, 끈적임 적음, 수분감, 가벼움, 쫀쫀함",4.21,,,
190,10,판테놀 베리어 토너,자유로운고양이73,복합성,"보습, 미백/잡티, 피지/블랙헤드",2026.07.16,5,'판테놀 베리어 토너' 사용 후기예요. 끈적임이 적어서 좋아요. 흡수가 빨라서 좋아요. 가볍게 발려요. 가격도 합리적이라 좋았어요.,"쫀쫀함, 빠른 흡수, 가벼움, 끈적임 적음, 수분감",4.21,,,
191,10,판테놀 베리어 토너,익명의벌새223,건성,"탄력/주름, 보습",2025.03.11,5,흡수가 빨라서 좋아요. 가볍게 발려요. 만족스러운 소비였어요.,"끈적임 적음, 수분감, 빠른 흡수, 가벼움",4.21,,,
192,11,나인 토너,대담한해달132,지성,민감성,2025.04.14,5,수분감이 오래가서 좋아요. 저자극이라 편하게 쓸 수 있었어요. 재구매 의사 있어요!,"빠른 흡수, 수분감, 저자극, 끈적임 적음",4.3,,,
193,11,나인 토너,말랑한기린133,지성,민감성,2026.08.05,5,저자극이라 편하게 쓸 수 있었어요. 재구매 의사 있어요!,"저자극, 빠른 흡수, 가벼움, 수분감",4.3,,,
194,11,나인 토너,용감한고래73,지성,"민감성, 보습",2026.03.16,4,가볍게 발려요. 재구매 의사 있어요!,"끈적임 적음, 수분감, 가벼움",4.3,,,
195,11,나인 토너,활발한곰돌이416,복합성,"보습, 민감성",2025.02.23,5,'나인 토너' 사용 후기예요. 끈적임이 적어서 좋아요. 수분감이 오래가서 좋아요. 가볍게 발려요. 다음에도 또 살 것 같아요.,"수분감, 가벼움, 빠른 흡수, 끈적임 적음, 저자극",4.3,,,
196,11,나인 토너,몽글몽글한판다673,복합성,민감성,2025.01.02,5,'나인 토너' 사용 후기예요. 끈적임이 적어서 좋아요.,"저자극, 가벼움, 끈적임 적음, 수분감",4.3,https://drive.google.com/file/d/1A6moq1vGL22CeFVW0CNwnIAN8bVi8q1N/view?usp=sharing,https://drive.google.com/file/d/1dtzNv-7uAi8cTrO-EJ02I5HJmn4vr6Gb/view?usp=sharing,
197,11,나인 토너,반짝이는다람쥐25,복합성,"보습, 민감성",2025.06.27,4,가볍게 발려요. 흡수가 빨라서 좋아요. 저자극이라 편하게 쓸 수 있었어요. 가격도 합리적이라 좋았어요.,"가벼움, 빠른 흡수, 수분감, 저자극, 끈적임 적음",4.3,,,
198,11,나인 토너,명랑한다람쥐168,복합성,"민감성, 보습",2025.01.27,2,'나인 토너' 사용 후기예요. 끈적임이 적어서 좋아요. 수분감이 오래가서 좋아요. 가볍게 발려요. 기대만큼은 아니었어요.,"빠른 흡수, 가벼움, 끈적임 적음, 수분감",4.3,,,
199,11,나인 토너,산뜻한하마337,복합성,"민감성, 보습",2026.08.11,5,'나인 토너' 사용 후기예요. 저자극이라 편하게 쓸 수 있었어요. 추천하고 싶어요.,"가벼움, 저자극, 수분감, 빠른 흡수, 끈적임 적음",4.3,,,
200,11,나인 토너,사랑스런고양이371,지성,"보습, 미백/잡티",2026.04.09,5,'나인 토너' 사용 후기예요. 수분감이 오래가서 좋아요. 저자극이라 편하게 쓸 수 있었어요. 끈적임이 적어서 좋아요. 다음에도 또 살 것 같아요.,"저자극, 수분감, 끈적임 적음",4.3,,,
201,11,나인 토너,소심한앵무새283,지성,"보습, 민감성",2025.01.10,4,흡수가 빨라서 좋아요. 끈적임이 적어서 좋아요. 가격도 합리적이라 좋았어요.,"끈적임 적음, 빠른 흡수",4.3,,,
202,11,나인 토너,말랑한오리861,복합성,없음,2025.01.11,5,'나인 토너' 사용 후기예요. 가볍게 발려요. 추천하고 싶어요.,"가벼움, 저자극",4.3,,,
203,11,나인 토너,명랑한사자749,지성,보습,2026.01.04,4,흡수가 빨라서 좋아요. 가볍게 발려요. 가격도 합리적이라 좋았어요.,"가벼움, 빠른 흡수",4.3,https://drive.google.com/file/d/1FpZweAEVdvQijtDyCUFRCSlYkAJDV-l2/view?usp=sharing,,
204,11,나인 토너,평범한알파카671,복합성,"민감성, 보습",2026.05.27,5,'나인 토너' 사용 후기예요. 수분감이 오래가서 좋아요. 재구매 의사 있어요!,"가벼움, 끈적임 적음, 빠른 흡수, 수분감",4.3,,,
205,11,나인 토너,귀여운강아지522,지성,"민감성, 보습",2026.01.21,5,흡수가 빨라서 좋아요. 끈적임이 적어서 좋아요. 다음에도 또 살 것 같아요.,"저자극, 끈적임 적음, 빠른 흡수",4.3,,,
206,11,나인 토너,엉뚱발랄한알파카105,복합성,보습,2025.01.13,5,'나인 토너' 사용 후기예요. 흡수가 빨라서 좋아요. 추천하고 싶어요.,"수분감, 저자극, 가벼움, 끈적임 적음, 빠른 흡수",4.3,,,
207,11,나인 토너,상냥한강아지754,복합성,"민감성, 보습",2025.04.19,3,끈적임이 적어서 좋아요. 흡수가 빨라서 좋아요. 재구매는 고민중이에요.,"빠른 흡수, 끈적임 적음, 가벼움, 수분감",4.3,,,
208,11,나인 토너,행복한부엉이612,지성,민감성,2026.06.13,5,수분감이 오래가서 좋아요. 가격도 합리적이라 좋았어요.,"끈적임 적음, 수분감, 가벼움, 빠른 흡수",4.3,,,
209,11,나인 토너,말랑한거북이393,복합성,"민감성, 보습",2025.04.09,5,'나인 토너' 사용 후기예요. 끈적임이 적어서 좋아요. 재구매 의사 있어요!,"저자극, 가벼움, 끈적임 적음",4.3,,,
210,11,나인 토너,자유로운토끼668,지성,보습,2026.02.05,4,'나인 토너' 사용 후기예요. 가볍게 발려요.,"빠른 흡수, 저자극, 가벼움, 수분감, 끈적임 적음",4.3,https://drive.google.com/file/d/12k93s9vJTX-DNXLO8K94u38nEEghhUaX/view?usp=sharing,,
211,11,나인 토너,잠많은오리426,지성,민감성,2025.10.15,5,'나인 토너' 사용 후기예요. 가볍게 발려요. 추천하고 싶어요.,"저자극, 가벼움, 빠른 흡수, 끈적임 적음",4.3,,,
212,11,나인 토너,엉뚱한코알라52,지성,민감성,2026.08.20,5,'나인 토너' 사용 후기예요. 수분감이 오래가서 좋아요. 끈적임이 적어서 좋아요. 가볍게 발려요.,"가벼움, 끈적임 적음, 수분감",4.3,,,
213,11,나인 토너,활발한판다237,복합성,"보습, 미백/잡티",2025.02.15,4,'나인 토너' 사용 후기예요. 수분감이 오래가서 좋아요. 가볍게 발려요. 가격도 합리적이라 좋았어요.,"가벼움, 끈적임 적음, 수분감, 빠른 흡수",4.3,,,
214,11,나인 토너,사랑스런곰돌이563,복합성,민감성,2026.03.25,5,끈적임이 적어서 좋아요. 저자극이라 편하게 쓸 수 있었어요.,"저자극, 끈적임 적음",4.3,,,
215,11,나인 토너,대담한코알라49,지성,민감성,2026.08.22,4,'나인 토너' 사용 후기예요. 수분감이 오래가서 좋아요. 흡수가 빨라서 좋아요. 가격도 합리적이라 좋았어요.,"저자극, 빠른 흡수, 가벼움, 끈적임 적음, 수분감",4.3,,,
216,11,나인 토너,사랑스런고양이661,복합성,"민감성, 보습",2026.06.22,3,'나인 토너' 사용 후기예요. 가볍게 발려요. 수분감이 오래가서 좋아요. 끈적임이 적어서 좋아요.,"수분감, 빠른 흡수, 가벼움, 끈적임 적음, 저자극",4.3,,,
217,11,나인 토너,말랑한토끼53,복합성,"보습, 민감성",2026.07.26,3,'나인 토너' 사용 후기예요. 끈적임이 적어서 좋아요. 흡수가 빨라서 좋아요.,"끈적임 적음, 빠른 흡수, 저자극",4.3,,,
218,11,나인 토너,귀여운두더지68,지성,보습,2025.09.24,4,'나인 토너' 사용 후기예요. 저자극이라 편하게 쓸 수 있었어요. 수분감이 오래가서 좋아요. 끈적임이 적어서 좋아요.,"끈적임 적음, 가벼움, 저자극, 수분감",4.3,,,
219,11,나인 토너,용감한곰돌이797,지성,"민감성, 보습",2026.08.30,3,'나인 토너' 사용 후기예요. 저자극이라 편하게 쓸 수 있었어요. 그냥 무난하게 쓰고 있어요.,"수분감, 빠른 흡수, 저자극, 끈적임 적음",4.3,,,
220,11,나인 토너,엉뚱한고양이819,지성,"민감성, 보습",2025.06.18,4,'나인 토너' 사용 후기예요. 수분감이 오래가서 좋아요. 가격도 합리적이라 좋았어요.,"끈적임 적음, 수분감",4.3,,,
221,11,나인 토너,상냥한판다195,복합성,"민감성, 보습, 피지/블랙헤드",2026.09.03,4,'나인 토너' 사용 후기예요. 끈적임이 적어서 좋아요. 저자극이라 편하게 쓸 수 있었어요. 재구매는 고민중이에요.,"저자극, 끈적임 적음, 가벼움",4.3,,,
222,13,세라마이드 쌀 그리미 밀크 토너,배부른해달95,건성,탄력/주름,2025.12.11,5,수분감이 오래가서 좋아요. 향이 거의 없어서 부담 없어요. 발림성이 정말 좋아요. 만족스러운 소비였어요.,"빠른 흡수, 무향, 수분감, 발림성",4.37,,,
223,13,세라마이드 쌀 그리미 밀크 토너,익명의얼룩말171,건성,"탄력/주름, 미백/잡티, 보습",2025.09.26,5,향이 거의 없어서 부담 없어요. 발림성이 정말 좋아요. 흡수가 빨라서 좋아요. 재구매 의사 있어요!,"무향, 발림성, 빠른 흡수, 수분감",4.37,https://drive.google.com/file/d/1Xyf2vNSOeLWT04ZDlfRcm2CxKYIuK7NU/view?usp=sharing,,
224,13,세라마이드 쌀 그리미 밀크 토너,명랑한라쿤453,건성,"보습, 탄력/주름, 미백/잡티",2025.03.02,4,'세라마이드 쌀 그리미 밀크 토너' 사용 후기예요. 발림성이 정말 좋아요. 만족스러운 소비였어요.,"빠른 흡수, 발림성, 수분감, 무향",4.37,,,
225,13,세라마이드 쌀 그리미 밀크 토너,몽글몽글한토끼17,건성,"보습, 미백/잡티, 탄력/주름",2026.02.05,3,'세라마이드 쌀 그리미 밀크 토너' 사용 후기예요. 발림성이 정말 좋아요. 향이 거의 없어서 부담 없어요.,"수분감, 발림성, 무향",4.37,,,
226,13,세라마이드 쌀 그리미 밀크 토너,조용한얼룩말917,건성,보습,2026.06.27,2,흡수가 빨라서 좋아요. 발림성이 정말 좋아요. 수분감이 오래가서 좋아요.,"발림성, 수분감, 빠른 흡수, 무향",4.37,,,
227,13,세라마이드 쌀 그리미 밀크 토너,부지런한고양이277,건성,미백/잡티,2025.11.22,5,발림성이 정말 좋아요. 수분감이 오래가서 좋아요. 향이 거의 없어서 부담 없어요. 추천하고 싶어요.,"무향, 빠른 흡수, 발림성, 수분감",4.37,,,
228,13,세라마이드 쌀 그리미 밀크 토너,말랑한라쿤763,건성,"미백/잡티, 탄력/주름, 보습",2026.01.11,5,'세라마이드 쌀 그리미 밀크 토너' 사용 후기예요. 발림성이 정말 좋아요. 향이 거의 없어서 부담 없어요. 수분감이 오래가서 좋아요.,"수분감, 무향, 발림성",4.37,,,
229,13,세라마이드 쌀 그리미 밀크 토너,든든한두더지949,건성,"미백/잡티, 보습",2025.02.06,3,'세라마이드 쌀 그리미 밀크 토너' 사용 후기예요. 향이 거의 없어서 부담 없어요. 발림성이 정말 좋아요. 수분감이 오래가서 좋아요. 나쁘지 않아요.,"무향, 수분감, 발림성, 빠른 흡수",4.37,,,
230,13,세라마이드 쌀 그리미 밀크 토너,엉뚱한앵무새243,건성,보습,2025.03.19,5,발림성이 정말 좋아요.,"무향, 발림성",4.37,,,
231,13,세라마이드 쌀 그리미 밀크 토너,느긋한알파카228,건성,"탄력/주름, 미백/잡티, 보습",2025.09.19,5,발림성이 정말 좋아요. 수분감이 오래가서 좋아요. 흡수가 빨라서 좋아요. 가격도 합리적이라 좋았어요.,"수분감, 발림성, 빠른 흡수",4.37,,,
232,13,세라마이드 쌀 그리미 밀크 토너,조용한라쿤242,건성,"보습, 미백/잡티",2025.08.11,5,'세라마이드 쌀 그리미 밀크 토너' 사용 후기예요. 향이 거의 없어서 부담 없어요. 발림성이 정말 좋아요. 가격도 합리적이라 좋았어요.,"무향, 발림성",4.37,,,
233,13,세라마이드 쌀 그리미 밀크 토너,명랑한사자905,건성,"탄력/주름, 보습, 미백/잡티",2025.10.17,2,향이 거의 없어서 부담 없어요. 발림성이 정말 좋아요. 재구매는 안 할 것 같아요.,"무향, 발림성, 빠른 흡수",4.37,https://drive.google.com/file/d/1z_4ZbSKzG2bcUJ2fUcCGomYka9VTsprz/view?usp=sharing,https://drive.google.com/file/d/12T_qi8M_zqHlcFzwpLS6NxC8cxLZbGrX/view?usp=sharing,
234,13,세라마이드 쌀 그리미 밀크 토너,느긋한고슴도치714,건성,"미백/잡티, 보습",2025.09.02,5,향이 거의 없어서 부담 없어요. 재구매 의사 있어요!,"무향, 수분감, 빠른 흡수, 발림성",4.37,,,
235,13,세라마이드 쌀 그리미 밀크 토너,잠많은물개913,건성,"탄력/주름, 보습",2025.08.27,5,'세라마이드 쌀 그리미 밀크 토너' 사용 후기예요. 흡수가 빨라서 좋아요. 향이 거의 없어서 부담 없어요. 가격도 합리적이라 좋았어요.,"발림성, 무향, 수분감, 빠른 흡수",4.37,,,
236,13,세라마이드 쌀 그리미 밀크 토너,소심한고슴도치599,건성,"탄력/주름, 보습",2025.10.26,4,'세라마이드 쌀 그리미 밀크 토너' 사용 후기예요. 향이 거의 없어서 부담 없어요. 흡수가 빨라서 좋아요. 수분감이 오래가서 좋아요. 만족스러운 소비였어요.,"발림성, 빠른 흡수, 수분감, 무향",4.37,,,
237,13,세라마이드 쌀 그리미 밀크 토너,상큼한다람쥐621,건성,"미백/잡티, 보습",2025.01.02,5,'세라마이드 쌀 그리미 밀크 토너' 사용 후기예요. 발림성이 정말 좋아요. 흡수가 빨라서 좋아요. 추천하고 싶어요.,"발림성, 빠른 흡수, 무향, 수분감",4.37,,,
238,13,세라마이드 쌀 그리미 밀크 토너,부드러운기린815,건성,"보습, 탄력/주름",2025.04.09,5,'세라마이드 쌀 그리미 밀크 토너' 사용 후기예요. 발림성이 정말 좋아요. 만족스러운 소비였어요.,"발림성, 빠른 흡수, 무향, 수분감",4.37,,,
239,13,세라마이드 쌀 그리미 밀크 토너,익명의코알라301,건성,보습,2026.06.10,5,'세라마이드 쌀 그리미 밀크 토너' 사용 후기예요. 흡수가 빨라서 좋아요. 향이 거의 없어서 부담 없어요. 수분감이 오래가서 좋아요.,"빠른 흡수, 발림성, 수분감, 무향",4.37,,,
240,13,세라마이드 쌀 그리미 밀크 토너,활발한하마293,건성,없음,2026.09.14,5,'세라마이드 쌀 그리미 밀크 토너' 사용 후기예요. 발림성이 정말 좋아요. 수분감이 오래가서 좋아요.,"수분감, 발림성",4.37,,,
241,13,세라마이드 쌀 그리미 밀크 토너,조용한부엉이173,건성,"미백/잡티, 보습",2026.04.23,3,'세라마이드 쌀 그리미 밀크 토너' 사용 후기예요. 발림성이 정말 좋아요. 향이 거의 없어서 부담 없어요. 흡수가 빨라서 좋아요. 나쁘지 않아요.,"수분감, 무향, 빠른 흡수, 발림성",4.37,,,
242,13,세라마이드 쌀 그리미 밀크 토너,든든한강아지47,건성,없음,2026.09.06,5,'세라마이드 쌀 그리미 밀크 토너' 사용 후기예요. 수분감이 오래가서 좋아요. 발림성이 정말 좋아요. 추천하고 싶어요.,"무향, 발림성, 빠른 흡수, 수분감",4.37,,,
243,13,세라마이드 쌀 그리미 밀크 토너,산뜻한펭귄571,건성,없음,2026.03.10,4,발림성이 정말 좋아요. 흡수가 빨라서 좋아요. 수분감이 오래가서 좋아요. 가격도 합리적이라 좋았어요.,"빠른 흡수, 발림성, 무향, 수분감",4.37,,,
244,13,세라마이드 쌀 그리미 밀크 토너,자유로운거북이904,건성,미백/잡티,2026.05.17,5,'세라마이드 쌀 그리미 밀크 토너' 사용 후기예요. 향이 거의 없어서 부담 없어요. 수분감이 오래가서 좋아요. 발림성이 정말 좋아요.,"빠른 흡수, 발림성, 수분감, 무향",4.37,https://drive.google.com/file/d/1g012Q59jMgf553LM7ee8aRXhvweqEOQX/view?usp=sharing,,
245,13,세라마이드 쌀 그리미 밀크 토너,대담한해달4,건성,"미백/잡티, 탄력/주름",2025.05.03,4,흡수가 빨라서 좋아요. 재구매 의사 있어요!,"수분감, 발림성, 빠른 흡수, 무향",4.37,,,
246,13,세라마이드 쌀 그리미 밀크 토너,말랑한고양이768,건성,"미백/잡티, 보습",2025.06.21,5,발림성이 정말 좋아요. 흡수가 빨라서 좋아요. 향이 거의 없어서 부담 없어요. 다음에도 또 살 것 같아요.,"발림성, 빠른 흡수, 무향, 수분감",4.37,,,
247,13,세라마이드 쌀 그리미 밀크 토너,엉뚱한해달714,건성,미백/잡티,2025.07.06,5,수분감이 오래가서 좋아요. 가격도 합리적이라 좋았어요.,"수분감, 발림성",4.37,,,
248,13,세라마이드 쌀 그리미 밀크 토너,평범한기린555,건성,탄력/주름,2026.04.07,4,흡수가 빨라서 좋아요.,"수분감, 빠른 흡수, 발림성",4.37,https://drive.google.com/file/d/1xkFf2LRMPHPZDxnwIuFNGfxHJfbuvCNp/view?usp=sharing,,
249,14,어성초 진정해 수분 토너,든든한토끼592,지성,"보습, 민감성, 피지/블랙헤드",2026.07.09,5,저자극이라 편하게 쓸 수 있었어요. 향이 거의 없어서 부담 없어요. 만족스러운 소비였어요.,"무향, 저자극",4.62,,,
250,14,어성초 진정해 수분 토너,대담한수달665,지성,"여드름, 민감성",2025.12.30,5,향이 거의 없어서 부담 없어요. 가볍게 발려요.,"빠른 흡수, 저자극, 가벼움, 무향",4.62,,,
251,14,어성초 진정해 수분 토너,느긋한코알라256,복합성,보습,2025.06.04,5,'어성초 진정해 수분 토너' 사용 후기예요. 가볍게 발려요. 흡수가 빨라서 좋아요. 가격도 합리적이라 좋았어요.,"저자극, 빠른 흡수, 가벼움",4.62,,,
252,14,어성초 진정해 수분 토너,자유로운라쿤945,지성,"민감성, 보습",2025.01.04,5,가볍게 발려요. 저자극이라 편하게 쓸 수 있었어요. 산뜻하게 발려서 좋아요. 다음에도 또 살 것 같아요.,"산뜻함, 가벼움, 저자극",4.62,,,
253,14,어성초 진정해 수분 토너,든든한다람쥐336,지성,"여드름, 보습",2026.03.11,5,저자극이라 편하게 쓸 수 있었어요.,"가벼움, 산뜻함, 저자극",4.62,,,
254,14,어성초 진정해 수분 토너,산뜻한앵무새919,지성,"여드름, 민감성, 보습",2025.03.30,5,산뜻하게 발려서 좋아요. 흡수가 빨라서 좋아요. 향이 거의 없어서 부담 없어요.,"산뜻함, 빠른 흡수, 무향",4.62,https://drive.google.com/file/d/1HcNLYC8aDUzOKOEZgav_bh__-tcxJeo_/view?usp=sharing,https://drive.google.com/file/d/1X2S7l9l0S2izVzwyIZbLDgYahuHxdCtT/view?usp=sharing,
255,14,어성초 진정해 수분 토너,배부른문어634,지성,"민감성, 여드름",2026.08.08,5,저자극이라 편하게 쓸 수 있었어요. 산뜻하게 발려서 좋아요. 다음에도 또 살 것 같아요.,"저자극, 산뜻함",4.62,,,
256,14,어성초 진정해 수분 토너,사랑스런병아리490,지성,"보습, 여드름",2025.11.29,4,산뜻하게 발려서 좋아요. 만족스러운 소비였어요.,"가벼움, 산뜻함, 빠른 흡수",4.62,,,
257,14,어성초 진정해 수분 토너,느긋한코알라483,복합성,"민감성, 보습, 여드름",2026.06.12,5,'어성초 진정해 수분 토너' 사용 후기예요. 산뜻하게 발려서 좋아요. 저자극이라 편하게 쓸 수 있었어요. 추천하고 싶어요.,"빠른 흡수, 저자극, 산뜻함",4.62,,,
258,14,어성초 진정해 수분 토너,산뜻한나비288,지성,"여드름, 보습",2026.05.22,5,향이 거의 없어서 부담 없어요. 가볍게 발려요. 추천하고 싶어요.,"가벼움, 무향",4.62,,,
259,14,어성초 진정해 수분 토너,용감한병아리618,지성,보습,2025.06.19,4,향이 거의 없어서 부담 없어요. 저자극이라 편하게 쓸 수 있었어요. 재구매 의사 있어요!,"무향, 저자극",4.62,,,
260,14,어성초 진정해 수분 토너,새침한사자305,지성,"민감성, 여드름, 보습",2025.08.10,5,'어성초 진정해 수분 토너' 사용 후기예요. 저자극이라 편하게 쓸 수 있었어요. 향이 거의 없어서 부담 없어요. 흡수가 빨라서 좋아요. 다음에도 또 살 것 같아요.,"저자극, 빠른 흡수, 무향",4.62,,,
261,14,어성초 진정해 수분 토너,사랑스런물개259,지성,보습,2025.12.15,4,가볍게 발려요. 저자극이라 편하게 쓸 수 있었어요. 가격도 합리적이라 좋았어요.,"산뜻함, 가벼움, 저자극, 무향",4.62,,,
262,14,어성초 진정해 수분 토너,용감한고양이342,지성,"보습, 여드름",2025.01.02,5,산뜻하게 발려서 좋아요. 가격도 합리적이라 좋았어요.,"산뜻함, 빠른 흡수",4.62,,,
263,14,어성초 진정해 수분 토너,촉촉한부엉이132,복합성,"보습, 민감성, 여드름",2025.08.28,4,'어성초 진정해 수분 토너' 사용 후기예요. 저자극이라 편하게 쓸 수 있었어요. 산뜻하게 발려서 좋아요. 가격도 합리적이라 좋았어요.,"저자극, 산뜻함",4.62,https://drive.google.com/file/d/1zq3P8qSp08KUqH6fO43gyB7iQJ92euyj/view?usp=sharing,https://drive.google.com/file/d/1bocHCItpJLBX1ahcps1WYzqFz_wvlbZk/view?usp=sharing,https://drive.google.com/file/d/12k93s9vJTX-DNXLO8K94u38nEEghhUaX/view?usp=sharing
264,14,어성초 진정해 수분 토너,익명의코알라498,지성,여드름,2026.07.22,5,'어성초 진정해 수분 토너' 사용 후기예요. 가볍게 발려요. 흡수가 빨라서 좋아요. 재구매 의사 있어요!,"빠른 흡수, 가벼움",4.62,,,
265,14,어성초 진정해 수분 토너,반짝이는토끼775,지성,"보습, 여드름, 민감성",2026.08.30,3,'어성초 진정해 수분 토너' 사용 후기예요. 저자극이라 편하게 쓸 수 있었어요. 산뜻하게 발려서 좋아요. 가볍게 발려요. 그냥 무난하게 쓰고 있어요.,"저자극, 가벼움, 빠른 흡수, 무향, 산뜻함",4.62,,,
266,14,어성초 진정해 수분 토너,부지런한수달61,복합성,보습,2025.10.23,4,저자극이라 편하게 쓸 수 있었어요. 향이 거의 없어서 부담 없어요. 흡수가 빨라서 좋아요. 재구매는 고민중이에요.,"저자극, 빠른 흡수, 가벼움, 무향, 산뜻함",4.62,,,
267,14,어성초 진정해 수분 토너,느긋한하마872,지성,민감성,2026.03.20,5,흡수가 빨라서 좋아요. 산뜻하게 발려서 좋아요. 향이 거의 없어서 부담 없어요. 다음에도 또 살 것 같아요.,"가벼움, 산뜻함, 무향, 빠른 흡수, 저자극",4.62,,,
268,14,어성초 진정해 수분 토너,명랑한거북이532,복합성,"보습, 모공",2026.07.24,4,가볍게 발려요. 향이 거의 없어서 부담 없어요. 재구매는 고민중이에요.,"가벼움, 산뜻함, 저자극, 무향",4.62,,,
269,14,어성초 진정해 수분 토너,익명의여우88,지성,"여드름, 민감성, 보습",2025.04.11,5,가볍게 발려요. 재구매 의사 있어요!,"저자극, 가벼움, 산뜻함, 빠른 흡수",4.62,,,
270,15,플로라글로우 로즈 리퀴드 마스크,상큼한앵무새349,건성,보습,2026.05.11,4,쫀쫀한 텍스처가 마음에 들어요. 피부 결이 매끈해지는 느낌이에요. 윤광이 돌아서 피부가 화사해 보여요. 가격도 합리적이라 좋았어요.,"윤광, 매끈한 피부결, 빠른 흡수, 쫀쫀함",4.46,,,
271,15,플로라글로우 로즈 리퀴드 마스크,대담한나비305,건성,보습,2025.04.01,5,'플로라글로우 로즈 리퀴드 마스크' 사용 후기예요. 쫀쫀한 텍스처가 마음에 들어요. 흡수가 빨라서 좋아요. 추천하고 싶어요.,"쫀쫀함, 윤광, 매끈한 피부결, 빠른 흡수",4.46,,,
272,15,플로라글로우 로즈 리퀴드 마스크,촉촉한기린916,건성,보습,2025.03.27,4,피부 결이 매끈해지는 느낌이에요. 윤광이 돌아서 피부가 화사해 보여요. 재구매 의사 있어요!,"매끈한 피부결, 빠른 흡수, 윤광",4.46,,,
273,15,플로라글로우 로즈 리퀴드 마스크,자유로운부엉이875,건성,보습,2025.04.11,4,윤광이 돌아서 피부가 화사해 보여요. 피부 결이 매끈해지는 느낌이에요. 쫀쫀한 텍스처가 마음에 들어요.,"빠른 흡수, 윤광, 쫀쫀함, 매끈한 피부결",4.46,,,
274,15,플로라글로우 로즈 리퀴드 마스크,대담한부엉이24,건성,보습,2025.09.13,5,쫀쫀한 텍스처가 마음에 들어요. 윤광이 돌아서 피부가 화사해 보여요. 다음에도 또 살 것 같아요.,"쫀쫀함, 윤광, 매끈한 피부결",4.46,,,
275,15,플로라글로우 로즈 리퀴드 마스크,자유로운나비701,건성,보습,2025.02.07,4,흡수가 빨라서 좋아요. 재구매는 고민중이에요.,"빠른 흡수, 쫀쫀함",4.46,,,
276,15,플로라글로우 로즈 리퀴드 마스크,부드러운라쿤488,건성,보습,2026.06.06,5,윤광이 돌아서 피부가 화사해 보여요.,"쫀쫀함, 매끈한 피부결, 빠른 흡수, 윤광",4.46,,,
277,15,플로라글로우 로즈 리퀴드 마스크,활발한하마280,건성,보습,2026.09.05,5,흡수가 빨라서 좋아요. 피부 결이 매끈해지는 느낌이에요.,"쫀쫀함, 매끈한 피부결, 윤광, 빠른 흡수",4.46,https://drive.google.com/file/d/12T_qi8M_zqHlcFzwpLS6NxC8cxLZbGrX/view?usp=sharing,,
278,15,플로라글로우 로즈 리퀴드 마스크,행복한코알라879,건성,보습,2025.02.11,5,'플로라글로우 로즈 리퀴드 마스크' 사용 후기예요. 윤광이 돌아서 피부가 화사해 보여요. 피부 결이 매끈해지는 느낌이에요. 쫀쫀한 텍스처가 마음에 들어요. 재구매 의사 있어요!,"윤광, 쫀쫀함, 매끈한 피부결",4.46,,,
279,15,플로라글로우 로즈 리퀴드 마스크,활발한부엉이378,건성,보습,2026.08.22,3,윤광이 돌아서 피부가 화사해 보여요. 흡수가 빨라서 좋아요. 피부 결이 매끈해지는 느낌이에요. 그냥 무난하게 쓰고 있어요.,"빠른 흡수, 매끈한 피부결, 쫀쫀함, 윤광",4.46,,,
280,15,플로라글로우 로즈 리퀴드 마스크,상큼한호랑이908,건성,보습,2026.04.23,5,'플로라글로우 로즈 리퀴드 마스크' 사용 후기예요. 쫀쫀한 텍스처가 마음에 들어요. 윤광이 돌아서 피부가 화사해 보여요. 피부 결이 매끈해지는 느낌이에요. 다음에도 또 살 것 같아요.,"매끈한 피부결, 쫀쫀함, 윤광",4.46,,,
281,15,플로라글로우 로즈 리퀴드 마스크,부지런한문어946,건성,보습,2025.06.01,5,'플로라글로우 로즈 리퀴드 마스크' 사용 후기예요. 윤광이 돌아서 피부가 화사해 보여요. 피부 결이 매끈해지는 느낌이에요. 추천하고 싶어요.,"매끈한 피부결, 윤광",4.46,https://drive.google.com/file/d/1Xyf2vNSOeLWT04ZDlfRcm2CxKYIuK7NU/view?usp=sharing,,
282,15,플로라글로우 로즈 리퀴드 마스크,명랑한거북이592,건성,보습,2026.06.05,4,'플로라글로우 로즈 리퀴드 마스크' 사용 후기예요. 피부 결이 매끈해지는 느낌이에요. 가격도 합리적이라 좋았어요.,"매끈한 피부결, 윤광",4.46,,,
283,16,리얼 히알루로닉 토너,몽글몽글한곰돌이398,수부지,없음,2025.04.29,5,흡수가 빨라서 좋아요. 수분감이 오래가서 좋아요. 재구매 의사 있어요!,"끈적임 적음, 가벼움, 수분감, 빠른 흡수",4,,,
284,16,리얼 히알루로닉 토너,대담한알파카355,복합성,보습,2026.04.29,5,'리얼 히알루로닉 토너' 사용 후기예요. 산뜻하게 발려서 좋아요. 수분감이 오래가서 좋아요. 끈적임이 적어서 좋아요. 재구매 의사 있어요!,"가벼움, 끈적임 적음, 산뜻함, 수분감",4,,,
285,16,리얼 히알루로닉 토너,익명의여우542,복합성,"보습, 여드름",2026.07.26,4,'리얼 히알루로닉 토너' 사용 후기예요. 가볍게 발려요. 흡수가 빨라서 좋아요. 만족스러운 소비였어요.,"산뜻함, 빠른 흡수, 가벼움, 수분감",4,,,
286,16,리얼 히알루로닉 토너,소심한벌새656,복합성,"보습, 여드름",2026.04.06,3,'리얼 히알루로닉 토너' 사용 후기예요. 끈적임이 적어서 좋아요. 흡수가 빨라서 좋아요. 재구매는 고민중이에요.,"수분감, 가벼움, 끈적임 적음, 빠른 흡수",4,https://drive.google.com/file/d/1z_4ZbSKzG2bcUJ2fUcCGomYka9VTsprz/view?usp=sharing,,
287,16,리얼 히알루로닉 토너,사랑스런여우219,수부지,보습,2026.08.05,4,'리얼 히알루로닉 토너' 사용 후기예요. 끈적임이 적어서 좋아요. 흡수가 빨라서 좋아요.,"가벼움, 산뜻함, 끈적임 적음, 빠른 흡수, 수분감",4,,,
288,16,리얼 히알루로닉 토너,활발한코알라348,복합성,보습,2026.08.19,3,가볍게 발려요. 재구매는 고민중이에요.,"수분감, 가벼움",4,,,
289,17,레드 블레미쉬 10-시카 캡슐 수딩 토너,엉뚱한오리4,복합성,민감성,2026.07.09,5,흡수가 빨라서 좋아요. 캡슐이 톡톡 터지는 재미가 있어요.,"빠른 흡수, 캡슐, 수분감, 끈적임 적음",4,,,
290,17,레드 블레미쉬 10-시카 캡슐 수딩 토너,행복한고양이336,복합성,미백/잡티,2026.02.27,3,수분감이 오래가서 좋아요.,"빠른 흡수, 캡슐, 알갱이, 수분감, 끈적임 적음",4,,,
291,17,레드 블레미쉬 10-시카 캡슐 수딩 토너,조용한병아리268,복합성,"민감성, 탄력/주름",2025.04.18,4,'레드 블레미쉬 10-시카 캡슐 수딩 토너' 사용 후기예요. 캡슐이 톡톡 터지는 재미가 있어요. 가격도 합리적이라 좋았어요.,"캡슐, 끈적임 적음",4,https://drive.google.com/file/d/1HcNLYC8aDUzOKOEZgav_bh__-tcxJeo_/view?usp=sharing,,
292,17,레드 블레미쉬 10-시카 캡슐 수딩 토너,부드러운판다915,복합성,미백/잡티,2025.03.20,4,'레드 블레미쉬 10-시카 캡슐 수딩 토너' 사용 후기예요. 수분감이 오래가서 좋아요. 캡슐이 톡톡 터지는 재미가 있어요. 끈적임이 적어서 좋아요. 재구매 의사 있어요!,"수분감, 캡슐, 끈적임 적음, 알갱이",4,,,
293,17,레드 블레미쉬 10-시카 캡슐 수딩 토너,씩씩한사자844,지성,탄력/주름,2025.10.11,5,'레드 블레미쉬 10-시카 캡슐 수딩 토너' 사용 후기예요. 캡슐이 톡톡 터지는 재미가 있어요. 다음에도 또 살 것 같아요.,"캡슐, 알갱이",4,,,
294,17,레드 블레미쉬 10-시카 캡슐 수딩 토너,잠많은판다468,지성,여드름,2026.08.30,4,수분감이 오래가서 좋아요. 만족스러운 소비였어요.,"끈적임 적음, 캡슐, 수분감, 빠른 흡수",4,,,
295,17,레드 블레미쉬 10-시카 캡슐 수딩 토너,대담한알파카644,복합성,"탄력/주름, 미백/잡티",2025.02.04,2,흡수가 빨라서 좋아요. 캡슐이 톡톡 터지는 재미가 있어요. 미세 알갱이가 느껴지는데 재밌는 사용감이에요. 기대만큼은 아니었어요.,"캡슐, 끈적임 적음, 알갱이, 수분감, 빠른 흡수",4,https://drive.google.com/file/d/1zq3P8qSp08KUqH6fO43gyB7iQJ92euyj/view?usp=sharing,,
296,17,레드 블레미쉬 10-시카 캡슐 수딩 토너,반짝이는문어634,지성,미백/잡티,2026.04.07,5,'레드 블레미쉬 10-시카 캡슐 수딩 토너' 사용 후기예요. 끈적임이 적어서 좋아요. 수분감이 오래가서 좋아요. 가격도 합리적이라 좋았어요.,"캡슐, 수분감, 끈적임 적음",4,,,
297,17,레드 블레미쉬 10-시카 캡슐 수딩 토너,자유로운나비222,복합성,"탄력/주름, 미백/잡티",2025.03.23,4,캡슐이 톡톡 터지는 재미가 있어요. 수분감이 오래가서 좋아요. 미세 알갱이가 느껴지는데 재밌는 사용감이에요.,"수분감, 캡슐, 알갱이, 끈적임 적음, 빠른 흡수",4,,,
298,17,레드 블레미쉬 10-시카 캡슐 수딩 토너,명랑한알파카812,복합성,"민감성, 미백/잡티",2025.06.27,3,끈적임이 적어서 좋아요.,"알갱이, 끈적임 적음",4,,,
299,17,레드 블레미쉬 10-시카 캡슐 수딩 토너,촉촉한판다549,복합성,"탄력/주름, 여드름, 민감성",2025.04.14,5,'레드 블레미쉬 10-시카 캡슐 수딩 토너' 사용 후기예요. 끈적임이 적어서 좋아요. 재구매 의사 있어요!,"끈적임 적음, 캡슐, 수분감, 알갱이, 빠른 흡수",4,,,
300,18,다이브인 저분자 히알루론산 스킨부스터,용감한기린387,복합성,"보습, 민감성",2025.02.21,3,'다이브인 저분자 히알루론산 스킨부스터' 사용 후기예요. 수분감이 오래가서 좋아요.,"빠른 흡수, 수분감",4.07,,,
301,18,다이브인 저분자 히알루론산 스킨부스터,평범한하마126,복합성,"민감성, 보습",2025.10.23,3,끈적임이 적어서 좋아요. 재구매는 고민중이에요.,"빠른 흡수, 끈적임 적음",4.07,,,
302,18,다이브인 저분자 히알루론산 스킨부스터,용감한코알라464,수부지,"보습, 민감성",2025.08.11,5,흡수가 빨라서 좋아요. 향료가 첨가되지 않았어요. 끈적임이 적어서 좋아요. 재구매 의사 있어요!,"빠른 흡수, 향료 무첨가, 끈적임 적음",4.07,https://drive.google.com/file/d/1rLSSL3E9r5Uj_mji-CX6ofhIfZpk1qsZ/view?usp=sharing,https://drive.google.com/file/d/1SjX9IIITjT9QY3Gud2wbafGP2S3cnY0b/view?usp=sharing,
303,18,다이브인 저분자 히알루론산 스킨부스터,조용한하마452,수부지,없음,2025.12.14,2,발림성이 정말 좋아요. 수분감이 오래가서 좋아요. 재구매는 안 할 것 같아요.,"발림성, 수분감",4.07,,,
304,18,다이브인 저분자 히알루론산 스킨부스터,소심한라쿤823,수부지,"민감성, 보습",2026.09.14,3,'다이브인 저분자 히알루론산 스킨부스터' 사용 후기예요. 끈적임이 적어서 좋아요. 향료가 첨가되지 않았어요. 흡수가 빨라서 좋아요.,"빠른 흡수, 발림성, 끈적임 적음, 수분감, 향료 무첨가",4.07,,,
305,18,다이브인 저분자 히알루론산 스킨부스터,사랑스런하마104,복합성,"보습, 민감성",2025.05.25,4,'다이브인 저분자 히알루론산 스킨부스터' 사용 후기예요. 흡수가 빨라서 좋아요. 향료가 첨가되지 않았어요. 재구매는 고민중이에요.,"향료 무첨가, 빠른 흡수",4.07,,,
306,18,다이브인 저분자 히알루론산 스킨부스터,산뜻한거북이594,수부지,"보습, 민감성",2025.07.27,4,끈적임이 적어서 좋아요. 흡수가 빨라서 좋아요. 발림성이 정말 좋아요.,"끈적임 적음, 수분감, 빠른 흡수, 발림성",4.07,,,
307,18,다이브인 저분자 히알루론산 스킨부스터,대담한다람쥐23,복합성,"민감성, 보습",2026.05.19,5,'다이브인 저분자 히알루론산 스킨부스터' 사용 후기예요. 향료가 첨가되지 않았어요. 발림성이 정말 좋아요. 재구매 의사 있어요!,"수분감, 향료 무첨가, 발림성",4.07,,,
308,18,다이브인 저분자 히알루론산 스킨부스터,조용한사자574,복합성,민감성,2026.07.01,5,향료가 첨가되지 않았어요. 발림성이 정말 좋아요. 수분감이 오래가서 좋아요. 가격도 합리적이라 좋았어요.,"끈적임 적음, 빠른 흡수, 발림성, 향료 무첨가, 수분감",4.07,https://drive.google.com/file/d/1SjX9IIITjT9QY3Gud2wbafGP2S3cnY0b/view?usp=sharing,,
309,18,다이브인 저분자 히알루론산 스킨부스터,귀여운두더지446,수부지,"민감성, 보습",2026.08.28,5,'다이브인 저분자 히알루론산 스킨부스터' 사용 후기예요. 수분감이 오래가서 좋아요. 향료가 첨가되지 않았어요. 가격도 합리적이라 좋았어요.,"향료 무첨가, 수분감",4.07,,,
310,18,다이브인 저분자 히알루론산 스킨부스터,조용한수달166,복합성,보습,2025.03.30,5,'다이브인 저분자 히알루론산 스킨부스터' 사용 후기예요. 끈적임이 적어서 좋아요. 다음에도 또 살 것 같아요.,"발림성, 끈적임 적음",4.07,,,
311,18,다이브인 저분자 히알루론산 스킨부스터,엉뚱발랄한하마744,복합성,"보습, 민감성",2025.01.10,5,흡수가 빨라서 좋아요. 발림성이 정말 좋아요. 추천하고 싶어요.,"빠른 흡수, 발림성",4.07,,,
312,18,다이브인 저분자 히알루론산 스킨부스터,명랑한다람쥐745,복합성,보습,2026.03.14,4,'다이브인 저분자 히알루론산 스킨부스터' 사용 후기예요. 향료가 첨가되지 않았어요. 끈적임이 적어서 좋아요.,"향료 무첨가, 빠른 흡수, 끈적임 적음",4.07,,,
313,18,다이브인 저분자 히알루론산 스킨부스터,반짝이는두더지601,수부지,"보습, 민감성",2026.06.05,4,'다이브인 저분자 히알루론산 스킨부스터' 사용 후기예요. 발림성이 정말 좋아요. 끈적임이 적어서 좋아요. 향료가 첨가되지 않았어요. 만족스러운 소비였어요.,"수분감, 발림성, 빠른 흡수, 향료 무첨가, 끈적임 적음",4.07,,,
314,20,어성초 카밍 토너 스킨 부스터,활발한여우599,지성,"보습, 민감성",2025.06.23,5,'어성초 카밍 토너 스킨 부스터' 사용 후기예요. 흡수가 빨라서 좋아요. 향료가 첨가되지 않았어요. 추천하고 싶어요.,"가벼움, 향료 무첨가, 빠른 흡수",4.55,,,
315,20,어성초 카밍 토너 스킨 부스터,느긋한벌새846,복합성,"민감성, 보습",2025.06.25,5,흡수가 빨라서 좋아요. 향료가 첨가되지 않았어요. 가볍게 발려요. 가격도 합리적이라 좋았어요.,"수분감, 빠른 흡수, 향료 무첨가, 가벼움",4.55,https://drive.google.com/file/d/1-OQR2okAbv1t8GBBknKTTsagR3NRAboC/view?usp=sharing,,
316,20,어성초 카밍 토너 스킨 부스터,조용한오리49,복합성,보습,2025.03.30,4,'어성초 카밍 토너 스킨 부스터' 사용 후기예요. 향료가 첨가되지 않았어요. 가볍게 발려요. 가격도 합리적이라 좋았어요.,"수분감, 가벼움, 빠른 흡수, 향료 무첨가",4.55,,,
317,20,어성초 카밍 토너 스킨 부스터,익명의라쿤144,지성,민감성,2026.02.24,5,수분감이 오래가서 좋아요. 향료가 첨가되지 않았어요. 가볍게 발려요. 다음에도 또 살 것 같아요.,"향료 무첨가, 수분감, 가벼움",4.55,,,
318,20,어성초 카밍 토너 스킨 부스터,상냥한펭귄777,지성,민감성,2026.02.19,5,향료가 첨가되지 않았어요. 저자극이라 편하게 쓸 수 있었어요. 다음에도 또 살 것 같아요.,"저자극, 향료 무첨가",4.55,https://drive.google.com/file/d/1-OQR2okAbv1t8GBBknKTTsagR3NRAboC/view?usp=sharing,https://drive.google.com/file/d/1K4pkLTsBIY2k89AfYcGKyQE8IBS3Jv7C/view?usp=sharing,
319,20,어성초 카밍 토너 스킨 부스터,엉뚱한판다145,복합성,민감성,2026.07.23,5,흡수가 빨라서 좋아요. 향료가 첨가되지 않았어요. 가볍게 발려요. 추천하고 싶어요.,"가벼움, 저자극, 빠른 흡수, 향료 무첨가",4.55,,,
320,20,어성초 카밍 토너 스킨 부스터,상냥한고양이568,지성,없음,2026.05.31,4,흡수가 빨라서 좋아요. 수분감이 오래가서 좋아요. 가격도 합리적이라 좋았어요.,"빠른 흡수, 향료 무첨가, 수분감, 저자극",4.55,,,
321,20,어성초 카밍 토너 스킨 부스터,든든한다람쥐122,지성,없음,2025.08.06,2,'어성초 카밍 토너 스킨 부스터' 사용 후기예요. 흡수가 빨라서 좋아요. 저자극이라 편하게 쓸 수 있었어요.,"가벼움, 저자극, 향료 무첨가, 빠른 흡수, 수분감",4.55,,,
322,20,어성초 카밍 토너 스킨 부스터,부지런한문어111,지성,"민감성, 보습",2025.12.31,5,'어성초 카밍 토너 스킨 부스터' 사용 후기예요. 향료가 첨가되지 않았어요. 가볍게 발려요. 다음에도 또 살 것 같아요.,"저자극, 빠른 흡수, 가벼움, 향료 무첨가",4.55,,,
323,20,어성초 카밍 토너 스킨 부스터,명랑한하마686,지성,"민감성, 보습",2025.04.19,5,흡수가 빨라서 좋아요. 향료가 첨가되지 않았어요. 수분감이 오래가서 좋아요. 추천하고 싶어요.,"가벼움, 수분감, 빠른 흡수, 향료 무첨가",4.55,,,
324,20,어성초 카밍 토너 스킨 부스터,배부른하마169,지성,없음,2025.02.01,4,가볍게 발려요. 수분감이 오래가서 좋아요. 흡수가 빨라서 좋아요.,"수분감, 향료 무첨가, 가벼움, 빠른 흡수",4.55,,,
325,20,어성초 카밍 토너 스킨 부스터,조용한오리592,지성,민감성,2026.05.26,5,'어성초 카밍 토너 스킨 부스터' 사용 후기예요. 수분감이 오래가서 좋아요. 추천하고 싶어요.,"가벼움, 빠른 흡수, 향료 무첨가, 수분감, 저자극",4.55,,,
326,20,어성초 카밍 토너 스킨 부스터,평범한오리203,복합성,보습,2026.03.09,5,'어성초 카밍 토너 스킨 부스터' 사용 후기예요. 가볍게 발려요. 수분감이 오래가서 좋아요. 저자극이라 편하게 쓸 수 있었어요. 다음에도 또 살 것 같아요.,"저자극, 빠른 흡수, 가벼움, 수분감",4.55,,,
327,20,어성초 카밍 토너 스킨 부스터,익명의토끼750,복합성,보습,2026.05.09,1,흡수가 빨라서 좋아요. 가볍게 발려요. 아쉬운 점이 많았어요.,"가벼움, 빠른 흡수, 향료 무첨가",4.55,,,
328,20,어성초 카밍 토너 스킨 부스터,소심한곰돌이432,지성,"민감성, 보습",2025.07.24,4,'어성초 카밍 토너 스킨 부스터' 사용 후기예요. 가볍게 발려요. 흡수가 빨라서 좋아요. 재구매는 고민중이에요.,"빠른 흡수, 가벼움",4.55,,,
329,20,어성초 카밍 토너 스킨 부스터,활발한하마89,지성,"보습, 민감성",2025.01.14,5,향료가 첨가되지 않았어요.,"향료 무첨가, 가벼움, 저자극",4.55,https://drive.google.com/file/d/1mKACF91c_n8DB4KNStTreMRkHNtsw9sS/view?usp=sharing,,
330,20,어성초 카밍 토너 스킨 부스터,몽글몽글한펭귄912,복합성,민감성,2025.04.25,5,'어성초 카밍 토너 스킨 부스터' 사용 후기예요. 흡수가 빨라서 좋아요. 향료가 첨가되지 않았어요. 재구매 의사 있어요!,"빠른 흡수, 향료 무첨가",4.55,,,
331,20,어성초 카밍 토너 스킨 부스터,귀여운물개515,복합성,"보습, 민감성",2025.01.24,5,'어성초 카밍 토너 스킨 부스터' 사용 후기예요. 수분감이 오래가서 좋아요. 가볍게 발려요. 재구매 의사 있어요!,"가벼움, 수분감",4.55,,,
332,20,어성초 카밍 토너 스킨 부스터,행복한펭귄117,지성,"민감성, 보습",2026.08.20,5,수분감이 오래가서 좋아요. 다음에도 또 살 것 같아요.,"수분감, 빠른 흡수",4.55,,,
333,20,어성초 카밍 토너 스킨 부스터,평범한해달291,지성,민감성,2026.08.18,5,'어성초 카밍 토너 스킨 부스터' 사용 후기예요. 가볍게 발려요. 흡수가 빨라서 좋아요. 만족스러운 소비였어요.,"저자극, 가벼움, 빠른 흡수, 향료 무첨가",4.55,,,
334,20,어성초 카밍 토너 스킨 부스터,씩씩한고양이791,지성,"민감성, 보습",2026.03.19,4,'어성초 카밍 토너 스킨 부스터' 사용 후기예요. 수분감이 오래가서 좋아요. 저자극이라 편하게 쓸 수 있었어요. 재구매 의사 있어요!,"저자극, 빠른 흡수, 가벼움, 수분감",4.55,,,
335,20,어성초 카밍 토너 스킨 부스터,행복한물개950,복합성,민감성,2025.01.14,5,수분감이 오래가서 좋아요. 가볍게 발려요. 향료가 첨가되지 않았어요. 추천하고 싶어요.,"향료 무첨가, 수분감, 빠른 흡수, 가벼움",4.55,,,
336,20,어성초 카밍 토너 스킨 부스터,씩씩한고양이122,복합성,보습,2026.05.26,5,'어성초 카밍 토너 스킨 부스터' 사용 후기예요. 향료가 첨가되지 않았어요. 가볍게 발려요. 재구매 의사 있어요!,"가벼움, 빠른 흡수, 수분감, 향료 무첨가, 저자극",4.55,,,
337,20,어성초 카밍 토너 스킨 부스터,든든한병아리73,지성,민감성,2026.03.23,5,'어성초 카밍 토너 스킨 부스터' 사용 후기예요. 흡수가 빨라서 좋아요. 다음에도 또 살 것 같아요.,"저자극, 향료 무첨가, 수분감, 빠른 흡수, 가벼움",4.55,,,
338,20,어성초 카밍 토너 스킨 부스터,반짝이는얼룩말24,복합성,"민감성, 보습",2025.09.22,5,저자극이라 편하게 쓸 수 있었어요. 흡수가 빨라서 좋아요. 가볍게 발려요. 다음에도 또 살 것 같아요.,"저자극, 향료 무첨가, 빠른 흡수, 가벼움",4.55,,,
339,20,어성초 카밍 토너 스킨 부스터,새침한다람쥐648,지성,없음,2025.12.22,5,흡수가 빨라서 좋아요. 수분감이 오래가서 좋아요. 추천하고 싶어요.,"가벼움, 저자극, 빠른 흡수, 향료 무첨가, 수분감",4.55,,,
340,20,어성초 카밍 토너 스킨 부스터,잠많은라쿤285,복합성,없음,2025.06.02,5,'어성초 카밍 토너 스킨 부스터' 사용 후기예요. 향료가 첨가되지 않았어요. 저자극이라 편하게 쓸 수 있었어요. 수분감이 오래가서 좋아요. 재구매 의사 있어요!,"향료 무첨가, 빠른 흡수, 수분감, 저자극",4.55,,,
341,20,어성초 카밍 토너 스킨 부스터,사랑스런고슴도치900,지성,"민감성, 보습",2025.11.17,5,'어성초 카밍 토너 스킨 부스터' 사용 후기예요. 흡수가 빨라서 좋아요. 가볍게 발려요. 수분감이 오래가서 좋아요. 추천하고 싶어요.,"수분감, 가벼움, 빠른 흡수",4.55,https://drive.google.com/file/d/1DAdk2IIV-Vr9HsuSxFFLrYMGEfS60CT_/view?usp=sharing,,
342,20,어성초 카밍 토너 스킨 부스터,익명의부엉이823,지성,"보습, 민감성",2025.01.02,4,'어성초 카밍 토너 스킨 부스터' 사용 후기예요. 저자극이라 편하게 쓸 수 있었어요. 수분감이 오래가서 좋아요. 만족스러운 소비였어요.,"수분감, 가벼움, 빠른 흡수, 향료 무첨가, 저자극",4.55,,,
343,22,시카테롤 토너,사랑스런수달696,복합성,"여드름, 보습",2025.01.25,5,흡수가 빨라서 좋아요. 가격도 합리적이라 좋았어요.,빠른 흡수,4.69,,,
344,22,시카테롤 토너,엉뚱한오리745,건성,보습,2025.02.03,4,'시카테롤 토너' 사용 후기예요. 흡수가 빨라서 좋아요. 재구매는 고민중이에요.,빠른 흡수,4.69,,,
345,22,시카테롤 토너,촉촉한앵무새278,복합성,"보습, 여드름",2025.10.26,5,흡수가 빨라서 좋아요. 가격도 합리적이라 좋았어요.,빠른 흡수,4.69,,,
346,22,시카테롤 토너,명랑한여우552,복합성,"민감성, 여드름",2025.02.15,5,흡수가 빨라서 좋아요. 다음에도 또 살 것 같아요.,빠른 흡수,4.69,https://drive.google.com/file/d/1A6moq1vGL22CeFVW0CNwnIAN8bVi8q1N/view?usp=sharing,,
347,22,시카테롤 토너,엉뚱한앵무새161,건성,민감성,2026.09.11,5,'시카테롤 토너' 사용 후기예요. 흡수가 빨라서 좋아요. 재구매 의사 있어요!,빠른 흡수,4.69,,,
348,22,시카테롤 토너,상큼한물개357,건성,민감성,2025.06.29,5,'시카테롤 토너' 사용 후기예요. 흡수가 빨라서 좋아요.,빠른 흡수,4.69,,,
349,22,시카테롤 토너,대담한강아지396,건성,"민감성, 미백/잡티",2025.11.21,4,'시카테롤 토너' 사용 후기예요. 흡수가 빨라서 좋아요. 재구매 의사 있어요!,빠른 흡수,4.69,,,
350,22,시카테롤 토너,말랑한토끼469,건성,민감성,2025.04.03,5,흡수가 빨라서 좋아요.,빠른 흡수,4.69,https://drive.google.com/file/d/1xkFf2LRMPHPZDxnwIuFNGfxHJfbuvCNp/view?usp=sharing,https://drive.google.com/file/d/19AzzRk28OnnSv7LGhV0EC_dIs1C8jhfH/view?usp=sharing,
351,22,시카테롤 토너,활발한얼룩말371,건성,"여드름, 보습",2025.01.10,5,흡수가 빨라서 좋아요. 만족스러운 소비였어요.,빠른 흡수,4.69,,,
352,22,시카테롤 토너,행복한앵무새6,건성,여드름,2025.11.07,5,흡수가 빨라서 좋아요. 만족스러운 소비였어요.,빠른 흡수,4.69,,,
353,22,시카테롤 토너,귀여운기린652,건성,"여드름, 보습, 미백/잡티",2026.01.12,4,흡수가 빨라서 좋아요. 재구매는 고민중이에요.,빠른 흡수,4.69,,,
354,22,시카테롤 토너,산뜻한다람쥐180,복합성,"보습, 여드름, 민감성",2025.07.29,4,'시카테롤 토너' 사용 후기예요. 흡수가 빨라서 좋아요. 만족스러운 소비였어요.,빠른 흡수,4.69,,,
355,22,시카테롤 토너,행복한알파카659,건성,없음,2025.10.21,5,'시카테롤 토너' 사용 후기예요. 흡수가 빨라서 좋아요. 가격도 합리적이라 좋았어요.,빠른 흡수,4.69,https://drive.google.com/file/d/1TTno4GRWUqDa0HT2C4-_sTC2L7O-SxGG/view?usp=sharing,,
356,23,아토베리어365 캡슐 토너,상냥한호랑이619,건성,민감성,2026.02.17,5,흡수가 빨라서 좋아요. 추천하고 싶어요.,"촉촉함, 빠른 흡수",4.46,,,
357,23,아토베리어365 캡슐 토너,용감한수달501,건성,"민감성, 보습",2025.06.12,4,'아토베리어365 캡슐 토너' 사용 후기예요. 촉촉해서 만족스러워요. 캡슐이 톡톡 터지는 재미가 있어요.,"캡슐, 매끈한 피부결, 촉촉함, 쿨링감",4.46,,,
358,23,아토베리어365 캡슐 토너,엉뚱한얼룩말935,건성,"보습, 민감성",2025.03.15,4,'아토베리어365 캡슐 토너' 사용 후기예요. 피부 결이 매끈해지는 느낌이에요. 재구매 의사 있어요!,"수분감, 빠른 흡수, 매끈한 피부결, 캡슐",4.46,,,
359,23,아토베리어365 캡슐 토너,소심한여우151,건성,"민감성, 보습, 모공",2026.03.07,4,'아토베리어365 캡슐 토너' 사용 후기예요. 수분감이 오래가서 좋아요.,"매끈한 피부결, 수분감, 촉촉함",4.46,,,
360,23,아토베리어365 캡슐 토너,행복한고양이365,수부지,보습,2025.12.19,5,피부 결이 매끈해지는 느낌이에요. 수분감이 오래가서 좋아요. 바르는 순간 쿨링감이 느껴져요. 다음에도 또 살 것 같아요.,"매끈한 피부결, 수분감, 쿨링감",4.46,https://drive.google.com/file/d/1ojiOYd4DX2JBEUtPOur23aFzno3ul2ek/view?usp=sharing,https://drive.google.com/file/d/1g012Q59jMgf553LM7ee8aRXhvweqEOQX/view?usp=sharing,https://drive.google.com/file/d/1OcJlT0IRl93tn5Vbx6OrO_aTYcMOAoah/view?usp=sharing
361,23,아토베리어365 캡슐 토너,상냥한거북이913,수부지,보습,2025.11.24,5,'아토베리어365 캡슐 토너' 사용 후기예요. 피부 결이 매끈해지는 느낌이에요. 가격도 합리적이라 좋았어요.,"촉촉함, 매끈한 피부결",4.46,,,
362,23,아토베리어365 캡슐 토너,대담한기린264,수부지,민감성,2025.08.02,5,캡슐이 톡톡 터지는 재미가 있어요.,"촉촉함, 캡슐, 매끈한 피부결, 빠른 흡수, 쿨링감",4.46,,,
363,23,아토베리어365 캡슐 토너,명랑한벌새529,수부지,"민감성, 보습",2026.08.25,5,수분감이 오래가서 좋아요. 촉촉해서 만족스러워요. 바르는 순간 쿨링감이 느껴져요. 재구매 의사 있어요!,"수분감, 촉촉함, 쿨링감, 빠른 흡수",4.46,,,
364,23,아토베리어365 캡슐 토너,잠많은알파카679,수부지,"보습, 민감성",2025.11.15,4,바르는 순간 쿨링감이 느껴져요.,"촉촉함, 쿨링감",4.46,,,
365,23,아토베리어365 캡슐 토너,느긋한하마980,건성,"보습, 민감성",2026.04.01,4,바르는 순간 쿨링감이 느껴져요. 수분감이 오래가서 좋아요. 촉촉해서 만족스러워요.,"촉촉함, 쿨링감, 수분감",4.46,https://drive.google.com/file/d/1auWw5VFFK5FIxj4dmVMMqQAXoeaBgj6R/view?usp=sharing,https://drive.google.com/file/d/1FpZweAEVdvQijtDyCUFRCSlYkAJDV-l2/view?usp=sharing,
366,23,아토베리어365 캡슐 토너,익명의얼룩말6,건성,"보습, 민감성",2025.12.18,4,'아토베리어365 캡슐 토너' 사용 후기예요. 흡수가 빨라서 좋아요. 피부 결이 매끈해지는 느낌이에요. 만족스러운 소비였어요.,"매끈한 피부결, 빠른 흡수, 쿨링감",4.46,,,
367,23,아토베리어365 캡슐 토너,활발한오리425,수부지,민감성,2026.01.30,4,'아토베리어365 캡슐 토너' 사용 후기예요. 바르는 순간 쿨링감이 느껴져요. 재구매 의사 있어요!,"촉촉함, 캡슐, 쿨링감, 빠른 흡수",4.46,,,
368,23,아토베리어365 캡슐 토너,산뜻한여우133,수부지,보습,2025.06.10,5,촉촉해서 만족스러워요. 피부 결이 매끈해지는 느낌이에요. 흡수가 빨라서 좋아요. 추천하고 싶어요.,"빠른 흡수, 촉촉함, 매끈한 피부결",4.46,,,
369,25,크림 스킨 세라펩타이드™ 리파이너,상큼한고슴도치309,건성,"보습, 여드름",2025.04.12,5,'크림 스킨 세라펩타이드™ 리파이너' 사용 후기예요. 윤광이 돌아서 피부가 화사해 보여요. 흡수가 빨라서 좋아요. 다음에도 또 살 것 같아요.,"빠른 흡수, 윤광",4.32,,,
370,25,크림 스킨 세라펩타이드™ 리파이너,평범한나비908,건성,보습,2025.11.25,5,윤광이 돌아서 피부가 화사해 보여요. 흡수가 빨라서 좋아요. 다음에도 또 살 것 같아요.,"빠른 흡수, 윤광",4.32,https://drive.google.com/file/d/1Xyf2vNSOeLWT04ZDlfRcm2CxKYIuK7NU/view?usp=sharing,https://drive.google.com/file/d/12T_qi8M_zqHlcFzwpLS6NxC8cxLZbGrX/view?usp=sharing,
371,25,크림 스킨 세라펩타이드™ 리파이너,대담한고양이332,건성,보습,2025.08.25,5,'크림 스킨 세라펩타이드™ 리파이너' 사용 후기예요. 윤광이 돌아서 피부가 화사해 보여요. 흡수가 빨라서 좋아요. 다음에도 또 살 것 같아요.,"빠른 흡수, 윤광",4.32,,,
372,25,크림 스킨 세라펩타이드™ 리파이너,명랑한고양이418,건성,보습,2025.06.14,5,'크림 스킨 세라펩타이드™ 리파이너' 사용 후기예요. 윤광이 돌아서 피부가 화사해 보여요. 추천하고 싶어요.,"빠른 흡수, 윤광",4.32,,,
373,25,크림 스킨 세라펩타이드™ 리파이너,사랑스런라쿤304,건성,보습,2025.11.05,4,윤광이 돌아서 피부가 화사해 보여요. 흡수가 빨라서 좋아요. 가격도 합리적이라 좋았어요.,"윤광, 빠른 흡수",4.32,,,
374,25,크림 스킨 세라펩타이드™ 리파이너,상큼한하마761,건성,보습,2025.01.19,4,흡수가 빨라서 좋아요.,"윤광, 빠른 흡수",4.32,,,
375,25,크림 스킨 세라펩타이드™ 리파이너,엉뚱발랄한코알라652,건성,보습,2026.03.28,5,'크림 스킨 세라펩타이드™ 리파이너' 사용 후기예요. 윤광이 돌아서 피부가 화사해 보여요. 흡수가 빨라서 좋아요.,"윤광, 빠른 흡수",4.32,,,
376,25,크림 스킨 세라펩타이드™ 리파이너,몽글몽글한고양이664,건성,보습,2025.05.05,4,흡수가 빨라서 좋아요. 윤광이 돌아서 피부가 화사해 보여요. 만족스러운 소비였어요.,"빠른 흡수, 윤광",4.32,,,
377,25,크림 스킨 세라펩타이드™ 리파이너,평범한벌새641,건성,보습,2026.01.28,5,'크림 스킨 세라펩타이드™ 리파이너' 사용 후기예요. 윤광이 돌아서 피부가 화사해 보여요. 만족스러운 소비였어요.,"빠른 흡수, 윤광",4.32,https://drive.google.com/file/d/12T_qi8M_zqHlcFzwpLS6NxC8cxLZbGrX/view?usp=sharing,,
378,25,크림 스킨 세라펩타이드™ 리파이너,게으른고슴도치748,건성,보습,2026.03.10,4,흡수가 빨라서 좋아요. 윤광이 돌아서 피부가 화사해 보여요. 재구매는 고민중이에요.,"윤광, 빠른 흡수",4.32,,,
379,25,크림 스킨 세라펩타이드™ 리파이너,새침한토끼936,건성,보습,2026.01.17,3,윤광이 돌아서 피부가 화사해 보여요. 흡수가 빨라서 좋아요. 재구매는 고민중이에요.,"빠른 흡수, 윤광",4.32,,,
380,25,크림 스킨 세라펩타이드™ 리파이너,잠많은라쿤812,건성,보습,2025.05.20,4,'크림 스킨 세라펩타이드™ 리파이너' 사용 후기예요. 흡수가 빨라서 좋아요. 윤광이 돌아서 피부가 화사해 보여요. 가격도 합리적이라 좋았어요.,"윤광, 빠른 흡수",4.32,,,
381,25,크림 스킨 세라펩타이드™ 리파이너,산뜻한강아지149,건성,보습,2025.05.26,5,윤광이 돌아서 피부가 화사해 보여요. 흡수가 빨라서 좋아요.,"윤광, 빠른 흡수",4.32,,,
382,25,크림 스킨 세라펩타이드™ 리파이너,명랑한얼룩말33,건성,보습,2026.06.14,5,흡수가 빨라서 좋아요. 윤광이 돌아서 피부가 화사해 보여요. 가격도 합리적이라 좋았어요.,"윤광, 빠른 흡수",4.32,,,
383,25,크림 스킨 세라펩타이드™ 리파이너,든든한앵무새41,건성,보습,2025.09.13,5,'크림 스킨 세라펩타이드™ 리파이너' 사용 후기예요. 흡수가 빨라서 좋아요.,"빠른 흡수, 윤광",4.32,,,
384,25,크림 스킨 세라펩타이드™ 리파이너,용감한문어624,건성,보습,2026.06.29,2,윤광이 돌아서 피부가 화사해 보여요. 흡수가 빨라서 좋아요. 재구매는 안 할 것 같아요.,"빠른 흡수, 윤광",4.32,,,
385,25,크림 스킨 세라펩타이드™ 리파이너,게으른사자289,건성,보습,2026.05.05,3,흡수가 빨라서 좋아요. 윤광이 돌아서 피부가 화사해 보여요. 그냥 무난하게 쓰고 있어요.,"윤광, 빠른 흡수",4.32,,,
386,25,크림 스킨 세라펩타이드™ 리파이너,대담한고양이880,건성,보습,2026.03.26,4,윤광이 돌아서 피부가 화사해 보여요. 흡수가 빨라서 좋아요. 가격도 합리적이라 좋았어요.,"빠른 흡수, 윤광",4.32,,,
387,25,크림 스킨 세라펩타이드™ 리파이너,부지런한여우449,건성,보습,2026.01.06,5,흡수가 빨라서 좋아요. 윤광이 돌아서 피부가 화사해 보여요. 추천하고 싶어요.,"빠른 흡수, 윤광",4.32,,,
388,25,크림 스킨 세라펩타이드™ 리파이너,게으른사자21,건성,보습,2025.10.12,4,'크림 스킨 세라펩타이드™ 리파이너' 사용 후기예요. 흡수가 빨라서 좋아요. 윤광이 돌아서 피부가 화사해 보여요. 재구매는 고민중이에요.,"빠른 흡수, 윤광",4.32,https://drive.google.com/file/d/1HcNLYC8aDUzOKOEZgav_bh__-tcxJeo_/view?usp=sharing,,
389,25,크림 스킨 세라펩타이드™ 리파이너,부지런한수달420,건성,없음,2025.12.27,4,흡수가 빨라서 좋아요. 윤광이 돌아서 피부가 화사해 보여요.,"윤광, 빠른 흡수",4.32,,,
390,25,크림 스킨 세라펩타이드™ 리파이너,평범한물개144,건성,보습,2025.01.03,5,'크림 스킨 세라펩타이드™ 리파이너' 사용 후기예요. 윤광이 돌아서 피부가 화사해 보여요. 흡수가 빨라서 좋아요.,"윤광, 빠른 흡수",4.32,,,
391,26,하이드라비오 에센스 로션,상큼한나비237,건성,보습,2026.04.09,5,바른 후 광채가 나는 것 같아요. 수분감이 오래가서 좋아요. 가격도 합리적이라 좋았어요.,"광채, 수분감",4.39,,,
392,26,하이드라비오 에센스 로션,새침한토끼903,건성,보습,2025.08.22,4,수분감이 오래가서 좋아요. 바른 후 광채가 나는 것 같아요. 가격도 합리적이라 좋았어요.,"수분감, 광채",4.39,,,
393,26,하이드라비오 에센스 로션,반짝이는오리632,수부지,보습,2026.02.01,5,'하이드라비오 에센스 로션' 사용 후기예요. 수분감이 오래가서 좋아요. 추천하고 싶어요.,"광채, 수분감",4.39,https://drive.google.com/file/d/1X2S7l9l0S2izVzwyIZbLDgYahuHxdCtT/view?usp=sharing,,
394,26,하이드라비오 에센스 로션,자유로운곰돌이515,수부지,보습,2025.10.17,3,'하이드라비오 에센스 로션' 사용 후기예요. 바른 후 광채가 나는 것 같아요. 수분감이 오래가서 좋아요. 재구매는 고민중이에요.,"수분감, 광채",4.39,,,
395,26,하이드라비오 에센스 로션,익명의고양이320,수부지,보습,2025.09.26,4,'하이드라비오 에센스 로션' 사용 후기예요. 바른 후 광채가 나는 것 같아요. 수분감이 오래가서 좋아요. 가격도 합리적이라 좋았어요.,"수분감, 광채",4.39,,,
396,26,하이드라비오 에센스 로션,몽글몽글한병아리928,수부지,보습,2025.03.07,5,바른 후 광채가 나는 것 같아요. 수분감이 오래가서 좋아요. 만족스러운 소비였어요.,"수분감, 광채",4.39,,,
397,26,하이드라비오 에센스 로션,몽글몽글한부엉이580,수부지,보습,2026.04.06,5,'하이드라비오 에센스 로션' 사용 후기예요. 바른 후 광채가 나는 것 같아요. 가격도 합리적이라 좋았어요.,"광채, 수분감",4.39,,,
398,26,하이드라비오 에센스 로션,엉뚱한고양이168,수부지,보습,2025.11.13,5,바른 후 광채가 나는 것 같아요. 수분감이 오래가서 좋아요. 만족스러운 소비였어요.,"광채, 수분감",4.39,,,
399,26,하이드라비오 에센스 로션,씩씩한고래612,건성,보습,2026.01.21,5,'하이드라비오 에센스 로션' 사용 후기예요. 바른 후 광채가 나는 것 같아요. 수분감이 오래가서 좋아요. 다음에도 또 살 것 같아요.,"수분감, 광채",4.39,https://drive.google.com/file/d/1SjX9IIITjT9QY3Gud2wbafGP2S3cnY0b/view?usp=sharing,,
400,26,하이드라비오 에센스 로션,게으른여우984,건성,보습,2026.08.25,5,'하이드라비오 에센스 로션' 사용 후기예요. 바른 후 광채가 나는 것 같아요. 수분감이 오래가서 좋아요. 추천하고 싶어요.,"광채, 수분감",4.39,,,
401,26,하이드라비오 에센스 로션,산뜻한나비899,건성,보습,2026.04.21,4,수분감이 오래가서 좋아요. 바른 후 광채가 나는 것 같아요.,"광채, 수분감",4.39,,,
402,26,하이드라비오 에센스 로션,엉뚱한판다980,수부지,"보습, 민감성",2025.05.12,4,'하이드라비오 에센스 로션' 사용 후기예요. 수분감이 오래가서 좋아요. 바른 후 광채가 나는 것 같아요.,"수분감, 광채",4.39,,,
403,26,하이드라비오 에센스 로션,사랑스런물개805,수부지,보습,2025.12.25,5,수분감이 오래가서 좋아요. 바른 후 광채가 나는 것 같아요. 만족스러운 소비였어요.,"수분감, 광채",4.39,,,
404,26,하이드라비오 에센스 로션,든든한고슴도치979,수부지,보습,2025.05.28,5,'하이드라비오 에센스 로션' 사용 후기예요. 수분감이 오래가서 좋아요. 바른 후 광채가 나는 것 같아요.,"광채, 수분감",4.39,,,
405,26,하이드라비오 에센스 로션,대담한거북이300,수부지,보습,2025.06.18,2,'하이드라비오 에센스 로션' 사용 후기예요. 수분감이 오래가서 좋아요. 재구매는 안 할 것 같아요.,"수분감, 광채",4.39,,,
406,26,하이드라비오 에센스 로션,엉뚱발랄한수달826,수부지,보습,2025.10.26,5,'하이드라비오 에센스 로션' 사용 후기예요. 바른 후 광채가 나는 것 같아요. 가격도 합리적이라 좋았어요.,"광채, 수분감",4.39,,,
407,26,하이드라비오 에센스 로션,느긋한하마432,수부지,보습,2025.08.30,4,'하이드라비오 에센스 로션' 사용 후기예요. 수분감이 오래가서 좋아요. 재구매 의사 있어요!,"광채, 수분감",4.39,https://drive.google.com/file/d/1ukvznDgldgwbTxQSTD5C7LRIoztfEbZm/view?usp=sharing,,
408,26,하이드라비오 에센스 로션,부드러운오리818,수부지,보습,2025.05.14,4,'하이드라비오 에센스 로션' 사용 후기예요. 바른 후 광채가 나는 것 같아요. 만족스러운 소비였어요.,"광채, 수분감",4.39,,,
409,28,티트리 시카 수딩 토너,반짝이는사자536,수부지,민감성,2025.06.04,5,바르는 순간 쿨링감이 느껴져요. 추천하고 싶어요.,"쿨링감, 산뜻함",4.28,,,
410,28,티트리 시카 수딩 토너,씩씩한코알라967,수부지,"민감성, 보습",2025.06.15,4,'티트리 시카 수딩 토너' 사용 후기예요. 재구매 의사 있어요!,"수분감, 워터리한 텍스처",4.28,,,
411,28,티트리 시카 수딩 토너,새침한나비21,수부지,"보습, 민감성",2026.01.17,4,'티트리 시카 수딩 토너' 사용 후기예요. 순한 사용감이라 자극 없이 쓸 수 있었어요. 수분감이 오래가서 좋아요. 재구매 의사 있어요!,"순한 사용감, 쿨링감, 워터리한 텍스처, 수분감, 산뜻함",4.28,https://drive.google.com/file/d/1-OQR2okAbv1t8GBBknKTTsagR3NRAboC/view?usp=sharing,https://drive.google.com/file/d/1Vt1GQNTjNaU-ohHe38oURJGq8yihh3Wz/view?usp=sharing,
412,28,티트리 시카 수딩 토너,사랑스런문어574,수부지,"민감성, 보습",2025.07.07,4,'티트리 시카 수딩 토너' 사용 후기예요. 촉촉해서 만족스러워요. 재구매 의사 있어요!,"촉촉함, 순한 사용감",4.28,,,
413,28,티트리 시카 수딩 토너,상큼한물개340,수부지,"보습, 민감성",2026.04.19,4,'티트리 시카 수딩 토너' 사용 후기예요. 촉촉해서 만족스러워요. 수분감이 오래가서 좋아요. 만족스러운 소비였어요.,"워터리한 텍스처, 촉촉함, 수분감",4.28,,,
414,28,티트리 시카 수딩 토너,명랑한고양이183,수부지,보습,2025.08.04,3,순한 사용감이라 자극 없이 쓸 수 있었어요. 그냥 무난하게 쓰고 있어요.,"순한 사용감, 쿨링감, 산뜻함, 워터리한 텍스처",4.28,,,
415,28,티트리 시카 수딩 토너,말랑한고래229,수부지,"보습, 민감성, 여드름",2025.03.14,4,수분감이 오래가서 좋아요. 가격도 합리적이라 좋았어요.,"워터리한 텍스처, 쿨링감, 순한 사용감, 수분감",4.28,,,
416,28,티트리 시카 수딩 토너,배부른얼룩말626,수부지,"민감성, 보습",2025.08.14,5,순한 사용감이라 자극 없이 쓸 수 있었어요. 바르는 순간 쿨링감이 느껴져요. 수분감이 오래가서 좋아요. 다음에도 또 살 것 같아요.,"쿨링감, 촉촉함, 수분감, 산뜻함, 순한 사용감",4.28,,,
417,28,티트리 시카 수딩 토너,자유로운라쿤488,수부지,보습,2026.07.26,5,순한 사용감이라 자극 없이 쓸 수 있었어요. 추천하고 싶어요.,"순한 사용감, 쿨링감",4.28,,,
418,28,티트리 시카 수딩 토너,부지런한고양이281,수부지,"민감성, 보습",2025.09.11,4,촉촉해서 만족스러워요.,"산뜻함, 수분감, 촉촉함, 순한 사용감, 워터리한 텍스처",4.28,https://drive.google.com/file/d/1K4pkLTsBIY2k89AfYcGKyQE8IBS3Jv7C/view?usp=sharing,https://drive.google.com/file/d/1mKACF91c_n8DB4KNStTreMRkHNtsw9sS/view?usp=sharing,
419,28,티트리 시카 수딩 토너,조용한고양이119,수부지,"보습, 민감성",2025.03.02,4,'티트리 시카 수딩 토너' 사용 후기예요. 산뜻하게 발려서 좋아요. 재구매는 고민중이에요.,"산뜻함, 워터리한 텍스처, 쿨링감, 촉촉함, 순한 사용감",4.28,,,
420,28,티트리 시카 수딩 토너,행복한고슴도치387,수부지,"민감성, 보습",2026.03.08,3,'티트리 시카 수딩 토너' 사용 후기예요. 바르는 순간 쿨링감이 느껴져요. 그냥 무난하게 쓰고 있어요.,"워터리한 텍스처, 순한 사용감, 쿨링감, 촉촉함, 산뜻함",4.28,,,
421,28,티트리 시카 수딩 토너,익명의라쿤139,수부지,"민감성, 보습",2026.03.24,5,'티트리 시카 수딩 토너' 사용 후기예요. 산뜻하게 발려서 좋아요. 바르는 순간 쿨링감이 느껴져요. 다음에도 또 살 것 같아요.,"쿨링감, 산뜻함",4.28,,,
422,28,티트리 시카 수딩 토너,게으른오리843,수부지,"보습, 민감성",2026.01.17,4,'티트리 시카 수딩 토너' 사용 후기예요. 촉촉해서 만족스러워요. 산뜻하게 발려서 좋아요. 가격도 합리적이라 좋았어요.,"쿨링감, 촉촉함, 산뜻함, 워터리한 텍스처",4.28,,,
423,28,티트리 시카 수딩 토너,행복한고래982,수부지,보습,2025.07.24,4,순한 사용감이라 자극 없이 쓸 수 있었어요. 가격도 합리적이라 좋았어요.,"순한 사용감, 산뜻함, 워터리한 텍스처",4.28,,,
424,28,티트리 시카 수딩 토너,평범한라쿤911,수부지,보습,2025.04.23,5,산뜻하게 발려서 좋아요. 순한 사용감이라 자극 없이 쓸 수 있었어요. 수분감이 오래가서 좋아요. 추천하고 싶어요.,"수분감, 순한 사용감, 산뜻함, 촉촉함, 쿨링감",4.28,,,
425,28,티트리 시카 수딩 토너,소심한수달165,수부지,"보습, 민감성",2025.10.24,5,'티트리 시카 수딩 토너' 사용 후기예요. 바르는 순간 쿨링감이 느껴져요. 수분감이 오래가서 좋아요. 재구매 의사 있어요!,"수분감, 쿨링감",4.28,,,
426,28,티트리 시카 수딩 토너,새침한부엉이9,수부지,보습,2025.04.29,5,수분감이 오래가서 좋아요. 만족스러운 소비였어요.,"워터리한 텍스처, 수분감",4.28,https://drive.google.com/file/d/1DAdk2IIV-Vr9HsuSxFFLrYMGEfS60CT_/view?usp=sharing,,
427,28,티트리 시카 수딩 토너,부드러운앵무새548,수부지,없음,2025.06.25,5,수분감이 오래가서 좋아요. 추천하고 싶어요.,"쿨링감, 촉촉함, 순한 사용감, 수분감",4.28,,,
428,28,티트리 시카 수딩 토너,상냥한병아리824,수부지,보습,2025.03.20,3,순한 사용감이라 자극 없이 쓸 수 있었어요. 그냥 무난하게 쓰고 있어요.,"쿨링감, 순한 사용감, 수분감, 산뜻함",4.28,,,
429,28,티트리 시카 수딩 토너,잠많은해달196,수부지,"민감성, 보습",2026.05.23,4,'티트리 시카 수딩 토너' 사용 후기예요. 바르는 순간 쿨링감이 느껴져요. 재구매 의사 있어요!,"쿨링감, 촉촉함",4.28,,,
430,28,티트리 시카 수딩 토너,용감한라쿤766,수부지,"보습, 민감성, 모공",2026.08.25,5,'티트리 시카 수딩 토너' 사용 후기예요. 촉촉해서 만족스러워요. 산뜻하게 발려서 좋아요.,"산뜻함, 촉촉함",4.28,,,
431,28,티트리 시카 수딩 토너,느긋한강아지337,수부지,보습,2025.02.10,5,'티트리 시카 수딩 토너' 사용 후기예요. 순한 사용감이라 자극 없이 쓸 수 있었어요. 바르는 순간 쿨링감이 느껴져요.,"수분감, 쿨링감, 순한 사용감, 워터리한 텍스처, 촉촉함",4.28,,,
432,28,티트리 시카 수딩 토너,부드러운라쿤93,수부지,"민감성, 보습",2025.12.30,4,'티트리 시카 수딩 토너' 사용 후기예요. 순한 사용감이라 자극 없이 쓸 수 있었어요. 바르는 순간 쿨링감이 느껴져요. 재구매는 고민중이에요.,"순한 사용감, 워터리한 텍스처, 쿨링감",4.28,,,
433,28,티트리 시카 수딩 토너,반짝이는토끼243,수부지,"보습, 민감성",2026.07.10,4,순한 사용감이라 자극 없이 쓸 수 있었어요. 재구매 의사 있어요!,"순한 사용감, 촉촉함, 산뜻함, 워터리한 텍스처",4.28,,,
434,29,오리지널 웰빙 녹차스킨,새침한병아리626,중성,민감성,2025.05.16,5,'오리지널 웰빙 녹차스킨' 사용 후기예요. 향료가 첨가되지 않았어요. 만족스러운 소비였어요.,"촉촉함, 향료 무첨가, 산뜻함",4.27,,,
435,29,오리지널 웰빙 녹차스킨,활발한라쿤463,수부지,"보습, 민감성",2025.07.14,5,향료가 첨가되지 않았어요. 다음에도 또 살 것 같아요.,"향료 무첨가, 촉촉함, 산뜻함",4.27,,,
436,29,오리지널 웰빙 녹차스킨,용감한물개855,지성,민감성,2025.08.08,5,'오리지널 웰빙 녹차스킨' 사용 후기예요. 향료가 첨가되지 않았어요. 산뜻하게 발려서 좋아요. 촉촉해서 만족스러워요. 추천하고 싶어요.,"산뜻함, 향료 무첨가, 촉촉함",4.27,,,
437,29,오리지널 웰빙 녹차스킨,사랑스런고슴도치638,중성,"민감성, 보습, 피지/블랙헤드",2026.04.15,5,'오리지널 웰빙 녹차스킨' 사용 후기예요. 향료가 첨가되지 않았어요. 촉촉해서 만족스러워요. 다음에도 또 살 것 같아요.,"산뜻함, 촉촉함, 향료 무첨가",4.27,,,
438,29,오리지널 웰빙 녹차스킨,느긋한펭귄938,수부지,"민감성, 보습",2025.12.05,4,향료가 첨가되지 않았어요. 산뜻하게 발려서 좋아요. 촉촉해서 만족스러워요. 재구매 의사 있어요!,"향료 무첨가, 산뜻함, 촉촉함",4.27,,,
439,29,오리지널 웰빙 녹차스킨,게으른고래199,중성,보습,2025.03.27,3,'오리지널 웰빙 녹차스킨' 사용 후기예요. 촉촉해서 만족스러워요. 나쁘지 않아요.,"산뜻함, 향료 무첨가, 촉촉함",4.27,,,
440,29,오리지널 웰빙 녹차스킨,느긋한앵무새80,지성,"민감성, 보습",2026.05.10,4,산뜻하게 발려서 좋아요. 촉촉해서 만족스러워요. 만족스러운 소비였어요.,"촉촉함, 산뜻함",4.27,,,
441,29,오리지널 웰빙 녹차스킨,자유로운두더지714,건성,"보습, 민감성",2026.08.13,5,촉촉해서 만족스러워요.,"산뜻함, 촉촉함",4.27,https://drive.google.com/file/d/1A6moq1vGL22CeFVW0CNwnIAN8bVi8q1N/view?usp=sharing,https://drive.google.com/file/d/1D19g1HslvCuhVFBQiR26SLcCWr6YRm-_/view?usp=sharing,
442,29,오리지널 웰빙 녹차스킨,씩씩한나비251,중성,보습,2025.06.22,3,'오리지널 웰빙 녹차스킨' 사용 후기예요. 산뜻하게 발려서 좋아요. 향료가 첨가되지 않았어요. 재구매는 고민중이에요.,"향료 무첨가, 산뜻함",4.27,,,
443,29,오리지널 웰빙 녹차스킨,배부른부엉이586,건성,"보습, 민감성, 미백/잡티",2026.04.07,4,향료가 첨가되지 않았어요. 산뜻하게 발려서 좋아요. 촉촉해서 만족스러워요. 만족스러운 소비였어요.,"향료 무첨가, 산뜻함, 촉촉함",4.27,,,
444,29,오리지널 웰빙 녹차스킨,상큼한라쿤43,수부지,"민감성, 보습",2026.01.23,5,'오리지널 웰빙 녹차스킨' 사용 후기예요. 촉촉해서 만족스러워요. 가격도 합리적이라 좋았어요.,"촉촉함, 산뜻함",4.27,,,
445,29,오리지널 웰빙 녹차스킨,촉촉한두더지502,중성,"민감성, 보습",2025.07.21,4,촉촉해서 만족스러워요. 산뜻하게 발려서 좋아요. 재구매는 고민중이에요.,"촉촉함, 산뜻함",4.27,,,
446,29,오리지널 웰빙 녹차스킨,든든한수달227,지성,"보습, 민감성",2025.02.28,1,'오리지널 웰빙 녹차스킨' 사용 후기예요. 산뜻하게 발려서 좋아요. 향료가 첨가되지 않았어요. 아쉬운 점이 많았어요.,"산뜻함, 촉촉함, 향료 무첨가",4.27,,,
447,29,오리지널 웰빙 녹차스킨,씩씩한해달662,복합성,"보습, 민감성",2026.01.29,2,촉촉해서 만족스러워요.,"산뜻함, 향료 무첨가, 촉촉함",4.27,,,
448,29,오리지널 웰빙 녹차스킨,씩씩한강아지262,복합성,"보습, 민감성",2025.12.17,5,'오리지널 웰빙 녹차스킨' 사용 후기예요. 촉촉해서 만족스러워요. 산뜻하게 발려서 좋아요. 추천하고 싶어요.,"촉촉함, 산뜻함, 향료 무첨가",4.27,,,
449,29,오리지널 웰빙 녹차스킨,부지런한물개366,복합성,"민감성, 보습",2025.06.08,5,촉촉해서 만족스러워요. 재구매 의사 있어요!,"산뜻함, 촉촉함, 향료 무첨가",4.27,,,
450,29,오리지널 웰빙 녹차스킨,익명의다람쥐314,수부지,"보습, 민감성",2025.04.25,5,촉촉해서 만족스러워요. 향료가 첨가되지 않았어요. 재구매 의사 있어요!,"향료 무첨가, 촉촉함, 산뜻함",4.27,,,
451,29,오리지널 웰빙 녹차스킨,새침한호랑이486,중성,"보습, 민감성, 피지/블랙헤드",2025.10.24,5,촉촉해서 만족스러워요. 향료가 첨가되지 않았어요. 추천하고 싶어요.,"향료 무첨가, 촉촉함",4.27,https://drive.google.com/file/d/1Y0VpjoYjM9lkUqqu_57ZOp5oIYEPVJIg/view?usp=sharing,,
452,29,오리지널 웰빙 녹차스킨,익명의거북이847,중성,"민감성, 보습",2025.07.17,4,촉촉해서 만족스러워요. 향료가 첨가되지 않았어요. 산뜻하게 발려서 좋아요.,"촉촉함, 산뜻함, 향료 무첨가",4.27,,,
453,29,오리지널 웰빙 녹차스킨,상냥한벌새387,건성,보습,2025.12.01,5,'오리지널 웰빙 녹차스킨' 사용 후기예요. 촉촉해서 만족스러워요. 산뜻하게 발려서 좋아요. 향료가 첨가되지 않았어요. 추천하고 싶어요.,"향료 무첨가, 촉촉함, 산뜻함",4.27,https://drive.google.com/file/d/1xkFf2LRMPHPZDxnwIuFNGfxHJfbuvCNp/view?usp=sharing,,
454,29,오리지널 웰빙 녹차스킨,새침한알파카315,수부지,"보습, 민감성, 미백/잡티",2025.12.26,5,'오리지널 웰빙 녹차스킨' 사용 후기예요. 산뜻하게 발려서 좋아요. 가격도 합리적이라 좋았어요.,"산뜻함, 촉촉함, 향료 무첨가",4.27,,,
455,29,오리지널 웰빙 녹차스킨,게으른다람쥐127,수부지,민감성,2025.11.19,5,'오리지널 웰빙 녹차스킨' 사용 후기예요. 향료가 첨가되지 않았어요. 산뜻하게 발려서 좋아요. 촉촉해서 만족스러워요.,"향료 무첨가, 산뜻함, 촉촉함",4.27,,,
456,29,오리지널 웰빙 녹차스킨,잠많은라쿤888,지성,보습,2025.01.29,5,'오리지널 웰빙 녹차스킨' 사용 후기예요. 향료가 첨가되지 않았어요. 추천하고 싶어요.,"향료 무첨가, 촉촉함, 산뜻함",4.27,,,
457,29,오리지널 웰빙 녹차스킨,엉뚱발랄한코알라514,건성,"보습, 민감성",2025.05.21,5,산뜻하게 발려서 좋아요. 향료가 첨가되지 않았어요. 만족스러운 소비였어요.,"향료 무첨가, 산뜻함",4.27,,,
458,29,오리지널 웰빙 녹차스킨,산뜻한문어529,건성,보습,2026.03.31,3,'오리지널 웰빙 녹차스킨' 사용 후기예요. 촉촉해서 만족스러워요. 향료가 첨가되지 않았어요. 산뜻하게 발려서 좋아요.,"향료 무첨가, 산뜻함, 촉촉함",4.27,,,
459,29,오리지널 웰빙 녹차스킨,배부른고양이338,건성,"민감성, 보습",2025.05.18,5,촉촉해서 만족스러워요. 산뜻하게 발려서 좋아요. 만족스러운 소비였어요.,"산뜻함, 향료 무첨가, 촉촉함",4.27,,,
460,29,오리지널 웰빙 녹차스킨,느긋한벌새532,수부지,"민감성, 보습",2025.03.15,5,'오리지널 웰빙 녹차스킨' 사용 후기예요. 산뜻하게 발려서 좋아요. 재구매 의사 있어요!,"산뜻함, 향료 무첨가",4.27,https://drive.google.com/file/d/19AzzRk28OnnSv7LGhV0EC_dIs1C8jhfH/view?usp=sharing,,
461,29,오리지널 웰빙 녹차스킨,소심한나비137,건성,민감성,2025.12.20,2,'오리지널 웰빙 녹차스킨' 사용 후기예요. 향료가 첨가되지 않았어요. 기대만큼은 아니었어요.,"촉촉함, 향료 무첨가",4.27,,,
462,29,오리지널 웰빙 녹차스킨,느긋한라쿤809,수부지,"보습, 민감성",2025.01.18,4,향료가 첨가되지 않았어요. 촉촉해서 만족스러워요. 산뜻하게 발려서 좋아요. 가격도 합리적이라 좋았어요.,"향료 무첨가, 촉촉함, 산뜻함",4.27,,,
463,29,오리지널 웰빙 녹차스킨,엉뚱한기린365,건성,보습,2026.01.27,5,향료가 첨가되지 않았어요. 촉촉해서 만족스러워요. 다음에도 또 살 것 같아요.,"산뜻함, 촉촉함, 향료 무첨가",4.27,,,
464,30,세라마이드 릴리프 하이드레이션 토너,익명의문어397,복합성,민감성,2025.03.04,5,'세라마이드 릴리프 하이드레이션 토너' 사용 후기예요. 캡슐이 톡톡 터지는 재미가 있어요. 산뜻하게 발려서 좋아요.,"캡슐, 산뜻함, 촉촉함",4.46,,,
465,30,세라마이드 릴리프 하이드레이션 토너,상냥한여우30,건성,민감성,2025.06.27,5,'세라마이드 릴리프 하이드레이션 토너' 사용 후기예요. 촉촉해서 만족스러워요. 캡슐이 톡톡 터지는 재미가 있어요. 산뜻하게 발려서 좋아요. 재구매 의사 있어요!,"캡슐, 산뜻함, 촉촉함",4.46,,,
466,30,세라마이드 릴리프 하이드레이션 토너,잠많은문어50,건성,없음,2026.03.10,5,촉촉해서 만족스러워요. 산뜻하게 발려서 좋아요. 캡슐이 톡톡 터지는 재미가 있어요. 가격도 합리적이라 좋았어요.,"촉촉함, 캡슐, 산뜻함",4.46,https://drive.google.com/file/d/1TTno4GRWUqDa0HT2C4-_sTC2L7O-SxGG/view?usp=sharing,https://drive.google.com/file/d/1ojiOYd4DX2JBEUtPOur23aFzno3ul2ek/view?usp=sharing,
467,30,세라마이드 릴리프 하이드레이션 토너,평범한코알라559,복합성,민감성,2026.08.25,5,'세라마이드 릴리프 하이드레이션 토너' 사용 후기예요. 캡슐이 톡톡 터지는 재미가 있어요. 다음에도 또 살 것 같아요.,"촉촉함, 산뜻함, 캡슐",4.46,,,
468,30,세라마이드 릴리프 하이드레이션 토너,상냥한라쿤162,건성,민감성,2026.06.05,3,촉촉해서 만족스러워요. 캡슐이 톡톡 터지는 재미가 있어요. 나쁘지 않아요.,"촉촉함, 캡슐",4.46,,,
469,30,세라마이드 릴리프 하이드레이션 토너,귀여운오리45,복합성,민감성,2025.05.29,5,'세라마이드 릴리프 하이드레이션 토너' 사용 후기예요. 촉촉해서 만족스러워요.,"캡슐, 산뜻함, 촉촉함",4.46,,,
470,30,세라마이드 릴리프 하이드레이션 토너,게으른사자626,건성,민감성,2026.09.08,5,'세라마이드 릴리프 하이드레이션 토너' 사용 후기예요. 산뜻하게 발려서 좋아요. 촉촉해서 만족스러워요. 캡슐이 톡톡 터지는 재미가 있어요. 다음에도 또 살 것 같아요.,"캡슐, 산뜻함, 촉촉함",4.46,,,
471,30,세라마이드 릴리프 하이드레이션 토너,배부른곰돌이981,복합성,민감성,2025.07.14,3,산뜻하게 발려서 좋아요. 나쁘지 않아요.,"촉촉함, 산뜻함, 캡슐",4.46,,,
472,30,세라마이드 릴리프 하이드레이션 토너,익명의오리870,건성,민감성,2025.05.07,5,'세라마이드 릴리프 하이드레이션 토너' 사용 후기예요. 산뜻하게 발려서 좋아요. 촉촉해서 만족스러워요. 만족스러운 소비였어요.,"캡슐, 산뜻함, 촉촉함",4.46,https://drive.google.com/file/d/1rwzTt0PSfcpVUV7SSPPoifGNuDV4iuSj/view?usp=sharing,https://drive.google.com/file/d/1OcJlT0IRl93tn5Vbx6OrO_aTYcMOAoah/view?usp=sharing,https://drive.google.com/file/d/1dtzNv-7uAi8cTrO-EJ02I5HJmn4vr6Gb/view?usp=sharing
473,30,세라마이드 릴리프 하이드레이션 토너,몽글몽글한사자446,복합성,민감성,2025.06.25,5,촉촉해서 만족스러워요. 가격도 합리적이라 좋았어요.,"산뜻함, 촉촉함, 캡슐",4.46,,,
474,30,세라마이드 릴리프 하이드레이션 토너,게으른벌새504,건성,민감성,2026.08.03,3,'세라마이드 릴리프 하이드레이션 토너' 사용 후기예요. 산뜻하게 발려서 좋아요.,"촉촉함, 산뜻함, 캡슐",4.46,,,
475,30,세라마이드 릴리프 하이드레이션 토너,소심한펭귄610,건성,민감성,2026.04.09,4,'세라마이드 릴리프 하이드레이션 토너' 사용 후기예요. 산뜻하게 발려서 좋아요. 촉촉해서 만족스러워요. 만족스러운 소비였어요.,"산뜻함, 촉촉함, 캡슐",4.46,https://drive.google.com/file/d/1FpZweAEVdvQijtDyCUFRCSlYkAJDV-l2/view?usp=sharing,,
476,30,세라마이드 릴리프 하이드레이션 토너,소심한해달233,건성,민감성,2026.04.01,5,산뜻하게 발려서 좋아요. 캡슐이 톡톡 터지는 재미가 있어요. 촉촉해서 만족스러워요. 재구매 의사 있어요!,"촉촉함, 캡슐, 산뜻함",4.46,,,
477,31,아토베리어365 크림,배부른펭귄34,수부지,보습,2025.01.21,5,흡수가 빨라서 좋아요. 추천하고 싶어요.,"빠른 흡수, 부드러운 발림성",5,https://drive.google.com/file/d/1x9l_Te_AvoJlghVrq0oifo1qMtyM1RHr/view?usp=drive_link,https://drive.google.com/file/d/1YGnjAS_0imBEvyixy1Q7HYkGfoPru6OX/view?usp=drive_link,https://drive.google.com/file/d/1lYUCzB6Ho7zOd6u8PeOXRLaq3KeVrP27/view?usp=drive_link
478,31,아토베리어365 크림,잠많은나비939,지성,"보습, 민감성",2025.07.08,5,'아토베리어365 크림' 사용 후기예요. 촉촉해서 만족스러워요. 추천하고 싶어요.,"촉촉함, 빠른 흡수, 부드러운 발림성",5,https://drive.google.com/file/d/1cz-lQ-DSVNouwbDl__2tcXET35ZPN41J/view?usp=drive_link,,
479,31,아토베리어365 크림,소심한알파카613,수부지,"보습, 민감성, 탄력/주름",2026.07.02,5,'아토베리어365 크림' 사용 후기예요. 다음에도 또 살 것 같아요.,"부드러운 발림성, 빠른 흡수",5,https://drive.google.com/file/d/1lne1VHIt9sHC-MFp2o0z9QuyjG6G_HfI/view?usp=drive_link,,
480,31,아토베리어365 크림,배부른고슴도치540,수부지,"민감성, 보습",2025.10.15,5,흡수가 빨라서 좋아요. 재구매 의사 있어요!,"부드러운 발림성, 촉촉함, 빠른 흡수",5,https://drive.google.com/file/d/1M5A-262-r4HraoIzdtYEK1Jiw45w6VdE/view?usp=drive_link,,
481,31,아토베리어365 크림,몽글몽글한고슴도치419,지성,"민감성, 보습",2025.05.23,5,'아토베리어365 크림' 사용 후기예요. 흡수가 빨라서 좋아요. 가격도 합리적이라 좋았어요.,"빠른 흡수, 부드러운 발림성",5,,,
482,31,아토베리어365 크림,느긋한하마303,중성,"민감성, 보습",2025.10.18,5,흡수가 빨라서 좋아요. 다음에도 또 살 것 같아요.,"빠른 흡수, 부드러운 발림성, 촉촉함",5,,,
483,31,아토베리어365 크림,몽글몽글한기린77,복합성,없음,2026.07.16,5,촉촉해서 만족스러워요.,"촉촉함, 빠른 흡수, 부드러운 발림성",5,https://drive.google.com/file/d/1tKO6mqxtU0-tERwaBXyyXfRgPV47fwxr/view?usp=drive_link,https://drive.google.com/file/d/1cz-lQ-DSVNouwbDl__2tcXET35ZPN41J/view?usp=drive_link,
484,31,아토베리어365 크림,용감한나비542,지성,보습,2025.05.16,5,흡수가 빨라서 좋아요. 재구매 의사 있어요!,"촉촉함, 부드러운 발림성, 빠른 흡수",5,,,
485,32,리얼 히알루로닉 수딩 크림,엉뚱한코알라954,건성,"보습, 민감성",2026.09.02,4,'리얼 히알루로닉 수딩 크림' 사용 후기예요. 재구매는 고민중이에요.,"무색소, 촉촉함, 산뜻함",4.38,https://drive.google.com/file/d/15GRqQfCILjIOGRYtKQsUZWGYNBNlynYI/view?usp=drive_link,https://drive.google.com/file/d/1pENfa0k5k0x5p-OEWdsLLnnzvacGKTRa/view?usp=drive_link,https://drive.google.com/file/d/15a_nX6SX7SPu1OjXn21OIbEzh4gTDZAb/view?usp=drive_link
486,32,리얼 히알루로닉 수딩 크림,느긋한문어294,중성,"민감성, 보습, 모공",2026.05.13,4,'리얼 히알루로닉 수딩 크림' 사용 후기예요. 향이 거의 없어서 부담 없어요. 촉촉해서 만족스러워요. 재구매는 고민중이에요.,"촉촉함, 무향",4.38,https://drive.google.com/file/d/13TCVty_fL5N_B9AcJd9LUnYETdTtjYue/view?usp=drive_link,https://drive.google.com/file/d/1uvX7BHvE0UA1yAJvNaW4Ney_lFmdsA87/view?usp=drive_link,
487,32,리얼 히알루로닉 수딩 크림,행복한해달534,중성,"민감성, 보습",2025.05.29,4,'리얼 히알루로닉 수딩 크림' 사용 후기예요. 바르는 순간 쿨링감이 느껴져요. 산뜻하게 발려서 좋아요. 재구매는 고민중이에요.,"무색소, 쿨링감, 산뜻함, 촉촉함",4.38,https://drive.google.com/file/d/1SUqbqJR8Y1pLJ2Ky20fDAm7n_XeyZ3Tu/view?usp=drive_link,,
488,32,리얼 히알루로닉 수딩 크림,대담한고양이257,지성,없음,2026.07.17,5,향이 거의 없어서 부담 없어요. 바르는 순간 쿨링감이 느껴져요. 재구매 의사 있어요!,"무향, 쿨링감",4.38,https://drive.google.com/file/d/1UrD3JSDNPqJrt425mPP5hXvrRIgLiWll/view?usp=drive_link,https://drive.google.com/file/d/1x9l_Te_AvoJlghVrq0oifo1qMtyM1RHr/view?usp=drive_link,https://drive.google.com/file/d/1YGnjAS_0imBEvyixy1Q7HYkGfoPru6OX/view?usp=drive_link
489,32,리얼 히알루로닉 수딩 크림,산뜻한여우641,지성,"보습, 민감성",2025.02.06,4,'리얼 히알루로닉 수딩 크림' 사용 후기예요. 산뜻하게 발려서 좋아요. 바르는 순간 쿨링감이 느껴져요.,"쿨링감, 무색소, 산뜻함, 무향, 산뜻함",4.38,https://drive.google.com/file/d/1mjlJ-KPW00rIVQ4636mMbVhFblVVDrNd/view?usp=drive_link,https://drive.google.com/file/d/1lYUCzB6Ho7zOd6u8PeOXRLaq3KeVrP27/view?usp=drive_link,https://drive.google.com/file/d/1M5A-262-r4HraoIzdtYEK1Jiw45w6VdE/view?usp=drive_link
490,32,리얼 히알루로닉 수딩 크림,조용한물개274,복합성,"민감성, 보습",2026.06.27,5,'리얼 히알루로닉 수딩 크림' 사용 후기예요. 산뜻하게 발려서 좋아요. 가격도 합리적이라 좋았어요.,"쿨링감, 무색소, 산뜻함",4.38,https://drive.google.com/file/d/1kOm7JJo4YGrOxlIVRuKYclzj0IqtTRj4/view?usp=drive_link,,
491,32,리얼 히알루로닉 수딩 크림,명랑한얼룩말568,복합성,보습,2025.05.14,5,향이 거의 없어서 부담 없어요.,"무색소, 산뜻함, 산뜻함, 무향, 쿨링감",4.38,https://drive.google.com/file/d/1M5A-262-r4HraoIzdtYEK1Jiw45w6VdE/view?usp=drive_link,https://drive.google.com/file/d/1lne1VHIt9sHC-MFp2o0z9QuyjG6G_HfI/view?usp=drive_link,
492,32,리얼 히알루로닉 수딩 크림,조용한여우680,복합성,"보습, 민감성",2025.12.08,2,바르는 순간 쿨링감이 느껴져요.,"쿨링감, 촉촉함",4.38,https://drive.google.com/file/d/1pENfa0k5k0x5p-OEWdsLLnnzvacGKTRa/view?usp=drive_link,,
493,32,리얼 히알루로닉 수딩 크림,말랑한라쿤36,건성,민감성,2026.02.26,5,바르는 순간 쿨링감이 느껴져요. 재구매 의사 있어요!,"산뜻함, 무향, 촉촉함, 쿨링감",4.38,https://drive.google.com/file/d/1UrD3JSDNPqJrt425mPP5hXvrRIgLiWll/view?usp=drive_link,https://drive.google.com/file/d/15GRqQfCILjIOGRYtKQsUZWGYNBNlynYI/view?usp=drive_link,
494,32,리얼 히알루로닉 수딩 크림,자유로운고래284,지성,"보습, 민감성",2025.09.12,5,바르는 순간 쿨링감이 느껴져요. 촉촉해서 만족스러워요.,"촉촉함, 산뜻함, 쿨링감",4.38,https://drive.google.com/file/d/1yaabnbGKOUGpkQpMomWjVCBk91XvT5cy/view?usp=drive_link,https://drive.google.com/file/d/1YGnjAS_0imBEvyixy1Q7HYkGfoPru6OX/view?usp=drive_link,
495,32,리얼 히알루로닉 수딩 크림,엉뚱발랄한물개698,복합성,"민감성, 보습",2025.12.06,4,바르는 순간 쿨링감이 느껴져요. 만족스러운 소비였어요.,"산뜻함, 촉촉함, 쿨링감, 산뜻함, 무향",4.38,https://drive.google.com/file/d/1yaabnbGKOUGpkQpMomWjVCBk91XvT5cy/view?usp=drive_link,,
496,32,리얼 히알루로닉 수딩 크림,활발한수달313,복합성,"민감성, 보습",2026.05.24,5,'리얼 히알루로닉 수딩 크림' 사용 후기예요. 산뜻하게 발려서 좋아요. 다음에도 또 살 것 같아요.,"쿨링감, 무색소, 산뜻함",4.38,https://drive.google.com/file/d/1kOm7JJo4YGrOxlIVRuKYclzj0IqtTRj4/view?usp=drive_link,https://drive.google.com/file/d/1lYUCzB6Ho7zOd6u8PeOXRLaq3KeVrP27/view?usp=drive_link,https://drive.google.com/file/d/1wEQOUWrs782tcSWsblkZyoJJCo1p9N64/view?usp=drive_link
497,32,리얼 히알루로닉 수딩 크림,명랑한문어13,중성,민감성,2025.09.30,5,'리얼 히알루로닉 수딩 크림' 사용 후기예요. 향이 거의 없어서 부담 없어요. 추천하고 싶어요.,"무향, 산뜻함, 산뜻함, 촉촉함, 쿨링감",4.38,https://drive.google.com/file/d/1pENfa0k5k0x5p-OEWdsLLnnzvacGKTRa/view?usp=drive_link,https://drive.google.com/file/d/1UrD3JSDNPqJrt425mPP5hXvrRIgLiWll/view?usp=drive_link,https://drive.google.com/file/d/15GRqQfCILjIOGRYtKQsUZWGYNBNlynYI/view?usp=drive_link
498,33,아쿠아 스쿠알란 수분크림,든든한벌새806,수부지,보습,2025.12.17,5,'아쿠아 스쿠알란 수분크림' 사용 후기예요. 흡수가 빨라서 좋아요. 촉촉해서 만족스러워요. 쫀쫀한 텍스처가 마음에 들어요.,"수분광, 빠른 흡수, 쫀쫀함, 촉촉함, 무향",4.42,https://drive.google.com/file/d/15a_nX6SX7SPu1OjXn21OIbEzh4gTDZAb/view?usp=drive_link,https://drive.google.com/file/d/1SUqbqJR8Y1pLJ2Ky20fDAm7n_XeyZ3Tu/view?usp=drive_link,https://drive.google.com/file/d/1YGnjAS_0imBEvyixy1Q7HYkGfoPru6OX/view?usp=drive_link
499,33,아쿠아 스쿠알란 수분크림,든든한호랑이831,복합성,민감성,2025.02.17,4,'아쿠아 스쿠알란 수분크림' 사용 후기예요. 흡수가 빨라서 좋아요. 촉촉해서 만족스러워요. 가격도 합리적이라 좋았어요.,"촉촉함, 빠른 흡수",4.42,https://drive.google.com/file/d/1lne1VHIt9sHC-MFp2o0z9QuyjG6G_HfI/view?usp=drive_link,https://drive.google.com/file/d/179Y6CDPKyzYvJ44cQ4f0InNAtV9ZZc7F/view?usp=drive_link,https://drive.google.com/file/d/15GRqQfCILjIOGRYtKQsUZWGYNBNlynYI/view?usp=drive_link
500,33,아쿠아 스쿠알란 수분크림,행복한하마841,수부지,"민감성, 보습",2026.09.04,3,향이 거의 없어서 부담 없어요.,"무향, 수분광, 쫀쫀함, 빠른 흡수",4.42,https://drive.google.com/file/d/13TCVty_fL5N_B9AcJd9LUnYETdTtjYue/view?usp=drive_link,https://drive.google.com/file/d/15a_nX6SX7SPu1OjXn21OIbEzh4gTDZAb/view?usp=drive_link,https://drive.google.com/file/d/1YGnjAS_0imBEvyixy1Q7HYkGfoPru6OX/view?usp=drive_link
501,33,아쿠아 스쿠알란 수분크림,사랑스런해달845,복합성,"민감성, 보습",2026.05.14,4,'아쿠아 스쿠알란 수분크림' 사용 후기예요. 흡수가 빨라서 좋아요. 쫀쫀한 텍스처가 마음에 들어요. 가격도 합리적이라 좋았어요.,"빠른 흡수, 무향, 쫀쫀함",4.42,https://drive.google.com/file/d/1SUqbqJR8Y1pLJ2Ky20fDAm7n_XeyZ3Tu/view?usp=drive_link,https://drive.google.com/file/d/1lne1VHIt9sHC-MFp2o0z9QuyjG6G_HfI/view?usp=drive_link,https://drive.google.com/file/d/1x9l_Te_AvoJlghVrq0oifo1qMtyM1RHr/view?usp=drive_link
502,33,아쿠아 스쿠알란 수분크림,소심한알파카186,복합성,민감성,2025.06.03,5,'아쿠아 스쿠알란 수분크림' 사용 후기예요. 촉촉해서 만족스러워요. 다음에도 또 살 것 같아요.,"무향, 촉촉함, 빠른 흡수",4.42,https://drive.google.com/file/d/15GRqQfCILjIOGRYtKQsUZWGYNBNlynYI/view?usp=drive_link,https://drive.google.com/file/d/1M5A-262-r4HraoIzdtYEK1Jiw45w6VdE/view?usp=drive_link,
503,33,아쿠아 스쿠알란 수분크림,느긋한판다991,건성,"보습, 민감성",2026.07.16,5,가격도 합리적이라 좋았어요.,"수분광, 무향",4.42,https://drive.google.com/file/d/1pENfa0k5k0x5p-OEWdsLLnnzvacGKTRa/view?usp=drive_link,https://drive.google.com/file/d/1x9l_Te_AvoJlghVrq0oifo1qMtyM1RHr/view?usp=drive_link,
504,33,아쿠아 스쿠알란 수분크림,용감한라쿤406,건성,"민감성, 보습",2025.10.11,5,향이 거의 없어서 부담 없어요. 만족스러운 소비였어요.,"수분광, 무향",4.42,,,
505,33,아쿠아 스쿠알란 수분크림,사랑스런거북이966,지성,"민감성, 보습",2025.09.07,4,'아쿠아 스쿠알란 수분크림' 사용 후기예요. 가격도 합리적이라 좋았어요.,"무향, 수분광",4.42,,,
506,33,아쿠아 스쿠알란 수분크림,산뜻한고래10,복합성,"민감성, 보습",2026.06.05,5,쫀쫀한 텍스처가 마음에 들어요. 촉촉해서 만족스러워요. 추천하고 싶어요.,"쫀쫀함, 수분광, 촉촉함",4.42,https://drive.google.com/file/d/1yaabnbGKOUGpkQpMomWjVCBk91XvT5cy/view?usp=drive_link,https://drive.google.com/file/d/1kOm7JJo4YGrOxlIVRuKYclzj0IqtTRj4/view?usp=drive_link,
507,33,아쿠아 스쿠알란 수분크림,사랑스런하마1,건성,"민감성, 보습",2026.03.25,5,'아쿠아 스쿠알란 수분크림' 사용 후기예요. 흡수가 빨라서 좋아요. 향이 거의 없어서 부담 없어요. 촉촉해서 만족스러워요. 다음에도 또 살 것 같아요.,"무향, 쫀쫀함, 촉촉함, 수분광, 빠른 흡수",4.42,,,
508,33,아쿠아 스쿠알란 수분크림,조용한물개549,수부지,"민감성, 보습",2025.09.20,5,'아쿠아 스쿠알란 수분크림' 사용 후기예요. 촉촉해서 만족스러워요. 다음에도 또 살 것 같아요.,"촉촉함, 수분광",4.42,https://drive.google.com/file/d/1kOm7JJo4YGrOxlIVRuKYclzj0IqtTRj4/view?usp=drive_link,,
509,33,아쿠아 스쿠알란 수분크림,상큼한호랑이370,수부지,민감성,2025.09.11,4,촉촉해서 만족스러워요. 향이 거의 없어서 부담 없어요. 흡수가 빨라서 좋아요. 재구매는 고민중이에요.,"무향, 수분광, 쫀쫀함, 빠른 흡수, 촉촉함",4.42,,,
510,33,아쿠아 스쿠알란 수분크림,자유로운수달51,복합성,"보습, 민감성",2025.04.20,5,'아쿠아 스쿠알란 수분크림' 사용 후기예요. 흡수가 빨라서 좋아요. 쫀쫀한 텍스처가 마음에 들어요.,"촉촉함, 무향, 빠른 흡수, 쫀쫀함, 수분광",4.42,https://drive.google.com/file/d/1lYUCzB6Ho7zOd6u8PeOXRLaq3KeVrP27/view?usp=drive_link,,
511,33,아쿠아 스쿠알란 수분크림,소심한다람쥐679,건성,없음,2025.09.25,4,'아쿠아 스쿠알란 수분크림' 사용 후기예요. 흡수가 빨라서 좋아요. 향이 거의 없어서 부담 없어요.,"무향, 빠른 흡수",4.42,,,
512,33,아쿠아 스쿠알란 수분크림,상냥한호랑이302,수부지,"민감성, 보습, 모공",2025.02.01,4,향이 거의 없어서 부담 없어요. 촉촉해서 만족스러워요. 재구매는 고민중이에요.,"촉촉함, 무향, 쫀쫀함, 수분광",4.42,,,
513,33,아쿠아 스쿠알란 수분크림,잠많은얼룩말974,복합성,"민감성, 보습",2026.03.30,4,촉촉해서 만족스러워요. 쫀쫀한 텍스처가 마음에 들어요. 재구매는 고민중이에요.,"무향, 빠른 흡수, 쫀쫀함, 촉촉함, 수분광",4.42,https://drive.google.com/file/d/1kOm7JJo4YGrOxlIVRuKYclzj0IqtTRj4/view?usp=drive_link,https://drive.google.com/file/d/1lYUCzB6Ho7zOd6u8PeOXRLaq3KeVrP27/view?usp=drive_link,
514,33,아쿠아 스쿠알란 수분크림,행복한문어704,건성,"보습, 민감성",2026.02.02,4,'아쿠아 스쿠알란 수분크림' 사용 후기예요. 쫀쫀한 텍스처가 마음에 들어요. 재구매 의사 있어요!,"쫀쫀함, 촉촉함, 무향",4.42,,,
515,33,아쿠아 스쿠알란 수분크림,잠많은호랑이39,수부지,"민감성, 보습",2025.03.30,5,쫀쫀한 텍스처가 마음에 들어요. 재구매 의사 있어요!,"쫀쫀함, 수분광",4.42,https://drive.google.com/file/d/1lYUCzB6Ho7zOd6u8PeOXRLaq3KeVrP27/view?usp=drive_link,,
516,33,아쿠아 스쿠알란 수분크림,귀여운곰돌이939,지성,없음,2026.08.12,4,'아쿠아 스쿠알란 수분크림' 사용 후기예요. 촉촉해서 만족스러워요.,"수분광, 빠른 흡수, 무향, 촉촉함",4.42,https://drive.google.com/file/d/1cz-lQ-DSVNouwbDl__2tcXET35ZPN41J/view?usp=drive_link,https://drive.google.com/file/d/1x9l_Te_AvoJlghVrq0oifo1qMtyM1RHr/view?usp=drive_link,
517,34,다이브인 저분자 히알루론산 수딩 크림,게으른두더지626,복합성,"보습, 민감성",2025.11.10,5,'다이브인 저분자 히알루론산 수딩 크림' 사용 후기예요. 바르는 순간 쿨링감이 느껴져요. 촉촉해서 만족스러워요. 추천하고 싶어요.,"촉촉함, 쿨링감",4.56,,,
518,34,다이브인 저분자 히알루론산 수딩 크림,부드러운하마565,지성,민감성,2025.12.15,5,'다이브인 저분자 히알루론산 수딩 크림' 사용 후기예요. 바르는 순간 쿨링감이 느껴져요. 재구매 의사 있어요!,"촉촉함, 수분광, 쿨링감",4.56,https://drive.google.com/file/d/1x9l_Te_AvoJlghVrq0oifo1qMtyM1RHr/view?usp=drive_link,,
519,34,다이브인 저분자 히알루론산 수딩 크림,소심한판다932,복합성,"보습, 민감성",2026.07.06,5,'다이브인 저분자 히알루론산 수딩 크림' 사용 후기예요. 바르는 순간 쿨링감이 느껴져요. 촉촉해서 만족스러워요. 재구매 의사 있어요!,"쿨링감, 수분광, 촉촉함",4.56,https://drive.google.com/file/d/15GRqQfCILjIOGRYtKQsUZWGYNBNlynYI/view?usp=drive_link,https://drive.google.com/file/d/15a_nX6SX7SPu1OjXn21OIbEzh4gTDZAb/view?usp=drive_link,https://drive.google.com/file/d/1SUqbqJR8Y1pLJ2Ky20fDAm7n_XeyZ3Tu/view?usp=drive_link
520,34,다이브인 저분자 히알루론산 수딩 크림,엉뚱발랄한문어689,복합성,없음,2025.12.23,5,촉촉해서 만족스러워요. 재구매 의사 있어요!,"촉촉함, 쿨링감, 수분광",4.56,https://drive.google.com/file/d/1SUqbqJR8Y1pLJ2Ky20fDAm7n_XeyZ3Tu/view?usp=drive_link,,
521,34,다이브인 저분자 히알루론산 수딩 크림,촉촉한거북이901,복합성,민감성,2025.02.18,5,바르는 순간 쿨링감이 느껴져요. 촉촉해서 만족스러워요.,"수분광, 쿨링감, 촉촉함",4.56,https://drive.google.com/file/d/1uvX7BHvE0UA1yAJvNaW4Ney_lFmdsA87/view?usp=drive_link,,
522,34,다이브인 저분자 히알루론산 수딩 크림,평범한나비363,복합성,"민감성, 보습",2026.05.21,4,'다이브인 저분자 히알루론산 수딩 크림' 사용 후기예요. 바르는 순간 쿨링감이 느껴져요. 가격도 합리적이라 좋았어요.,"촉촉함, 수분광, 쿨링감",4.56,https://drive.google.com/file/d/1lne1VHIt9sHC-MFp2o0z9QuyjG6G_HfI/view?usp=drive_link,https://drive.google.com/file/d/1yaabnbGKOUGpkQpMomWjVCBk91XvT5cy/view?usp=drive_link,
523,34,다이브인 저분자 히알루론산 수딩 크림,부지런한벌새407,수부지,"보습, 민감성",2026.07.02,4,'다이브인 저분자 히알루론산 수딩 크림' 사용 후기예요. 바르는 순간 쿨링감이 느껴져요. 촉촉해서 만족스러워요. 재구매는 고민중이에요.,"수분광, 쿨링감, 촉촉함",4.56,,,
524,34,다이브인 저분자 히알루론산 수딩 크림,몽글몽글한펭귄873,수부지,"보습, 민감성",2026.08.17,4,촉촉해서 만족스러워요. 바르는 순간 쿨링감이 느껴져요. 재구매 의사 있어요!,"쿨링감, 촉촉함, 수분광",4.56,https://drive.google.com/file/d/1yaabnbGKOUGpkQpMomWjVCBk91XvT5cy/view?usp=drive_link,,
525,34,다이브인 저분자 히알루론산 수딩 크림,부지런한호랑이491,지성,민감성,2025.03.12,5,촉촉해서 만족스러워요. 다음에도 또 살 것 같아요.,"쿨링감, 수분광, 촉촉함",4.56,,,
526,34,다이브인 저분자 히알루론산 수딩 크림,익명의다람쥐777,수부지,"보습, 민감성",2026.08.13,5,'다이브인 저분자 히알루론산 수딩 크림' 사용 후기예요. 촉촉해서 만족스러워요.,"수분광, 쿨링감, 촉촉함",4.56,https://drive.google.com/file/d/13TCVty_fL5N_B9AcJd9LUnYETdTtjYue/view?usp=drive_link,https://drive.google.com/file/d/1M5A-262-r4HraoIzdtYEK1Jiw45w6VdE/view?usp=drive_link,
527,34,다이브인 저분자 히알루론산 수딩 크림,느긋한벌새407,복합성,보습,2025.02.22,5,'다이브인 저분자 히알루론산 수딩 크림' 사용 후기예요. 바르는 순간 쿨링감이 느껴져요. 촉촉해서 만족스러워요. 다음에도 또 살 것 같아요.,"쿨링감, 수분광, 촉촉함",4.56,https://drive.google.com/file/d/1pENfa0k5k0x5p-OEWdsLLnnzvacGKTRa/view?usp=drive_link,https://drive.google.com/file/d/1x9l_Te_AvoJlghVrq0oifo1qMtyM1RHr/view?usp=drive_link,https://drive.google.com/file/d/1lYUCzB6Ho7zOd6u8PeOXRLaq3KeVrP27/view?usp=drive_link
528,34,다이브인 저분자 히알루론산 수딩 크림,평범한해달377,복합성,민감성,2026.03.19,4,'다이브인 저분자 히알루론산 수딩 크림' 사용 후기예요. 촉촉해서 만족스러워요. 재구매는 고민중이에요.,"수분광, 쿨링감, 촉촉함",4.56,,,
529,34,다이브인 저분자 히알루론산 수딩 크림,새침한토끼858,지성,보습,2025.12.16,4,'다이브인 저분자 히알루론산 수딩 크림' 사용 후기예요. 촉촉해서 만족스러워요. 바르는 순간 쿨링감이 느껴져요.,"촉촉함, 수분광, 쿨링감",4.56,https://drive.google.com/file/d/1lYUCzB6Ho7zOd6u8PeOXRLaq3KeVrP27/view?usp=drive_link,,
530,34,다이브인 저분자 히알루론산 수딩 크림,상냥한사자873,지성,"보습, 민감성",2025.04.15,5,바르는 순간 쿨링감이 느껴져요. 추천하고 싶어요.,"쿨링감, 촉촉함",4.56,https://drive.google.com/file/d/1x9l_Te_AvoJlghVrq0oifo1qMtyM1RHr/view?usp=drive_link,https://drive.google.com/file/d/1YGnjAS_0imBEvyixy1Q7HYkGfoPru6OX/view?usp=drive_link,
531,34,다이브인 저분자 히알루론산 수딩 크림,든든한코알라937,복합성,민감성,2026.06.20,4,'다이브인 저분자 히알루론산 수딩 크림' 사용 후기예요. 촉촉해서 만족스러워요. 재구매 의사 있어요!,"수분광, 촉촉함",4.56,https://drive.google.com/file/d/1yaabnbGKOUGpkQpMomWjVCBk91XvT5cy/view?usp=drive_link,https://drive.google.com/file/d/1mjlJ-KPW00rIVQ4636mMbVhFblVVDrNd/view?usp=drive_link,
532,34,다이브인 저분자 히알루론산 수딩 크림,말랑한앵무새644,지성,"민감성, 보습",2025.01.28,4,'다이브인 저분자 히알루론산 수딩 크림' 사용 후기예요. 촉촉해서 만족스러워요. 바르는 순간 쿨링감이 느껴져요. 재구매 의사 있어요!,"수분광, 촉촉함, 쿨링감",4.56,https://drive.google.com/file/d/1kOm7JJo4YGrOxlIVRuKYclzj0IqtTRj4/view?usp=drive_link,https://drive.google.com/file/d/1wEQOUWrs782tcSWsblkZyoJJCo1p9N64/view?usp=drive_link,
533,35,PDRN 히알루론산 100 수분 크림,행복한토끼423,지성,보습,2025.03.10,4,'PDRN 히알루론산 100 수분 크림' 사용 후기예요. 산뜻하게 발려서 좋아요.,"광채, 수분감, 산뜻함, 수분광",4.08,https://drive.google.com/file/d/179Y6CDPKyzYvJ44cQ4f0InNAtV9ZZc7F/view?usp=drive_link,https://drive.google.com/file/d/1UrD3JSDNPqJrt425mPP5hXvrRIgLiWll/view?usp=drive_link,
534,35,PDRN 히알루론산 100 수분 크림,상냥한판다662,건성,보습,2026.08.22,3,'PDRN 히알루론산 100 수분 크림' 사용 후기예요. 수분감이 오래가서 좋아요. 산뜻하게 발려서 좋아요. 나쁘지 않아요.,"수분감, 산뜻함",4.08,https://drive.google.com/file/d/1wEQOUWrs782tcSWsblkZyoJJCo1p9N64/view?usp=drive_link,,
535,35,PDRN 히알루론산 100 수분 크림,용감한얼룩말438,지성,보습,2025.06.14,4,수분감이 오래가서 좋아요.,"수분광, 수분감",4.08,,,
536,35,PDRN 히알루론산 100 수분 크림,배부른두더지486,복합성,보습,2026.08.31,4,만족스러운 소비였어요.,"수분광, 수분감, 산뜻함",4.08,https://drive.google.com/file/d/1pENfa0k5k0x5p-OEWdsLLnnzvacGKTRa/view?usp=drive_link,,
537,35,PDRN 히알루론산 100 수분 크림,새침한수달914,지성,보습,2025.09.09,5,'PDRN 히알루론산 100 수분 크림' 사용 후기예요. 바른 후 광채가 나는 것 같아요. 수분감이 오래가서 좋아요. 다음에도 또 살 것 같아요.,"수분광, 산뜻함, 수분감, 광채",4.08,https://drive.google.com/file/d/1UrD3JSDNPqJrt425mPP5hXvrRIgLiWll/view?usp=drive_link,https://drive.google.com/file/d/1x9l_Te_AvoJlghVrq0oifo1qMtyM1RHr/view?usp=drive_link,
538,35,PDRN 히알루론산 100 수분 크림,씩씩한얼룩말315,중성,보습,2026.04.18,5,만족스러운 소비였어요.,"산뜻함, 광채, 수분감, 수분광",4.08,https://drive.google.com/file/d/1kOm7JJo4YGrOxlIVRuKYclzj0IqtTRj4/view?usp=drive_link,,
539,35,PDRN 히알루론산 100 수분 크림,엉뚱한알파카393,지성,보습,2026.01.22,4,가격도 합리적이라 좋았어요.,"광채, 수분감, 수분광, 산뜻함",4.08,,,
540,35,PDRN 히알루론산 100 수분 크림,평범한라쿤30,복합성,"보습, 탄력/주름",2025.11.22,2,수분감이 오래가서 좋아요. 산뜻하게 발려서 좋아요. 재구매는 안 할 것 같아요.,"수분광, 산뜻함, 수분감, 광채",4.08,https://drive.google.com/file/d/1lYUCzB6Ho7zOd6u8PeOXRLaq3KeVrP27/view?usp=drive_link,,
541,35,PDRN 히알루론산 100 수분 크림,조용한펭귄708,복합성,보습,2025.07.04,5,'PDRN 히알루론산 100 수분 크림' 사용 후기예요. 수분감이 오래가서 좋아요.,"수분감, 수분광",4.08,,,
542,35,PDRN 히알루론산 100 수분 크림,자유로운하마116,중성,보습,2026.04.24,2,'PDRN 히알루론산 100 수분 크림' 사용 후기예요. 바른 후 광채가 나는 것 같아요. 수분감이 오래가서 좋아요. 기대만큼은 아니었어요.,"산뜻함, 수분광, 광채, 수분감",4.08,https://drive.google.com/file/d/1lYUCzB6Ho7zOd6u8PeOXRLaq3KeVrP27/view?usp=drive_link,,
543,35,PDRN 히알루론산 100 수분 크림,느긋한토끼506,수부지,보습,2025.03.23,5,수분감이 오래가서 좋아요. 산뜻하게 발려서 좋아요. 가격도 합리적이라 좋았어요.,"광채, 산뜻함, 수분감, 수분광",4.08,https://drive.google.com/file/d/1kOm7JJo4YGrOxlIVRuKYclzj0IqtTRj4/view?usp=drive_link,,
544,35,PDRN 히알루론산 100 수분 크림,익명의고래934,중성,보습,2025.11.04,5,'PDRN 히알루론산 100 수분 크림' 사용 후기예요. 바른 후 광채가 나는 것 같아요. 가격도 합리적이라 좋았어요.,"산뜻함, 광채, 수분광, 수분감",4.08,https://drive.google.com/file/d/1kOm7JJo4YGrOxlIVRuKYclzj0IqtTRj4/view?usp=drive_link,https://drive.google.com/file/d/1yaabnbGKOUGpkQpMomWjVCBk91XvT5cy/view?usp=drive_link,
545,35,PDRN 히알루론산 100 수분 크림,평범한펭귄725,수부지,보습,2025.02.14,5,'PDRN 히알루론산 100 수분 크림' 사용 후기예요. 바른 후 광채가 나는 것 같아요. 재구매 의사 있어요!,"수분감, 광채",4.08,https://drive.google.com/file/d/1yaabnbGKOUGpkQpMomWjVCBk91XvT5cy/view?usp=drive_link,,
546,36,다이브인 저분자 히알루론산 크림,부드러운다람쥐40,복합성,"보습, 민감성",2026.09.12,4,'다이브인 저분자 히알루론산 크림' 사용 후기예요. 수분감이 오래가서 좋아요. 촉촉해서 만족스러워요. 재구매 의사 있어요!,"촉촉함, 수분감",4.38,,,
547,36,다이브인 저분자 히알루론산 크림,엉뚱발랄한벌새322,복합성,"보습, 민감성",2025.03.04,5,촉촉해서 만족스러워요. 수분감이 오래가서 좋아요. 재구매 의사 있어요!,"촉촉함, 수분감",4.38,,,
548,36,다이브인 저분자 히알루론산 크림,잠많은고슴도치425,수부지,민감성,2025.02.23,5,촉촉해서 만족스러워요. 수분감이 오래가서 좋아요. 추천하고 싶어요.,"촉촉함, 수분감",4.38,https://drive.google.com/file/d/1x9l_Te_AvoJlghVrq0oifo1qMtyM1RHr/view?usp=drive_link,,
549,36,다이브인 저분자 히알루론산 크림,엉뚱발랄한곰돌이416,건성,보습,2026.03.02,4,'다이브인 저분자 히알루론산 크림' 사용 후기예요. 촉촉해서 만족스러워요.,"촉촉함, 수분감",4.38,https://drive.google.com/file/d/1yaabnbGKOUGpkQpMomWjVCBk91XvT5cy/view?usp=drive_link,https://drive.google.com/file/d/1x9l_Te_AvoJlghVrq0oifo1qMtyM1RHr/view?usp=drive_link,
550,36,다이브인 저분자 히알루론산 크림,게으른펭귄398,복합성,"보습, 민감성",2025.12.15,5,촉촉해서 만족스러워요. 수분감이 오래가서 좋아요. 만족스러운 소비였어요.,"수분감, 촉촉함",4.38,,,
551,36,다이브인 저분자 히알루론산 크림,사랑스런병아리102,지성,"민감성, 보습",2025.11.17,5,'다이브인 저분자 히알루론산 크림' 사용 후기예요. 촉촉해서 만족스러워요. 재구매 의사 있어요!,"수분감, 촉촉함",4.38,https://drive.google.com/file/d/1x9l_Te_AvoJlghVrq0oifo1qMtyM1RHr/view?usp=drive_link,,
552,36,다이브인 저분자 히알루론산 크림,촉촉한여우64,중성,"민감성, 보습",2025.09.20,5,촉촉해서 만족스러워요.,"촉촉함, 수분감",4.38,https://drive.google.com/file/d/1yaabnbGKOUGpkQpMomWjVCBk91XvT5cy/view?usp=drive_link,,
553,36,다이브인 저분자 히알루론산 크림,자유로운병아리221,복합성,"민감성, 보습",2026.04.08,5,수분감이 오래가서 좋아요. 만족스러운 소비였어요.,"촉촉함, 수분감",4.38,,,
554,36,다이브인 저분자 히알루론산 크림,활발한물개286,복합성,보습,2026.09.10,5,'다이브인 저분자 히알루론산 크림' 사용 후기예요. 촉촉해서 만족스러워요. 수분감이 오래가서 좋아요. 만족스러운 소비였어요.,"촉촉함, 수분감",4.38,https://drive.google.com/file/d/1cz-lQ-DSVNouwbDl__2tcXET35ZPN41J/view?usp=drive_link,,
555,36,다이브인 저분자 히알루론산 크림,상냥한두더지474,건성,"민감성, 보습",2025.12.18,5,'다이브인 저분자 히알루론산 크림' 사용 후기예요. 수분감이 오래가서 좋아요. 촉촉해서 만족스러워요. 재구매 의사 있어요!,"촉촉함, 수분감",4.38,,,
556,36,다이브인 저분자 히알루론산 크림,느긋한펭귄1,건성,없음,2026.01.06,5,'다이브인 저분자 히알루론산 크림' 사용 후기예요. 수분감이 오래가서 좋아요. 촉촉해서 만족스러워요. 가격도 합리적이라 좋았어요.,"수분감, 촉촉함",4.38,,,
557,36,다이브인 저분자 히알루론산 크림,든든한해달864,복합성,"민감성, 보습",2026.06.28,5,'다이브인 저분자 히알루론산 크림' 사용 후기예요. 촉촉해서 만족스러워요. 추천하고 싶어요.,"수분감, 촉촉함",4.38,https://drive.google.com/file/d/1cz-lQ-DSVNouwbDl__2tcXET35ZPN41J/view?usp=drive_link,https://drive.google.com/file/d/1YGnjAS_0imBEvyixy1Q7HYkGfoPru6OX/view?usp=drive_link,
558,36,다이브인 저분자 히알루론산 크림,게으른다람쥐667,건성,보습,2026.07.17,4,촉촉해서 만족스러워요. 수분감이 오래가서 좋아요. 재구매는 고민중이에요.,"촉촉함, 수분감",4.38,https://drive.google.com/file/d/1SUqbqJR8Y1pLJ2Ky20fDAm7n_XeyZ3Tu/view?usp=drive_link,,
559,36,다이브인 저분자 히알루론산 크림,명랑한해달608,수부지,민감성,2025.03.18,4,촉촉해서 만족스러워요. 수분감이 오래가서 좋아요. 가격도 합리적이라 좋았어요.,"수분감, 촉촉함",4.38,https://drive.google.com/file/d/1YGnjAS_0imBEvyixy1Q7HYkGfoPru6OX/view?usp=drive_link,,
560,36,다이브인 저분자 히알루론산 크림,대담한강아지292,건성,민감성,2026.01.04,4,촉촉해서 만족스러워요. 재구매 의사 있어요!,"수분감, 촉촉함",4.38,,,
561,36,다이브인 저분자 히알루론산 크림,게으른토끼969,건성,민감성,2025.09.18,3,'다이브인 저분자 히알루론산 크림' 사용 후기예요. 촉촉해서 만족스러워요. 수분감이 오래가서 좋아요.,"수분감, 촉촉함",4.38,https://drive.google.com/file/d/1cz-lQ-DSVNouwbDl__2tcXET35ZPN41J/view?usp=drive_link,https://drive.google.com/file/d/1SUqbqJR8Y1pLJ2Ky20fDAm7n_XeyZ3Tu/view?usp=drive_link,
562,36,다이브인 저분자 히알루론산 크림,용감한기린332,중성,민감성,2026.05.28,3,'다이브인 저분자 히알루론산 크림' 사용 후기예요. 촉촉해서 만족스러워요. 그냥 무난하게 쓰고 있어요.,"촉촉함, 수분감",4.38,https://drive.google.com/file/d/1lYUCzB6Ho7zOd6u8PeOXRLaq3KeVrP27/view?usp=drive_link,,
563,36,다이브인 저분자 히알루론산 크림,산뜻한곰돌이890,수부지,"보습, 민감성",2025.07.02,4,수분감이 오래가서 좋아요. 촉촉해서 만족스러워요. 가격도 합리적이라 좋았어요.,"수분감, 촉촉함",4.38,https://drive.google.com/file/d/1SUqbqJR8Y1pLJ2Ky20fDAm7n_XeyZ3Tu/view?usp=drive_link,https://drive.google.com/file/d/1lYUCzB6Ho7zOd6u8PeOXRLaq3KeVrP27/view?usp=drive_link,
564,36,다이브인 저분자 히알루론산 크림,말랑한곰돌이760,복합성,민감성,2025.03.28,4,'다이브인 저분자 히알루론산 크림' 사용 후기예요. 수분감이 오래가서 좋아요. 촉촉해서 만족스러워요.,"수분감, 촉촉함",4.38,https://drive.google.com/file/d/1cz-lQ-DSVNouwbDl__2tcXET35ZPN41J/view?usp=drive_link,,
565,36,다이브인 저분자 히알루론산 크림,상냥한문어800,지성,"민감성, 보습, 여드름",2026.09.08,5,수분감이 오래가서 좋아요. 촉촉해서 만족스러워요. 다음에도 또 살 것 같아요.,"촉촉함, 수분감",4.38,https://drive.google.com/file/d/1kOm7JJo4YGrOxlIVRuKYclzj0IqtTRj4/view?usp=drive_link,,
566,36,다이브인 저분자 히알루론산 크림,활발한라쿤581,수부지,"민감성, 보습",2025.04.13,5,'다이브인 저분자 히알루론산 크림' 사용 후기예요. 촉촉해서 만족스러워요. 수분감이 오래가서 좋아요.,"수분감, 촉촉함",4.38,,,
567,36,다이브인 저분자 히알루론산 크림,말랑한호랑이60,복합성,"민감성, 보습",2025.10.14,5,촉촉해서 만족스러워요. 수분감이 오래가서 좋아요.,"수분감, 촉촉함",4.38,https://drive.google.com/file/d/1SUqbqJR8Y1pLJ2Ky20fDAm7n_XeyZ3Tu/view?usp=drive_link,https://drive.google.com/file/d/1lne1VHIt9sHC-MFp2o0z9QuyjG6G_HfI/view?usp=drive_link,
568,36,다이브인 저분자 히알루론산 크림,소심한기린214,수부지,"민감성, 보습",2026.07.29,4,'다이브인 저분자 히알루론산 크림' 사용 후기예요. 촉촉해서 만족스러워요. 수분감이 오래가서 좋아요. 만족스러운 소비였어요.,"수분감, 촉촉함",4.38,https://drive.google.com/file/d/1cz-lQ-DSVNouwbDl__2tcXET35ZPN41J/view?usp=drive_link,https://drive.google.com/file/d/1SUqbqJR8Y1pLJ2Ky20fDAm7n_XeyZ3Tu/view?usp=drive_link,
569,36,다이브인 저분자 히알루론산 크림,대담한물개463,지성,민감성,2025.03.06,2,촉촉해서 만족스러워요. 재구매는 안 할 것 같아요.,"촉촉함, 수분감",4.38,https://drive.google.com/file/d/1kOm7JJo4YGrOxlIVRuKYclzj0IqtTRj4/view?usp=drive_link,,
570,37,녹두 모공 타이트업 수딩 크림,말랑한얼룩말984,건성,민감성,2025.03.09,4,수분감이 오래가서 좋아요.,"산뜻함, 수분광, 수분감",4.33,https://drive.google.com/file/d/1SUqbqJR8Y1pLJ2Ky20fDAm7n_XeyZ3Tu/view?usp=drive_link,,
571,37,녹두 모공 타이트업 수딩 크림,행복한기린523,수부지,"보습, 민감성",2026.02.08,3,'녹두 모공 타이트업 수딩 크림' 사용 후기예요. 산뜻하게 발려서 좋아요. 바르는 순간 쿨링감이 느껴져요. 재구매는 고민중이에요.,"쿨링감, 산뜻함, 빠른 흡수, 수분광",4.33,https://drive.google.com/file/d/1lne1VHIt9sHC-MFp2o0z9QuyjG6G_HfI/view?usp=drive_link,,
572,37,녹두 모공 타이트업 수딩 크림,용감한해달707,건성,"민감성, 보습",2025.01.13,5,'녹두 모공 타이트업 수딩 크림' 사용 후기예요. 흡수가 빨라서 좋아요. 바르는 순간 쿨링감이 느껴져요. 다음에도 또 살 것 같아요.,"수분감, 빠른 흡수, 산뜻함, 수분광, 쿨링감",4.33,https://drive.google.com/file/d/1cz-lQ-DSVNouwbDl__2tcXET35ZPN41J/view?usp=drive_link,https://drive.google.com/file/d/1kOm7JJo4YGrOxlIVRuKYclzj0IqtTRj4/view?usp=drive_link,
573,37,녹두 모공 타이트업 수딩 크림,행복한오리830,건성,민감성,2025.11.05,5,수분감이 오래가서 좋아요. 산뜻하게 발려서 좋아요.,"수분감, 빠른 흡수, 산뜻함",4.33,https://drive.google.com/file/d/1lne1VHIt9sHC-MFp2o0z9QuyjG6G_HfI/view?usp=drive_link,,
574,37,녹두 모공 타이트업 수딩 크림,조용한강아지934,수부지,"보습, 민감성",2026.08.01,5,'녹두 모공 타이트업 수딩 크림' 사용 후기예요. 수분감이 오래가서 좋아요. 흡수가 빨라서 좋아요. 가격도 합리적이라 좋았어요.,"수분감, 쿨링감, 빠른 흡수, 산뜻함",4.33,https://drive.google.com/file/d/13TCVty_fL5N_B9AcJd9LUnYETdTtjYue/view?usp=drive_link,,
575,37,녹두 모공 타이트업 수딩 크림,익명의기린746,건성,보습,2025.07.25,4,'녹두 모공 타이트업 수딩 크림' 사용 후기예요. 산뜻하게 발려서 좋아요.,"산뜻함, 빠른 흡수, 쿨링감, 수분감",4.33,,,
576,38,레드 블레미쉬 클리어 수딩 크림,새침한호랑이910,건성,보습,2025.10.27,5,'레드 블레미쉬 클리어 수딩 크림' 사용 후기예요. 촉촉해서 만족스러워요. 수분감이 오래가서 좋아요. 다음에도 또 살 것 같아요.,"부드러움, 수분감, 촉촉함",4.17,https://drive.google.com/file/d/15GRqQfCILjIOGRYtKQsUZWGYNBNlynYI/view?usp=drive_link,,
577,38,레드 블레미쉬 클리어 수딩 크림,잠많은알파카519,건성,민감성,2025.05.12,4,'레드 블레미쉬 클리어 수딩 크림' 사용 후기예요. 바르는 순간 쿨링감이 느껴져요.,"수분감, 부드러움, 촉촉함, 쿨링감",4.17,https://drive.google.com/file/d/1M5A-262-r4HraoIzdtYEK1Jiw45w6VdE/view?usp=drive_link,,
578,38,레드 블레미쉬 클리어 수딩 크림,대담한거북이617,수부지,"민감성, 보습",2026.05.22,3,수분감이 오래가서 좋아요. 그냥 무난하게 쓰고 있어요.,"쿨링감, 부드러움, 수분감",4.17,https://drive.google.com/file/d/13TCVty_fL5N_B9AcJd9LUnYETdTtjYue/view?usp=drive_link,https://drive.google.com/file/d/15GRqQfCILjIOGRYtKQsUZWGYNBNlynYI/view?usp=drive_link,
579,38,레드 블레미쉬 클리어 수딩 크림,행복한곰돌이576,수부지,"민감성, 보습",2026.07.05,5,촉촉해서 만족스러워요. 추천하고 싶어요.,"촉촉함, 수분감, 부드러움",4.17,https://drive.google.com/file/d/1M5A-262-r4HraoIzdtYEK1Jiw45w6VdE/view?usp=drive_link,,
580,38,레드 블레미쉬 클리어 수딩 크림,대담한수달294,건성,"보습, 민감성",2025.07.07,5,'레드 블레미쉬 클리어 수딩 크림' 사용 후기예요. 수분감이 오래가서 좋아요. 다음에도 또 살 것 같아요.,"부드러움, 수분감",4.17,https://drive.google.com/file/d/1UrD3JSDNPqJrt425mPP5hXvrRIgLiWll/view?usp=drive_link,,
581,38,레드 블레미쉬 클리어 수딩 크림,배부른다람쥐871,수부지,"민감성, 보습",2025.03.20,5,바르는 순간 쿨링감이 느껴져요.,"쿨링감, 부드러움, 수분감",4.17,,,
582,38,레드 블레미쉬 클리어 수딩 크림,게으른고슴도치111,수부지,"보습, 민감성, 모공",2025.03.24,4,바르는 순간 쿨링감이 느껴져요. 수분감이 오래가서 좋아요.,"쿨링감, 촉촉함, 수분감",4.17,,,
583,38,레드 블레미쉬 클리어 수딩 크림,부드러운앵무새877,건성,"민감성, 보습",2026.09.11,5,수분감이 오래가서 좋아요. 바르는 순간 쿨링감이 느껴져요. 만족스러운 소비였어요.,"수분감, 촉촉함, 쿨링감, 부드러움",4.17,https://drive.google.com/file/d/1UrD3JSDNPqJrt425mPP5hXvrRIgLiWll/view?usp=drive_link,,
584,38,레드 블레미쉬 클리어 수딩 크림,느긋한사자674,수부지,"민감성, 보습",2025.07.15,3,'레드 블레미쉬 클리어 수딩 크림' 사용 후기예요. 촉촉해서 만족스러워요. 바르는 순간 쿨링감이 느껴져요. 재구매는 고민중이에요.,"쿨링감, 촉촉함",4.17,https://drive.google.com/file/d/1SUqbqJR8Y1pLJ2Ky20fDAm7n_XeyZ3Tu/view?usp=drive_link,,
585,38,레드 블레미쉬 클리어 수딩 크림,상큼한수달555,수부지,보습,2025.07.10,5,만족스러운 소비였어요.,"쿨링감, 부드러움, 촉촉함, 수분감",4.17,,,
586,38,레드 블레미쉬 클리어 수딩 크림,익명의고양이273,건성,보습,2025.09.15,1,'레드 블레미쉬 클리어 수딩 크림' 사용 후기예요. 바르는 순간 쿨링감이 느껴져요. 아쉬운 점이 많았어요.,"쿨링감, 촉촉함, 수분감, 부드러움",4.17,https://drive.google.com/file/d/1UrD3JSDNPqJrt425mPP5hXvrRIgLiWll/view?usp=drive_link,,
587,38,레드 블레미쉬 클리어 수딩 크림,산뜻한앵무새417,건성,"민감성, 보습",2025.06.24,5,촉촉해서 만족스러워요. 만족스러운 소비였어요.,"촉촉함, 부드러움, 수분감, 쿨링감",4.17,https://drive.google.com/file/d/1UrD3JSDNPqJrt425mPP5hXvrRIgLiWll/view?usp=drive_link,https://drive.google.com/file/d/1tKO6mqxtU0-tERwaBXyyXfRgPV47fwxr/view?usp=drive_link,
588,39,진정한 수분크림,부지런한오리732,수부지,"민감성, 보습, 여드름",2025.11.21,0,수분감이 오래가서 좋아요. 다시는 안 살 것 같아요.,"수분감, 촉촉함",4.27,https://drive.google.com/file/d/1SUqbqJR8Y1pLJ2Ky20fDAm7n_XeyZ3Tu/view?usp=drive_link,,
589,39,진정한 수분크림,새침한수달303,건성,"보습, 민감성",2025.03.12,4,'진정한 수분크림' 사용 후기예요. 촉촉해서 만족스러워요.,"촉촉함, 산뜻함, 수분감",4.27,https://drive.google.com/file/d/1yaabnbGKOUGpkQpMomWjVCBk91XvT5cy/view?usp=drive_link,,
590,39,진정한 수분크림,반짝이는얼룩말404,건성,없음,2025.11.23,4,촉촉해서 만족스러워요. 산뜻하게 발려서 좋아요.,"촉촉함, 산뜻함",4.27,https://drive.google.com/file/d/1tKO6mqxtU0-tERwaBXyyXfRgPV47fwxr/view?usp=drive_link,,
591,39,진정한 수분크림,명랑한수달839,수부지,"보습, 민감성",2026.01.17,5,산뜻하게 발려서 좋아요. 수분감이 오래가서 좋아요. 추천하고 싶어요.,"산뜻함, 수분감",4.27,https://drive.google.com/file/d/1UrD3JSDNPqJrt425mPP5hXvrRIgLiWll/view?usp=drive_link,https://drive.google.com/file/d/1SUqbqJR8Y1pLJ2Ky20fDAm7n_XeyZ3Tu/view?usp=drive_link,https://drive.google.com/file/d/1yaabnbGKOUGpkQpMomWjVCBk91XvT5cy/view?usp=drive_link
592,39,진정한 수분크림,귀여운고래831,수부지,"민감성, 보습",2026.04.22,5,'진정한 수분크림' 사용 후기예요. 수분감이 오래가서 좋아요. 촉촉해서 만족스러워요. 산뜻하게 발려서 좋아요. 다음에도 또 살 것 같아요.,"수분감, 촉촉함, 산뜻함",4.27,https://drive.google.com/file/d/1tKO6mqxtU0-tERwaBXyyXfRgPV47fwxr/view?usp=drive_link,,
593,39,진정한 수분크림,든든한토끼675,건성,"보습, 민감성",2025.02.23,5,'진정한 수분크림' 사용 후기예요. 산뜻하게 발려서 좋아요. 촉촉해서 만족스러워요.,"촉촉함, 산뜻함, 수분감",4.27,https://drive.google.com/file/d/1pENfa0k5k0x5p-OEWdsLLnnzvacGKTRa/view?usp=drive_link,,
594,39,진정한 수분크림,말랑한호랑이295,건성,"보습, 민감성",2026.02.15,5,촉촉해서 만족스러워요. 수분감이 오래가서 좋아요.,"산뜻함, 촉촉함, 수분감",4.27,,,
595,39,진정한 수분크림,배부른강아지780,수부지,"민감성, 보습",2025.01.23,5,산뜻하게 발려서 좋아요. 다음에도 또 살 것 같아요.,"수분감, 촉촉함, 산뜻함",4.27,https://drive.google.com/file/d/1pENfa0k5k0x5p-OEWdsLLnnzvacGKTRa/view?usp=drive_link,https://drive.google.com/file/d/1x9l_Te_AvoJlghVrq0oifo1qMtyM1RHr/view?usp=drive_link,
596,39,진정한 수분크림,씩씩한곰돌이506,수부지,"민감성, 보습",2025.08.16,5,'진정한 수분크림' 사용 후기예요. 수분감이 오래가서 좋아요. 산뜻하게 발려서 좋아요. 재구매 의사 있어요!,"산뜻함, 수분감, 촉촉함",4.27,https://drive.google.com/file/d/1SUqbqJR8Y1pLJ2Ky20fDAm7n_XeyZ3Tu/view?usp=drive_link,https://drive.google.com/file/d/1uvX7BHvE0UA1yAJvNaW4Ney_lFmdsA87/view?usp=drive_link,
597,39,진정한 수분크림,용감한판다511,수부지,"민감성, 보습",2026.01.05,5,'진정한 수분크림' 사용 후기예요. 산뜻하게 발려서 좋아요. 촉촉해서 만족스러워요. 만족스러운 소비였어요.,"산뜻함, 촉촉함, 수분감",4.27,https://drive.google.com/file/d/1pENfa0k5k0x5p-OEWdsLLnnzvacGKTRa/view?usp=drive_link,,
598,39,진정한 수분크림,평범한오리745,수부지,"민감성, 보습",2025.10.30,5,'진정한 수분크림' 사용 후기예요. 촉촉해서 만족스러워요. 수분감이 오래가서 좋아요.,"수분감, 촉촉함",4.27,https://drive.google.com/file/d/1x9l_Te_AvoJlghVrq0oifo1qMtyM1RHr/view?usp=drive_link,https://drive.google.com/file/d/1uvX7BHvE0UA1yAJvNaW4Ney_lFmdsA87/view?usp=drive_link,
599,39,진정한 수분크림,부드러운사자581,수부지,"보습, 민감성",2026.05.31,5,'진정한 수분크림' 사용 후기예요. 산뜻하게 발려서 좋아요. 가격도 합리적이라 좋았어요.,"산뜻함, 수분감, 촉촉함",4.27,https://drive.google.com/file/d/1pENfa0k5k0x5p-OEWdsLLnnzvacGKTRa/view?usp=drive_link,,
600,39,진정한 수분크림,대담한펭귄483,건성,보습,2026.02.15,4,산뜻하게 발려서 좋아요.,"산뜻함, 수분감",4.27,https://drive.google.com/file/d/1SUqbqJR8Y1pLJ2Ky20fDAm7n_XeyZ3Tu/view?usp=drive_link,,
601,39,진정한 수분크림,부드러운오리629,건성,"민감성, 보습",2025.07.03,5,'진정한 수분크림' 사용 후기예요. 산뜻하게 발려서 좋아요. 수분감이 오래가서 좋아요. 재구매 의사 있어요!,"촉촉함, 수분감, 산뜻함",4.27,https://drive.google.com/file/d/1uvX7BHvE0UA1yAJvNaW4Ney_lFmdsA87/view?usp=drive_link,,
602,39,진정한 수분크림,사랑스런병아리308,수부지,"보습, 민감성, 미백/잡티",2025.03.03,3,'진정한 수분크림' 사용 후기예요. 촉촉해서 만족스러워요. 재구매는 고민중이에요.,"촉촉함, 수분감",4.27,,,
603,39,진정한 수분크림,활발한고래455,건성,없음,2026.06.09,4,산뜻하게 발려서 좋아요. 수분감이 오래가서 좋아요. 촉촉해서 만족스러워요.,"수분감, 촉촉함, 산뜻함",4.27,https://drive.google.com/file/d/1kOm7JJo4YGrOxlIVRuKYclzj0IqtTRj4/view?usp=drive_link,,
604,39,진정한 수분크림,귀여운라쿤350,건성,"보습, 민감성",2026.07.25,4,'진정한 수분크림' 사용 후기예요. 수분감이 오래가서 좋아요. 촉촉해서 만족스러워요. 만족스러운 소비였어요.,"촉촉함, 수분감",4.27,,,
605,39,진정한 수분크림,소심한강아지178,건성,"보습, 민감성, 미백/잡티",2025.08.02,4,'진정한 수분크림' 사용 후기예요. 촉촉해서 만족스러워요. 만족스러운 소비였어요.,"촉촉함, 수분감, 산뜻함",4.27,https://drive.google.com/file/d/1kOm7JJo4YGrOxlIVRuKYclzj0IqtTRj4/view?usp=drive_link,https://drive.google.com/file/d/1wEQOUWrs782tcSWsblkZyoJJCo1p9N64/view?usp=drive_link,https://drive.google.com/file/d/179Y6CDPKyzYvJ44cQ4f0InNAtV9ZZc7F/view?usp=drive_link
606,39,진정한 수분크림,든든한벌새33,수부지,보습,2025.09.09,4,'진정한 수분크림' 사용 후기예요. 산뜻하게 발려서 좋아요.,"산뜻함, 수분감",4.27,https://drive.google.com/file/d/1wEQOUWrs782tcSWsblkZyoJJCo1p9N64/view?usp=drive_link,,
607,39,진정한 수분크림,배부른얼룩말558,건성,"보습, 민감성",2026.03.28,5,산뜻하게 발려서 좋아요. 촉촉해서 만족스러워요.,"촉촉함, 산뜻함",4.27,https://drive.google.com/file/d/179Y6CDPKyzYvJ44cQ4f0InNAtV9ZZc7F/view?usp=drive_link,,
608,39,진정한 수분크림,평범한고래854,건성,"민감성, 보습",2026.07.17,4,'진정한 수분크림' 사용 후기예요. 산뜻하게 발려서 좋아요.,"산뜻함, 촉촉함, 수분감",4.27,,,
609,39,진정한 수분크림,느긋한고래162,건성,보습,2026.02.19,3,'진정한 수분크림' 사용 후기예요. 촉촉해서 만족스러워요.,"수분감, 촉촉함",4.27,https://drive.google.com/file/d/1pENfa0k5k0x5p-OEWdsLLnnzvacGKTRa/view?usp=drive_link,,
610,39,진정한 수분크림,용감한판다985,수부지,"보습, 민감성",2025.06.25,4,'진정한 수분크림' 사용 후기예요. 촉촉해서 만족스러워요. 산뜻하게 발려서 좋아요. 만족스러운 소비였어요.,"촉촉함, 산뜻함",4.27,https://drive.google.com/file/d/1SUqbqJR8Y1pLJ2Ky20fDAm7n_XeyZ3Tu/view?usp=drive_link,https://drive.google.com/file/d/1pENfa0k5k0x5p-OEWdsLLnnzvacGKTRa/view?usp=drive_link,
611,39,진정한 수분크림,대담한얼룩말196,건성,"민감성, 보습",2025.06.25,5,촉촉해서 만족스러워요. 가격도 합리적이라 좋았어요.,"산뜻함, 촉촉함, 수분감",4.27,,,
612,39,진정한 수분크림,새침한코알라294,수부지,민감성,2026.01.14,4,산뜻하게 발려서 좋아요. 가격도 합리적이라 좋았어요.,"촉촉함, 산뜻함, 수분감",4.27,https://drive.google.com/file/d/1SUqbqJR8Y1pLJ2Ky20fDAm7n_XeyZ3Tu/view?usp=drive_link,,
613,39,진정한 수분크림,상큼한여우274,수부지,"보습, 민감성",2025.09.24,5,'진정한 수분크림' 사용 후기예요. 산뜻하게 발려서 좋아요.,"산뜻함, 촉촉함, 수분감",4.27,https://drive.google.com/file/d/1YGnjAS_0imBEvyixy1Q7HYkGfoPru6OX/view?usp=drive_link,,
614,40,판테놀 크림,느긋한고양이809,건성,"보습, 민감성",2026.09.01,2,'판테놀 크림' 사용 후기예요. 촉촉해서 만족스러워요. 재구매는 안 할 것 같아요.,"윤기, 촉촉함, 빠른 흡수, 부드러움",4,https://drive.google.com/file/d/1YGnjAS_0imBEvyixy1Q7HYkGfoPru6OX/view?usp=drive_link,https://drive.google.com/file/d/1pENfa0k5k0x5p-OEWdsLLnnzvacGKTRa/view?usp=drive_link,
615,40,판테놀 크림,조용한벌새207,건성,"보습, 민감성",2026.01.26,4,흡수가 빨라서 좋아요. 재구매는 고민중이에요.,"촉촉함, 빠른 흡수, 윤기, 부드러움",4,https://drive.google.com/file/d/1SUqbqJR8Y1pLJ2Ky20fDAm7n_XeyZ3Tu/view?usp=drive_link,,
616,40,판테놀 크림,배부른나비138,수부지,"보습, 민감성",2025.02.13,4,흡수가 빨라서 좋아요. 재구매 의사 있어요!,"빠른 흡수, 촉촉함",4,https://drive.google.com/file/d/1pENfa0k5k0x5p-OEWdsLLnnzvacGKTRa/view?usp=drive_link,,
617,40,판테놀 크림,말랑한곰돌이859,수부지,없음,2025.02.09,5,'판테놀 크림' 사용 후기예요. 흡수가 빨라서 좋아요. 만족스러운 소비였어요.,"윤기, 빠른 흡수",4,https://drive.google.com/file/d/1pENfa0k5k0x5p-OEWdsLLnnzvacGKTRa/view?usp=drive_link,https://drive.google.com/file/d/1uvX7BHvE0UA1yAJvNaW4Ney_lFmdsA87/view?usp=drive_link,
618,40,판테놀 크림,소심한코알라698,건성,보습,2026.01.30,4,'판테놀 크림' 사용 후기예요. 흡수가 빨라서 좋아요. 가격도 합리적이라 좋았어요.,"빠른 흡수, 촉촉함, 윤기",4,https://drive.google.com/file/d/1uvX7BHvE0UA1yAJvNaW4Ney_lFmdsA87/view?usp=drive_link,,
619,40,판테놀 크림,잠많은판다740,건성,없음,2026.05.30,4,'판테놀 크림' 사용 후기예요. 촉촉해서 만족스러워요.,"윤기, 촉촉함, 빠른 흡수, 부드러움",4,,,
620,40,판테놀 크림,상큼한알파카900,건성,"보습, 민감성",2025.12.06,4,'판테놀 크림' 사용 후기예요. 촉촉해서 만족스러워요. 만족스러운 소비였어요.,"촉촉함, 윤기",4,https://drive.google.com/file/d/15GRqQfCILjIOGRYtKQsUZWGYNBNlynYI/view?usp=drive_link,https://drive.google.com/file/d/15a_nX6SX7SPu1OjXn21OIbEzh4gTDZAb/view?usp=drive_link,
621,40,판테놀 크림,엉뚱발랄한문어3,건성,민감성,2026.03.23,5,'판테놀 크림' 사용 후기예요. 흡수가 빨라서 좋아요. 촉촉해서 만족스러워요. 만족스러운 소비였어요.,"촉촉함, 빠른 흡수",4,https://drive.google.com/file/d/15GRqQfCILjIOGRYtKQsUZWGYNBNlynYI/view?usp=drive_link,https://drive.google.com/file/d/1SUqbqJR8Y1pLJ2Ky20fDAm7n_XeyZ3Tu/view?usp=drive_link,
622,40,판테놀 크림,명랑한오리862,건성,민감성,2026.02.05,4,'판테놀 크림' 사용 후기예요. 촉촉해서 만족스러워요. 흡수가 빨라서 좋아요.,"윤기, 빠른 흡수, 촉촉함",4,https://drive.google.com/file/d/1SUqbqJR8Y1pLJ2Ky20fDAm7n_XeyZ3Tu/view?usp=drive_link,,
623,40,판테놀 크림,사랑스런부엉이586,수부지,"보습, 민감성",2025.06.20,5,촉촉해서 만족스러워요. 재구매 의사 있어요!,"촉촉함, 윤기, 빠른 흡수, 부드러움",4,https://drive.google.com/file/d/15a_nX6SX7SPu1OjXn21OIbEzh4gTDZAb/view?usp=drive_link,,
624,40,판테놀 크림,배부른나비426,건성,"민감성, 보습",2026.04.02,4,촉촉해서 만족스러워요. 재구매 의사 있어요!,"촉촉함, 부드러움, 빠른 흡수, 윤기",4,https://drive.google.com/file/d/15a_nX6SX7SPu1OjXn21OIbEzh4gTDZAb/view?usp=drive_link,,
625,40,판테놀 크림,행복한라쿤474,수부지,"민감성, 보습",2025.12.22,4,촉촉해서 만족스러워요. 만족스러운 소비였어요.,"부드러움, 촉촉함",4,,,
626,40,판테놀 크림,씩씩한판다170,수부지,"민감성, 보습",2026.08.07,4,가격도 합리적이라 좋았어요.,"부드러움, 빠른 흡수, 윤기, 촉촉함",4,https://drive.google.com/file/d/15GRqQfCILjIOGRYtKQsUZWGYNBNlynYI/view?usp=drive_link,https://drive.google.com/file/d/15a_nX6SX7SPu1OjXn21OIbEzh4gTDZAb/view?usp=drive_link,
627,40,판테놀 크림,귀여운오리220,건성,민감성,2026.02.22,3,촉촉해서 만족스러워요. 흡수가 빨라서 좋아요. 재구매는 고민중이에요.,"부드러움, 빠른 흡수, 촉촉함",4,https://drive.google.com/file/d/179Y6CDPKyzYvJ44cQ4f0InNAtV9ZZc7F/view?usp=drive_link,,
628,41,레드 블레미쉬 클리어 수딩 크림 EX,배부른물개5,건성,"보습, 민감성",2025.08.20,5,수분감이 오래가서 좋아요. 만족스러운 소비였어요.,"수분감, 빠른 흡수, 가벼움, 산뜻함",4.23,,,
629,41,레드 블레미쉬 클리어 수딩 크림 EX,용감한곰돌이107,건성,"보습, 민감성, 여드름",2025.10.13,5,가볍게 발려요.,"수분감, 가벼움",4.23,,,
630,41,레드 블레미쉬 클리어 수딩 크림 EX,사랑스런사자921,복합성,여드름,2026.04.03,4,가볍게 발려요. 가격도 합리적이라 좋았어요.,"산뜻함, 빠른 흡수, 가벼움",4.23,https://drive.google.com/file/d/1M5A-262-r4HraoIzdtYEK1Jiw45w6VdE/view?usp=drive_link,https://drive.google.com/file/d/179Y6CDPKyzYvJ44cQ4f0InNAtV9ZZc7F/view?usp=drive_link,
631,41,레드 블레미쉬 클리어 수딩 크림 EX,귀여운펭귄25,복합성,민감성,2026.05.14,4,'레드 블레미쉬 클리어 수딩 크림 EX' 사용 후기예요. 수분감이 오래가서 좋아요. 재구매는 고민중이에요.,"가벼움, 수분감",4.23,https://drive.google.com/file/d/1M5A-262-r4HraoIzdtYEK1Jiw45w6VdE/view?usp=drive_link,,
632,41,레드 블레미쉬 클리어 수딩 크림 EX,부드러운고래620,복합성,"여드름, 민감성",2025.10.24,4,'레드 블레미쉬 클리어 수딩 크림 EX' 사용 후기예요. 산뜻하게 발려서 좋아요. 흡수가 빨라서 좋아요. 만족스러운 소비였어요.,"산뜻함, 빠른 흡수, 수분감",4.23,https://drive.google.com/file/d/179Y6CDPKyzYvJ44cQ4f0InNAtV9ZZc7F/view?usp=drive_link,,
633,41,레드 블레미쉬 클리어 수딩 크림 EX,용감한부엉이777,건성,"여드름, 민감성, 보습",2025.08.18,4,'레드 블레미쉬 클리어 수딩 크림 EX' 사용 후기예요. 가볍게 발려요. 산뜻하게 발려서 좋아요. 흡수가 빨라서 좋아요. 재구매는 고민중이에요.,"가벼움, 빠른 흡수, 수분감, 산뜻함",4.23,,,
634,41,레드 블레미쉬 클리어 수딩 크림 EX,잠많은다람쥐858,복합성,보습,2025.11.20,4,'레드 블레미쉬 클리어 수딩 크림 EX' 사용 후기예요. 흡수가 빨라서 좋아요. 재구매 의사 있어요!,"가벼움, 산뜻함, 수분감, 빠른 흡수",4.23,https://drive.google.com/file/d/1M5A-262-r4HraoIzdtYEK1Jiw45w6VdE/view?usp=drive_link,,
635,41,레드 블레미쉬 클리어 수딩 크림 EX,게으른고슴도치809,복합성,보습,2025.06.06,5,가볍게 발려요. 산뜻하게 발려서 좋아요. 흡수가 빨라서 좋아요. 가격도 합리적이라 좋았어요.,"빠른 흡수, 가벼움, 산뜻함, 수분감",4.23,,,
636,41,레드 블레미쉬 클리어 수딩 크림 EX,행복한나비381,건성,"민감성, 여드름",2026.04.19,5,흡수가 빨라서 좋아요. 가볍게 발려요. 재구매 의사 있어요!,"산뜻함, 빠른 흡수, 가벼움",4.23,https://drive.google.com/file/d/1M5A-262-r4HraoIzdtYEK1Jiw45w6VdE/view?usp=drive_link,,
637,41,레드 블레미쉬 클리어 수딩 크림 EX,자유로운고양이276,복합성,민감성,2025.10.13,5,'레드 블레미쉬 클리어 수딩 크림 EX' 사용 후기예요. 수분감이 오래가서 좋아요. 산뜻하게 발려서 좋아요. 가격도 합리적이라 좋았어요.,"빠른 흡수, 산뜻함, 수분감, 가벼움",4.23,https://drive.google.com/file/d/1x9l_Te_AvoJlghVrq0oifo1qMtyM1RHr/view?usp=drive_link,,
638,41,레드 블레미쉬 클리어 수딩 크림 EX,평범한판다846,복합성,"민감성, 여드름",2026.01.27,5,흡수가 빨라서 좋아요. 산뜻하게 발려서 좋아요. 재구매 의사 있어요!,"수분감, 빠른 흡수, 가벼움, 산뜻함",4.23,https://drive.google.com/file/d/1M5A-262-r4HraoIzdtYEK1Jiw45w6VdE/view?usp=drive_link,https://drive.google.com/file/d/1pENfa0k5k0x5p-OEWdsLLnnzvacGKTRa/view?usp=drive_link,
639,41,레드 블레미쉬 클리어 수딩 크림 EX,조용한사자588,복합성,"보습, 여드름, 민감성",2025.04.26,4,흡수가 빨라서 좋아요. 재구매 의사 있어요!,"가벼움, 빠른 흡수, 산뜻함, 수분감",4.23,https://drive.google.com/file/d/1pENfa0k5k0x5p-OEWdsLLnnzvacGKTRa/view?usp=drive_link,,
640,41,레드 블레미쉬 클리어 수딩 크림 EX,잠많은고슴도치575,건성,"민감성, 보습",2026.06.15,4,'레드 블레미쉬 클리어 수딩 크림 EX' 사용 후기예요. 가볍게 발려요. 수분감이 오래가서 좋아요. 만족스러운 소비였어요.,"산뜻함, 가벼움, 수분감",4.23,https://drive.google.com/file/d/1x9l_Te_AvoJlghVrq0oifo1qMtyM1RHr/view?usp=drive_link,https://drive.google.com/file/d/1lYUCzB6Ho7zOd6u8PeOXRLaq3KeVrP27/view?usp=drive_link,
641,41,레드 블레미쉬 클리어 수딩 크림 EX,익명의라쿤272,건성,보습,2025.06.09,5,흡수가 빨라서 좋아요. 가볍게 발려요.,"수분감, 산뜻함, 빠른 흡수, 가벼움",4.23,https://drive.google.com/file/d/1lYUCzB6Ho7zOd6u8PeOXRLaq3KeVrP27/view?usp=drive_link,,
642,41,레드 블레미쉬 클리어 수딩 크림 EX,배부른곰돌이697,건성,"보습, 여드름",2026.05.20,3,'레드 블레미쉬 클리어 수딩 크림 EX' 사용 후기예요. 수분감이 오래가서 좋아요. 산뜻하게 발려서 좋아요. 흡수가 빨라서 좋아요.,"빠른 흡수, 가벼움, 산뜻함, 수분감",4.23,https://drive.google.com/file/d/1cz-lQ-DSVNouwbDl__2tcXET35ZPN41J/view?usp=drive_link,,
643,41,레드 블레미쉬 클리어 수딩 크림 EX,조용한해달715,복합성,"민감성, 여드름, 미백/잡티",2025.10.12,3,'레드 블레미쉬 클리어 수딩 크림 EX' 사용 후기예요. 수분감이 오래가서 좋아요. 산뜻하게 발려서 좋아요. 나쁘지 않아요.,"수분감, 빠른 흡수, 산뜻함, 가벼움",4.23,https://drive.google.com/file/d/1lne1VHIt9sHC-MFp2o0z9QuyjG6G_HfI/view?usp=drive_link,,
644,41,레드 블레미쉬 클리어 수딩 크림 EX,배부른병아리352,복합성,"보습, 여드름",2026.03.10,4,산뜻하게 발려서 좋아요. 수분감이 오래가서 좋아요. 흡수가 빨라서 좋아요. 가격도 합리적이라 좋았어요.,"산뜻함, 수분감, 빠른 흡수",4.23,https://drive.google.com/file/d/13TCVty_fL5N_B9AcJd9LUnYETdTtjYue/view?usp=drive_link,,
645,41,레드 블레미쉬 클리어 수딩 크림 EX,씩씩한해달558,복합성,여드름,2026.09.03,4,'레드 블레미쉬 클리어 수딩 크림 EX' 사용 후기예요. 산뜻하게 발려서 좋아요. 수분감이 오래가서 좋아요. 흡수가 빨라서 좋아요. 만족스러운 소비였어요.,"가벼움, 산뜻함, 수분감, 빠른 흡수",4.23,,,
646,41,레드 블레미쉬 클리어 수딩 크림 EX,행복한두더지617,복합성,보습,2025.12.26,5,산뜻하게 발려서 좋아요. 수분감이 오래가서 좋아요. 가볍게 발려요.,"수분감, 산뜻함, 빠른 흡수, 가벼움",4.23,,,
647,41,레드 블레미쉬 클리어 수딩 크림 EX,새침한고양이408,건성,없음,2025.05.13,4,가볍게 발려요. 산뜻하게 발려서 좋아요. 재구매는 고민중이에요.,"산뜻함, 가벼움",4.23,,,
648,41,레드 블레미쉬 클리어 수딩 크림 EX,자유로운고래577,건성,"여드름, 민감성",2025.06.05,3,흡수가 빨라서 좋아요. 가볍게 발려요.,"가벼움, 산뜻함, 빠른 흡수",4.23,https://drive.google.com/file/d/1UrD3JSDNPqJrt425mPP5hXvrRIgLiWll/view?usp=drive_link,https://drive.google.com/file/d/1YGnjAS_0imBEvyixy1Q7HYkGfoPru6OX/view?usp=drive_link,
649,41,레드 블레미쉬 클리어 수딩 크림 EX,말랑한라쿤908,복합성,보습,2026.09.12,4,'레드 블레미쉬 클리어 수딩 크림 EX' 사용 후기예요. 산뜻하게 발려서 좋아요.,"가벼움, 빠른 흡수, 산뜻함",4.23,,,
650,42,더마 배리어 P 크림,엉뚱발랄한고슴도치637,수부지,"미백/잡티, 보습",2025.02.13,5,흡수가 빨라서 좋아요. 발림성이 정말 좋아요. 다음에도 또 살 것 같아요.,"빠른 흡수, 발림성, ",4.56,https://drive.google.com/file/d/1UrD3JSDNPqJrt425mPP5hXvrRIgLiWll/view?usp=drive_link,,
651,42,더마 배리어 P 크림,조용한고슴도치559,건성,"탄력/주름, 미백/잡티",2025.05.02,5,흡수가 빨라서 좋아요. 만족스러운 소비였어요.,", 발림성, 빠른 흡수",4.56,https://drive.google.com/file/d/15GRqQfCILjIOGRYtKQsUZWGYNBNlynYI/view?usp=drive_link,,
652,42,더마 배리어 P 크림,행복한벌새124,건성,"보습, 탄력/주름",2026.06.28,3,'더마 배리어 P 크림' 사용 후기예요. 나쁘지 않아요.,"빠른 흡수, 발림성, ",4.56,https://drive.google.com/file/d/1SUqbqJR8Y1pLJ2Ky20fDAm7n_XeyZ3Tu/view?usp=drive_link,https://drive.google.com/file/d/1YGnjAS_0imBEvyixy1Q7HYkGfoPru6OX/view?usp=drive_link,
653,42,더마 배리어 P 크림,활발한두더지807,수부지,미백/잡티,2025.01.02,4,발림성이 정말 좋아요. 흡수가 빨라서 좋아요. 재구매는 고민중이에요.,", 발림성, 빠른 흡수",4.56,https://drive.google.com/file/d/1M5A-262-r4HraoIzdtYEK1Jiw45w6VdE/view?usp=drive_link,https://drive.google.com/file/d/1YGnjAS_0imBEvyixy1Q7HYkGfoPru6OX/view?usp=drive_link,https://drive.google.com/file/d/1lYUCzB6Ho7zOd6u8PeOXRLaq3KeVrP27/view?usp=drive_link
654,42,더마 배리어 P 크림,평범한나비265,건성,"탄력/주름, 보습",2025.06.14,5,'더마 배리어 P 크림' 사용 후기예요. 흡수가 빨라서 좋아요. 재구매 의사 있어요!,", 빠른 흡수, 발림성",4.56,https://drive.google.com/file/d/1lYUCzB6Ho7zOd6u8PeOXRLaq3KeVrP27/view?usp=drive_link,,
655,42,더마 배리어 P 크림,든든한고래957,건성,"탄력/주름, 보습, 미백/잡티",2025.10.06,5,'더마 배리어 P 크림' 사용 후기예요. 흡수가 빨라서 좋아요. 발림성이 정말 좋아요.,", 발림성, 빠른 흡수",4.56,,,
656,42,더마 배리어 P 크림,잠많은여우144,건성,보습,2026.08.01,5,발림성이 정말 좋아요. 흡수가 빨라서 좋아요.,"빠른 흡수, 발림성, ",4.56,,,
657,42,더마 배리어 P 크림,게으른하마782,건성,"보습, 미백/잡티, 여드름",2025.09.12,5,'더마 배리어 P 크림' 사용 후기예요. 발림성이 정말 좋아요. 흡수가 빨라서 좋아요. 추천하고 싶어요.,"빠른 흡수, , 발림성",4.56,https://drive.google.com/file/d/1lne1VHIt9sHC-MFp2o0z9QuyjG6G_HfI/view?usp=drive_link,https://drive.google.com/file/d/1UrD3JSDNPqJrt425mPP5hXvrRIgLiWll/view?usp=drive_link,
658,42,더마 배리어 P 크림,소심한하마682,수부지,미백/잡티,2025.05.17,4,'더마 배리어 P 크림' 사용 후기예요. 발림성이 정말 좋아요. 가격도 합리적이라 좋았어요.,", 발림성, 빠른 흡수",4.56,,,
659,43,데일리 페이셜 크림,든든한고래52,건성,보습,2025.09.26,4,재구매 의사 있어요!,"발림성, , 빠른 흡수",4.42,https://drive.google.com/file/d/1UrD3JSDNPqJrt425mPP5hXvrRIgLiWll/view?usp=drive_link,,
660,43,데일리 페이셜 크림,촉촉한고슴도치101,건성,보습,2026.07.21,5,발림성이 정말 좋아요. 흡수가 빨라서 좋아요.,", 빠른 흡수, 발림성",4.42,,,
661,43,데일리 페이셜 크림,든든한하마759,건성,"보습, 민감성",2025.01.13,5,'데일리 페이셜 크림' 사용 후기예요. 발림성이 정말 좋아요. 만족스러운 소비였어요.,", 발림성",4.42,,,
662,43,데일리 페이셜 크림,명랑한나비170,건성,보습,2025.08.11,5,발림성이 정말 좋아요. 만족스러운 소비였어요.,"발림성, 빠른 흡수, ",4.42,,,
663,43,데일리 페이셜 크림,촉촉한거북이228,건성,보습,2026.02.10,5,흡수가 빨라서 좋아요. 재구매 의사 있어요!,"발림성, 빠른 흡수",4.42,https://drive.google.com/file/d/1M5A-262-r4HraoIzdtYEK1Jiw45w6VdE/view?usp=drive_link,https://drive.google.com/file/d/13TCVty_fL5N_B9AcJd9LUnYETdTtjYue/view?usp=drive_link,
664,43,데일리 페이셜 크림,느긋한고양이597,건성,보습,2025.09.23,4,'데일리 페이셜 크림' 사용 후기예요. 흡수가 빨라서 좋아요. 발림성이 정말 좋아요. 재구매 의사 있어요!,", 빠른 흡수, 발림성",4.42,https://drive.google.com/file/d/15GRqQfCILjIOGRYtKQsUZWGYNBNlynYI/view?usp=drive_link,,
665,43,데일리 페이셜 크림,부지런한곰돌이121,건성,보습,2026.02.26,4,흡수가 빨라서 좋아요. 발림성이 정말 좋아요. 재구매 의사 있어요!,"발림성, , 빠른 흡수",4.42,,,
666,43,데일리 페이셜 크림,익명의사자59,건성,없음,2026.08.30,5,발림성이 정말 좋아요. 흡수가 빨라서 좋아요. 만족스러운 소비였어요.,", 발림성, 빠른 흡수",4.42,https://drive.google.com/file/d/1SUqbqJR8Y1pLJ2Ky20fDAm7n_XeyZ3Tu/view?usp=drive_link,https://drive.google.com/file/d/1lne1VHIt9sHC-MFp2o0z9QuyjG6G_HfI/view?usp=drive_link,
667,43,데일리 페이셜 크림,산뜻한나비914,건성,"보습, 여드름",2025.08.13,5,발림성이 정말 좋아요.,"발림성, , 빠른 흡수",4.42,,,
668,43,데일리 페이셜 크림,말랑한여우528,건성,보습,2026.05.21,4,발림성이 정말 좋아요. 가격도 합리적이라 좋았어요.,"발림성, 빠른 흡수",4.42,https://drive.google.com/file/d/1lne1VHIt9sHC-MFp2o0z9QuyjG6G_HfI/view?usp=drive_link,,
669,43,데일리 페이셜 크림,사랑스런사자901,건성,보습,2026.01.08,5,'데일리 페이셜 크림' 사용 후기예요. 흡수가 빨라서 좋아요. 발림성이 정말 좋아요. 다음에도 또 살 것 같아요.,"발림성, 빠른 흡수, ",4.42,,,
670,43,데일리 페이셜 크림,대담한곰돌이767,건성,"보습, 미백/잡티",2025.04.29,4,발림성이 정말 좋아요. 흡수가 빨라서 좋아요. 재구매 의사 있어요!,", 발림성, 빠른 흡수",4.42,,,
671,43,데일리 페이셜 크림,용감한기린800,건성,보습,2025.11.29,5,'데일리 페이셜 크림' 사용 후기예요. 발림성이 정말 좋아요. 추천하고 싶어요.,"발림성, , 빠른 흡수",4.42,https://drive.google.com/file/d/1lYUCzB6Ho7zOd6u8PeOXRLaq3KeVrP27/view?usp=drive_link,https://drive.google.com/file/d/1cz-lQ-DSVNouwbDl__2tcXET35ZPN41J/view?usp=drive_link,https://drive.google.com/file/d/1M5A-262-r4HraoIzdtYEK1Jiw45w6VdE/view?usp=drive_link
672,43,데일리 페이셜 크림,느긋한강아지507,건성,보습,2025.12.29,5,'데일리 페이셜 크림' 사용 후기예요. 만족스러운 소비였어요.,"빠른 흡수, 발림성, ",4.42,https://drive.google.com/file/d/1M5A-262-r4HraoIzdtYEK1Jiw45w6VdE/view?usp=drive_link,,
673,43,데일리 페이셜 크림,산뜻한고래729,건성,보습,2026.07.05,3,흡수가 빨라서 좋아요. 발림성이 정말 좋아요. 그냥 무난하게 쓰고 있어요.,"빠른 흡수, 발림성, ",4.42,https://drive.google.com/file/d/1UrD3JSDNPqJrt425mPP5hXvrRIgLiWll/view?usp=drive_link,,
674,43,데일리 페이셜 크림,귀여운라쿤506,건성,보습,2026.07.05,5,흡수가 빨라서 좋아요. 발림성이 정말 좋아요. 만족스러운 소비였어요.,", 발림성, 빠른 흡수",4.42,https://drive.google.com/file/d/1yaabnbGKOUGpkQpMomWjVCBk91XvT5cy/view?usp=drive_link,,
675,43,데일리 페이셜 크림,엉뚱한수달468,건성,보습,2025.05.14,3,'데일리 페이셜 크림' 사용 후기예요. 발림성이 정말 좋아요. 그냥 무난하게 쓰고 있어요.,", 발림성",4.42,https://drive.google.com/file/d/15GRqQfCILjIOGRYtKQsUZWGYNBNlynYI/view?usp=drive_link,,
676,43,데일리 페이셜 크림,배부른부엉이878,건성,보습,2026.05.24,5,발림성이 정말 좋아요. 흡수가 빨라서 좋아요. 재구매 의사 있어요!,"빠른 흡수, 발림성, ",4.42,,,
677,43,데일리 페이셜 크림,용감한여우784,건성,보습,2025.01.20,5,'데일리 페이셜 크림' 사용 후기예요. 흡수가 빨라서 좋아요. 추천하고 싶어요.,"발림성, 빠른 흡수, ",4.42,https://drive.google.com/file/d/1yaabnbGKOUGpkQpMomWjVCBk91XvT5cy/view?usp=drive_link,https://drive.google.com/file/d/1cz-lQ-DSVNouwbDl__2tcXET35ZPN41J/view?usp=drive_link,
678,43,데일리 페이셜 크림,씩씩한수달564,건성,보습,2025.11.10,4,발림성이 정말 좋아요. 흡수가 빨라서 좋아요. 재구매는 고민중이에요.,", 빠른 흡수, 발림성",4.42,https://drive.google.com/file/d/1lne1VHIt9sHC-MFp2o0z9QuyjG6G_HfI/view?usp=drive_link,,
679,43,데일리 페이셜 크림,사랑스런벌새433,건성,보습,2026.05.25,5,흡수가 빨라서 좋아요. 발림성이 정말 좋아요. 재구매 의사 있어요!,"발림성, , 빠른 흡수",4.42,https://drive.google.com/file/d/1cz-lQ-DSVNouwbDl__2tcXET35ZPN41J/view?usp=drive_link,,
680,43,데일리 페이셜 크림,행복한고래930,건성,보습,2025.06.29,5,발림성이 정말 좋아요. 추천하고 싶어요.,"발림성, ",4.42,,,
681,43,데일리 페이셜 크림,새침한펭귄937,건성,"보습, 미백/잡티",2025.01.30,3,'데일리 페이셜 크림' 사용 후기예요. 발림성이 정말 좋아요. 그냥 무난하게 쓰고 있어요.,"발림성, , 빠른 흡수",4.42,,,
682,43,데일리 페이셜 크림,든든한알파카777,건성,보습,2026.05.07,3,발림성이 정말 좋아요. 흡수가 빨라서 좋아요. 나쁘지 않아요.,"빠른 흡수, 발림성",4.42,https://drive.google.com/file/d/1yaabnbGKOUGpkQpMomWjVCBk91XvT5cy/view?usp=drive_link,https://drive.google.com/file/d/15GRqQfCILjIOGRYtKQsUZWGYNBNlynYI/view?usp=drive_link,
683,44,인테카 수딩 크림,새침한병아리300,복합성,민감성,2026.06.21,2,저자극이라 편하게 쓸 수 있었어요. 흡수가 빨라서 좋아요. 기대만큼은 아니었어요.,"저자극, 발림성, 빠른 흡수",3.8,,,
684,44,인테카 수딩 크림,산뜻한병아리876,건성,민감성,2025.04.17,5,흡수가 빨라서 좋아요. 가볍게 발려요. 발림성이 정말 좋아요. 가격도 합리적이라 좋았어요.,"끈적임 적음, 발림성, 가벼움, 저자극, 빠른 흡수",3.8,https://drive.google.com/file/d/15GRqQfCILjIOGRYtKQsUZWGYNBNlynYI/view?usp=drive_link,,
685,44,인테카 수딩 크림,귀여운고래625,건성,민감성,2025.12.05,5,'인테카 수딩 크림' 사용 후기예요. 가볍게 발려요. 저자극이라 편하게 쓸 수 있었어요. 끈적임이 적어서 좋아요.,"끈적임 적음, 저자극, 발림성, 가벼움",3.8,,,
686,44,인테카 수딩 크림,대담한하마967,건성,민감성,2026.07.02,3,흡수가 빨라서 좋아요. 그냥 무난하게 쓰고 있어요.,"빠른 흡수, 끈적임 적음, 발림성",3.8,https://drive.google.com/file/d/1lne1VHIt9sHC-MFp2o0z9QuyjG6G_HfI/view?usp=drive_link,,
687,44,인테카 수딩 크림,사랑스런다람쥐344,복합성,민감성,2025.08.13,4,'인테카 수딩 크림' 사용 후기예요. 가볍게 발려요. 저자극이라 편하게 쓸 수 있었어요. 재구매는 고민중이에요.,"끈적임 적음, 가벼움, 저자극",3.8,https://drive.google.com/file/d/1yaabnbGKOUGpkQpMomWjVCBk91XvT5cy/view?usp=drive_link,,
688,46,모이스춰 닥터 크림,말랑한강아지358,수부지,없음,2025.07.10,5,'모이스춰 닥터 크림' 사용 후기예요. 가볍게 발려요. 산뜻하게 발려서 좋아요. 발림성이 정말 좋아요. 다음에도 또 살 것 같아요.,"가벼움, 발림성, 산뜻함",4.28,,,
689,46,모이스춰 닥터 크림,대담한거북이86,수부지,보습,2025.10.01,5,산뜻하게 발려서 좋아요. 끈적임이 적어서 좋아요. 가격도 합리적이라 좋았어요.,"끈적임 적음, 빠른 흡수, 산뜻함, 가벼움",4.28,,,
690,46,모이스춰 닥터 크림,씩씩한강아지935,수부지,"보습, 민감성",2025.01.23,5,'모이스춰 닥터 크림' 사용 후기예요. 발림성이 정말 좋아요.,"발림성, 산뜻함, 빠른 흡수, 끈적임 적음, 가벼움",4.28,https://drive.google.com/file/d/13TCVty_fL5N_B9AcJd9LUnYETdTtjYue/view?usp=drive_link,,
691,46,모이스춰 닥터 크림,상냥한라쿤189,수부지,"보습, 민감성",2025.07.18,5,끈적임이 적어서 좋아요. 가볍게 발려요. 추천하고 싶어요.,"가벼움, 산뜻함, 빠른 흡수, 끈적임 적음, 발림성",4.28,,,
692,46,모이스춰 닥터 크림,든든한거북이241,수부지,"보습, 민감성",2026.06.11,4,가볍게 발려요. 발림성이 정말 좋아요. 재구매는 고민중이에요.,"발림성, 가벼움, 빠른 흡수",4.28,https://drive.google.com/file/d/1pENfa0k5k0x5p-OEWdsLLnnzvacGKTRa/view?usp=drive_link,https://drive.google.com/file/d/13TCVty_fL5N_B9AcJd9LUnYETdTtjYue/view?usp=drive_link,
693,46,모이스춰 닥터 크림,활발한호랑이790,수부지,"보습, 민감성, 여드름",2025.08.10,5,'모이스춰 닥터 크림' 사용 후기예요. 끈적임이 적어서 좋아요. 가볍게 발려요.,"끈적임 적음, 가벼움",4.28,https://drive.google.com/file/d/1pENfa0k5k0x5p-OEWdsLLnnzvacGKTRa/view?usp=drive_link,,
694,46,모이스춰 닥터 크림,소심한토끼667,수부지,"민감성, 보습",2026.07.15,5,가볍게 발려요. 끈적임이 적어서 좋아요. 흡수가 빨라서 좋아요. 재구매 의사 있어요!,"가벼움, 끈적임 적음, 빠른 흡수, 산뜻함",4.28,https://drive.google.com/file/d/1pENfa0k5k0x5p-OEWdsLLnnzvacGKTRa/view?usp=drive_link,,
695,46,모이스춰 닥터 크림,엉뚱발랄한라쿤798,수부지,"민감성, 보습",2026.06.18,3,'모이스춰 닥터 크림' 사용 후기예요. 발림성이 정말 좋아요. 끈적임이 적어서 좋아요. 나쁘지 않아요.,"빠른 흡수, 산뜻함, 끈적임 적음, 발림성, 가벼움",4.28,https://drive.google.com/file/d/13TCVty_fL5N_B9AcJd9LUnYETdTtjYue/view?usp=drive_link,,
696,46,모이스춰 닥터 크림,소심한두더지264,수부지,민감성,2026.03.07,4,'모이스춰 닥터 크림' 사용 후기예요. 발림성이 정말 좋아요. 흡수가 빨라서 좋아요. 만족스러운 소비였어요.,"빠른 흡수, 끈적임 적음, 발림성, 산뜻함",4.28,https://drive.google.com/file/d/15a_nX6SX7SPu1OjXn21OIbEzh4gTDZAb/view?usp=drive_link,,
697,46,모이스춰 닥터 크림,대담한여우297,수부지,"보습, 민감성",2025.04.22,4,끈적임이 적어서 좋아요. 가격도 합리적이라 좋았어요.,"가벼움, 빠른 흡수, 끈적임 적음, 산뜻함, 발림성",4.28,,,
698,46,모이스춰 닥터 크림,명랑한거북이783,수부지,보습,2025.05.15,3,'모이스춰 닥터 크림' 사용 후기예요. 발림성이 정말 좋아요. 끈적임이 적어서 좋아요.,"가벼움, 끈적임 적음, 발림성",4.28,,,
699,46,모이스춰 닥터 크림,새침한거북이846,수부지,보습,2026.07.11,3,'모이스춰 닥터 크림' 사용 후기예요. 가볍게 발려요. 발림성이 정말 좋아요. 나쁘지 않아요.,"산뜻함, 발림성, 빠른 흡수, 가벼움",4.28,https://drive.google.com/file/d/1SUqbqJR8Y1pLJ2Ky20fDAm7n_XeyZ3Tu/view?usp=drive_link,https://drive.google.com/file/d/15a_nX6SX7SPu1OjXn21OIbEzh4gTDZAb/view?usp=drive_link,
700,46,모이스춰 닥터 크림,촉촉한벌새523,수부지,보습,2025.02.28,3,'모이스춰 닥터 크림' 사용 후기예요. 발림성이 정말 좋아요. 가볍게 발려요.,"발림성, 가벼움",4.28,,,
701,46,모이스춰 닥터 크림,엉뚱발랄한판다442,수부지,"민감성, 모공",2026.01.26,5,끈적임이 적어서 좋아요. 재구매 의사 있어요!,"빠른 흡수, 가벼움, 끈적임 적음, 발림성",4.28,https://drive.google.com/file/d/1SUqbqJR8Y1pLJ2Ky20fDAm7n_XeyZ3Tu/view?usp=drive_link,,
702,46,모이스춰 닥터 크림,느긋한펭귄106,수부지,"민감성, 보습",2025.12.25,4,'모이스춰 닥터 크림' 사용 후기예요. 발림성이 정말 좋아요. 끈적임이 적어서 좋아요. 만족스러운 소비였어요.,"산뜻함, 발림성, 끈적임 적음",4.28,,,
703,46,모이스춰 닥터 크림,귀여운거북이976,수부지,"보습, 민감성",2026.06.25,4,'모이스춰 닥터 크림' 사용 후기예요. 산뜻하게 발려서 좋아요. 재구매 의사 있어요!,"끈적임 적음, 가벼움, 발림성, 산뜻함",4.28,,,
704,46,모이스춰 닥터 크림,잠많은오리131,수부지,"민감성, 보습",2025.02.14,5,'모이스춰 닥터 크림' 사용 후기예요. 발림성이 정말 좋아요. 가볍게 발려요. 흡수가 빨라서 좋아요.,"가벼움, 산뜻함, 빠른 흡수, 발림성",4.28,https://drive.google.com/file/d/179Y6CDPKyzYvJ44cQ4f0InNAtV9ZZc7F/view?usp=drive_link,,
705,46,모이스춰 닥터 크림,게으른기린792,수부지,민감성,2025.01.26,5,'모이스춰 닥터 크림' 사용 후기예요. 가볍게 발려요. 끈적임이 적어서 좋아요. 만족스러운 소비였어요.,"빠른 흡수, 끈적임 적음, 가벼움, 발림성",4.28,,,
706,47,마다가스카르 리얼 수분크림,반짝이는얼룩말670,건성,"민감성, 보습",2026.05.18,4,저자극이라 편하게 쓸 수 있었어요. 가볍게 발려요. 재구매 의사 있어요!,"저자극, 빠른 흡수, 가벼움",4.21,https://drive.google.com/file/d/179Y6CDPKyzYvJ44cQ4f0InNAtV9ZZc7F/view?usp=drive_link,https://drive.google.com/file/d/15GRqQfCILjIOGRYtKQsUZWGYNBNlynYI/view?usp=drive_link,https://drive.google.com/file/d/1lne1VHIt9sHC-MFp2o0z9QuyjG6G_HfI/view?usp=drive_link
707,47,마다가스카르 리얼 수분크림,엉뚱한강아지402,건성,"민감성, 여드름",2025.05.15,4,가볍게 발려요. 만족스러운 소비였어요.,"빠른 흡수, 가벼움, 산뜻함 끈적임 적음, 저자극, 적은 유분감",4.21,,,
708,47,마다가스카르 리얼 수분크림,게으른수달664,수부지,민감성,2026.04.03,5,흡수가 빨라서 좋아요. 유분감이 적어서 산뜻해요.,"산뜻함 끈적임 적음, 빠른 흡수, 가벼움, 적은 유분감",4.21,,,
709,47,마다가스카르 리얼 수분크림,게으른하마740,수부지,"보습, 민감성, 탄력/주름",2026.05.12,4,'마다가스카르 리얼 수분크림' 사용 후기예요. 가볍게 발려요. 흡수가 빨라서 좋아요. 저자극이라 편하게 쓸 수 있었어요. 재구매 의사 있어요!,"산뜻함 끈적임 적음, 가벼움, 저자극, 적은 유분감, 빠른 흡수",4.21,,,
710,47,마다가스카르 리얼 수분크림,용감한고슴도치497,수부지,"민감성, 여드름, 보습",2026.05.27,2,'마다가스카르 리얼 수분크림' 사용 후기예요. 가볍게 발려요. 기대만큼은 아니었어요.,"산뜻함 끈적임 적음, 저자극, 가벼움",4.21,https://drive.google.com/file/d/1lne1VHIt9sHC-MFp2o0z9QuyjG6G_HfI/view?usp=drive_link,,
711,47,마다가스카르 리얼 수분크림,익명의강아지225,수부지,"보습, 민감성",2026.07.11,3,그냥 무난하게 쓰고 있어요.,"산뜻함 끈적임 적음, 빠른 흡수, 저자극, 적은 유분감",4.21,,,
712,47,마다가스카르 리얼 수분크림,대담한토끼581,수부지,여드름,2025.03.10,5,'마다가스카르 리얼 수분크림' 사용 후기예요. 저자극이라 편하게 쓸 수 있었어요.,"저자극, 가벼움",4.21,https://drive.google.com/file/d/1pENfa0k5k0x5p-OEWdsLLnnzvacGKTRa/view?usp=drive_link,https://drive.google.com/file/d/15a_nX6SX7SPu1OjXn21OIbEzh4gTDZAb/view?usp=drive_link,
713,47,마다가스카르 리얼 수분크림,몽글몽글한토끼663,수부지,"여드름, 보습",2025.05.13,5,저자극이라 편하게 쓸 수 있었어요. 만족스러운 소비였어요.,"산뜻함 끈적임 적음, 저자극",4.21,https://drive.google.com/file/d/1SUqbqJR8Y1pLJ2Ky20fDAm7n_XeyZ3Tu/view?usp=drive_link,https://drive.google.com/file/d/1YGnjAS_0imBEvyixy1Q7HYkGfoPru6OX/view?usp=drive_link,
714,47,마다가스카르 리얼 수분크림,상냥한하마433,수부지,없음,2025.10.24,4,'마다가스카르 리얼 수분크림' 사용 후기예요. 유분감이 적어서 산뜻해요. 저자극이라 편하게 쓸 수 있었어요.,"산뜻함 끈적임 적음, 가벼움, 적은 유분감, 저자극",4.21,https://drive.google.com/file/d/1mjlJ-KPW00rIVQ4636mMbVhFblVVDrNd/view?usp=drive_link,https://drive.google.com/file/d/13TCVty_fL5N_B9AcJd9LUnYETdTtjYue/view?usp=drive_link,
715,47,마다가스카르 리얼 수분크림,엉뚱한펭귄151,수부지,없음,2025.03.27,5,가볍게 발려요. 저자극이라 편하게 쓸 수 있었어요. 다음에도 또 살 것 같아요.,"적은 유분감, 저자극, 빠른 흡수, 산뜻함 끈적임 적음, 가벼움",4.21,https://drive.google.com/file/d/13TCVty_fL5N_B9AcJd9LUnYETdTtjYue/view?usp=drive_link,,
716,47,마다가스카르 리얼 수분크림,느긋한오리338,건성,민감성,2025.01.11,4,'마다가스카르 리얼 수분크림' 사용 후기예요. 가볍게 발려요. 재구매는 고민중이에요.,"가벼움, 산뜻함 끈적임 적음",4.21,https://drive.google.com/file/d/15GRqQfCILjIOGRYtKQsUZWGYNBNlynYI/view?usp=drive_link,,
717,47,마다가스카르 리얼 수분크림,반짝이는코알라806,건성,보습,2026.04.20,5,흡수가 빨라서 좋아요. 유분감이 적어서 산뜻해요. 다음에도 또 살 것 같아요.,"산뜻함 끈적임 적음, 저자극, 빠른 흡수, 가벼움, 적은 유분감",4.21,,,
718,47,마다가스카르 리얼 수분크림,부지런한하마415,건성,"민감성, 보습, 여드름",2026.02.07,5,'마다가스카르 리얼 수분크림' 사용 후기예요. 가볍게 발려요. 가격도 합리적이라 좋았어요.,"적은 유분감, 산뜻함 끈적임 적음, 가벼움",4.21,,,
719,47,마다가스카르 리얼 수분크림,말랑한알파카296,건성,여드름,2025.03.23,4,흡수가 빨라서 좋아요.,"빠른 흡수, 가벼움, 산뜻함 끈적임 적음",4.21,https://drive.google.com/file/d/1uvX7BHvE0UA1yAJvNaW4Ney_lFmdsA87/view?usp=drive_link,https://drive.google.com/file/d/13TCVty_fL5N_B9AcJd9LUnYETdTtjYue/view?usp=drive_link,
720,48,엑토덤 액티브 베리어 크림,활발한곰돌이418,건성,보습,2025.11.11,3,발림성이 정말 좋아요. 흡수가 빨라서 좋아요. 그냥 무난하게 쓰고 있어요.,"겉돌지 않음, 빠른 흡수, 발림성",3.67,,,
721,48,엑토덤 액티브 베리어 크림,촉촉한두더지992,수부지,"보습, 탄력/주름",2026.05.03,2,발림성이 정말 좋아요. 겉돌지 않고 잘 스며들어요. 기대만큼은 아니었어요.,"빠른 흡수, 발림성, 겉돌지 않음",3.67,https://drive.google.com/file/d/13TCVty_fL5N_B9AcJd9LUnYETdTtjYue/view?usp=drive_link,,
722,48,엑토덤 액티브 베리어 크림,몽글몽글한두더지948,수부지,"보습, 탄력/주름",2026.06.10,4,'엑토덤 액티브 베리어 크림' 사용 후기예요. 흡수가 빨라서 좋아요. 발림성이 정말 좋아요. 겉돌지 않고 잘 스며들어요. 재구매 의사 있어요!,"발림성, 겉돌지 않음, 빠른 흡수",3.67,,,
723,48,엑토덤 액티브 베리어 크림,용감한다람쥐912,건성,"보습, 탄력/주름",2025.12.28,4,겉돌지 않고 잘 스며들어요. 발림성이 정말 좋아요. 재구매는 고민중이에요.,"발림성, 겉돌지 않음, 빠른 흡수",3.67,https://drive.google.com/file/d/15GRqQfCILjIOGRYtKQsUZWGYNBNlynYI/view?usp=drive_link,,
724,48,엑토덤 액티브 베리어 크림,배부른하마650,수부지,보습,2025.07.16,4,'엑토덤 액티브 베리어 크림' 사용 후기예요. 겉돌지 않고 잘 스며들어요. 흡수가 빨라서 좋아요.,"빠른 흡수, 겉돌지 않음, 발림성",3.67,,,
725,48,엑토덤 액티브 베리어 크림,익명의코알라128,수부지,"탄력/주름, 보습",2025.11.08,5,'엑토덤 액티브 베리어 크림' 사용 후기예요. 발림성이 정말 좋아요. 추천하고 싶어요.,"겉돌지 않음, 발림성, 빠른 흡수",3.67,,,
726,49,시카비오 크림+,부드러운고슴도치608,건성,"보습, 민감성",2026.03.30,3,'시카비오 크림+' 사용 후기예요. 윤광이 돌아서 피부가 화사해 보여요. 재구매는 고민중이에요.,윤광,4.18,https://drive.google.com/file/d/15GRqQfCILjIOGRYtKQsUZWGYNBNlynYI/view?usp=drive_link,,
727,49,시카비오 크림+,잠많은다람쥐663,건성,"보습, 민감성, 여드름",2026.07.18,5,'시카비오 크림+' 사용 후기예요. 윤광이 돌아서 피부가 화사해 보여요.,윤광,4.18,https://drive.google.com/file/d/1SUqbqJR8Y1pLJ2Ky20fDAm7n_XeyZ3Tu/view?usp=drive_link,https://drive.google.com/file/d/1YGnjAS_0imBEvyixy1Q7HYkGfoPru6OX/view?usp=drive_link,
728,49,시카비오 크림+,부드러운두더지762,건성,"민감성, 보습, 피지/블랙헤드",2025.05.17,3,윤광이 돌아서 피부가 화사해 보여요. 재구매는 고민중이에요.,윤광,4.18,https://drive.google.com/file/d/179Y6CDPKyzYvJ44cQ4f0InNAtV9ZZc7F/view?usp=drive_link,,
729,49,시카비오 크림+,산뜻한수달964,건성,"보습, 민감성",2025.08.18,4,윤광이 돌아서 피부가 화사해 보여요. 재구매 의사 있어요!,윤광,4.18,https://drive.google.com/file/d/15GRqQfCILjIOGRYtKQsUZWGYNBNlynYI/view?usp=drive_link,https://drive.google.com/file/d/1YGnjAS_0imBEvyixy1Q7HYkGfoPru6OX/view?usp=drive_link,
730,49,시카비오 크림+,촉촉한부엉이865,건성,민감성,2026.02.03,5,윤광이 돌아서 피부가 화사해 보여요. 재구매 의사 있어요!,윤광,4.18,https://drive.google.com/file/d/13TCVty_fL5N_B9AcJd9LUnYETdTtjYue/view?usp=drive_link,https://drive.google.com/file/d/1lne1VHIt9sHC-MFp2o0z9QuyjG6G_HfI/view?usp=drive_link,
731,49,시카비오 크림+,소심한문어462,건성,"민감성, 모공",2025.08.27,4,윤광이 돌아서 피부가 화사해 보여요. 가격도 합리적이라 좋았어요.,윤광,4.18,https://drive.google.com/file/d/1UrD3JSDNPqJrt425mPP5hXvrRIgLiWll/view?usp=drive_link,,
732,49,시카비오 크림+,행복한오리794,건성,"민감성, 보습",2025.02.20,4,'시카비오 크림+' 사용 후기예요. 윤광이 돌아서 피부가 화사해 보여요.,윤광,4.18,,,
733,49,시카비오 크림+,엉뚱발랄한판다81,건성,"보습, 민감성",2025.01.14,4,'시카비오 크림+' 사용 후기예요. 윤광이 돌아서 피부가 화사해 보여요.,윤광,4.18,https://drive.google.com/file/d/1SUqbqJR8Y1pLJ2Ky20fDAm7n_XeyZ3Tu/view?usp=drive_link,,
734,49,시카비오 크림+,소심한벌새708,건성,"보습, 민감성",2026.07.27,5,'시카비오 크림+' 사용 후기예요. 윤광이 돌아서 피부가 화사해 보여요.,윤광,4.18,https://drive.google.com/file/d/1lYUCzB6Ho7zOd6u8PeOXRLaq3KeVrP27/view?usp=drive_link,,
735,49,시카비오 크림+,상냥한앵무새35,건성,"민감성, 보습",2026.02.01,5,'시카비오 크림+' 사용 후기예요. 윤광이 돌아서 피부가 화사해 보여요. 가격도 합리적이라 좋았어요.,윤광,4.18,https://drive.google.com/file/d/1kOm7JJo4YGrOxlIVRuKYclzj0IqtTRj4/view?usp=drive_link,https://drive.google.com/file/d/1x9l_Te_AvoJlghVrq0oifo1qMtyM1RHr/view?usp=drive_link,
736,49,시카비오 크림+,부지런한문어632,건성,민감성,2026.07.17,5,윤광이 돌아서 피부가 화사해 보여요.,윤광,4.18,https://drive.google.com/file/d/1uvX7BHvE0UA1yAJvNaW4Ney_lFmdsA87/view?usp=drive_link,https://drive.google.com/file/d/1lne1VHIt9sHC-MFp2o0z9QuyjG6G_HfI/view?usp=drive_link,
737,49,시카비오 크림+,조용한곰돌이267,건성,"민감성, 보습",2025.11.12,4,'시카비오 크림+' 사용 후기예요. 윤광이 돌아서 피부가 화사해 보여요. 재구매는 고민중이에요.,윤광,4.18,,,
738,49,시카비오 크림+,배부른얼룩말110,건성,"민감성, 보습, 여드름",2026.03.04,5,윤광이 돌아서 피부가 화사해 보여요. 재구매 의사 있어요!,윤광,4.18,,,
739,49,시카비오 크림+,잠많은사자626,건성,민감성,2025.06.21,4,윤광이 돌아서 피부가 화사해 보여요. 가격도 합리적이라 좋았어요.,윤광,4.18,https://drive.google.com/file/d/13TCVty_fL5N_B9AcJd9LUnYETdTtjYue/view?usp=drive_link,https://drive.google.com/file/d/15GRqQfCILjIOGRYtKQsUZWGYNBNlynYI/view?usp=drive_link,
740,49,시카비오 크림+,상큼한사자401,건성,민감성,2026.02.17,3,윤광이 돌아서 피부가 화사해 보여요. 재구매는 고민중이에요.,윤광,4.18,https://drive.google.com/file/d/15GRqQfCILjIOGRYtKQsUZWGYNBNlynYI/view?usp=drive_link,,
741,49,시카비오 크림+,씩씩한해달939,건성,"민감성, 보습",2025.10.20,5,'시카비오 크림+' 사용 후기예요. 윤광이 돌아서 피부가 화사해 보여요. 추천하고 싶어요.,윤광,4.18,https://drive.google.com/file/d/1SUqbqJR8Y1pLJ2Ky20fDAm7n_XeyZ3Tu/view?usp=drive_link,,
742,49,시카비오 크림+,부지런한라쿤510,건성,"민감성, 보습, 모공",2026.03.09,3,'시카비오 크림+' 사용 후기예요. 윤광이 돌아서 피부가 화사해 보여요. 나쁘지 않아요.,윤광,4.18,https://drive.google.com/file/d/1lne1VHIt9sHC-MFp2o0z9QuyjG6G_HfI/view?usp=drive_link,,
743,51,자작나무 수분 크림,배부른거북이41,수부지,보습,2025.06.25,5,'자작나무 수분 크림' 사용 후기예요. 저자극이라 편하게 쓸 수 있었어요. 가볍게 발려요.,"끈적임 적음, 저자극, 가벼움",4.3,https://drive.google.com/file/d/1YGnjAS_0imBEvyixy1Q7HYkGfoPru6OX/view?usp=drive_link,,
744,51,자작나무 수분 크림,평범한문어189,수부지,보습,2025.05.30,5,'자작나무 수분 크림' 사용 후기예요. 저자극이라 편하게 쓸 수 있었어요. 산뜻하게 발려서 좋아요. 가볍게 발려요.,"가벼움, 산뜻함, 저자극, 끈적임 적음",4.3,https://drive.google.com/file/d/1mjlJ-KPW00rIVQ4636mMbVhFblVVDrNd/view?usp=drive_link,https://drive.google.com/file/d/13TCVty_fL5N_B9AcJd9LUnYETdTtjYue/view?usp=drive_link,
745,51,자작나무 수분 크림,느긋한고슴도치896,수부지,보습,2026.03.10,5,가볍게 발려요. 다음에도 또 살 것 같아요.,"가벼움, 끈적임 적음, 저자극, 산뜻함",4.3,,,
746,51,자작나무 수분 크림,배부른하마301,수부지,보습,2026.08.13,5,'자작나무 수분 크림' 사용 후기예요. 가볍게 발려요. 산뜻하게 발려서 좋아요. 추천하고 싶어요.,"산뜻함, 끈적임 적음, 저자극, 가벼움",4.3,https://drive.google.com/file/d/13TCVty_fL5N_B9AcJd9LUnYETdTtjYue/view?usp=drive_link,,
747,51,자작나무 수분 크림,조용한다람쥐167,수부지,보습,2025.03.19,5,저자극이라 편하게 쓸 수 있었어요. 가볍게 발려요. 끈적임이 적어서 좋아요. 재구매 의사 있어요!,"끈적임 적음, 저자극, 산뜻함, 가벼움",4.3,,,
748,51,자작나무 수분 크림,잠많은병아리261,수부지,보습,2025.01.08,4,'자작나무 수분 크림' 사용 후기예요. 저자극이라 편하게 쓸 수 있었어요.,"저자극, 가벼움, 끈적임 적음, 산뜻함",4.3,https://drive.google.com/file/d/15GRqQfCILjIOGRYtKQsUZWGYNBNlynYI/view?usp=drive_link,https://drive.google.com/file/d/1M5A-262-r4HraoIzdtYEK1Jiw45w6VdE/view?usp=drive_link,
749,51,자작나무 수분 크림,대담한고양이88,수부지,보습,2026.07.27,3,끈적임이 적어서 좋아요. 가볍게 발려요. 산뜻하게 발려서 좋아요. 그냥 무난하게 쓰고 있어요.,"끈적임 적음, 저자극, 산뜻함, 가벼움",4.3,,,
750,51,자작나무 수분 크림,새침한기린197,수부지,보습,2025.12.28,4,산뜻하게 발려서 좋아요. 끈적임이 적어서 좋아요. 가볍게 발려요. 만족스러운 소비였어요.,"산뜻함, 저자극, 끈적임 적음, 가벼움",4.3,https://drive.google.com/file/d/1M5A-262-r4HraoIzdtYEK1Jiw45w6VdE/view?usp=drive_link,,
751,51,자작나무 수분 크림,대담한토끼533,수부지,보습,2026.06.27,5,'자작나무 수분 크림' 사용 후기예요. 저자극이라 편하게 쓸 수 있었어요. 가볍게 발려요. 추천하고 싶어요.,"산뜻함, 가벼움, 저자극",4.3,,,
752,51,자작나무 수분 크림,대담한곰돌이447,수부지,보습,2026.01.15,5,가볍게 발려요. 산뜻하게 발려서 좋아요. 끈적임이 적어서 좋아요. 추천하고 싶어요.,"끈적임 적음, 가벼움, 산뜻함",4.3,https://drive.google.com/file/d/1M5A-262-r4HraoIzdtYEK1Jiw45w6VdE/view?usp=drive_link,,
753,51,자작나무 수분 크림,게으른물개669,수부지,보습,2025.09.03,4,'자작나무 수분 크림' 사용 후기예요. 끈적임이 적어서 좋아요. 가격도 합리적이라 좋았어요.,"산뜻함, 끈적임 적음, 저자극",4.3,,,
754,51,자작나무 수분 크림,상냥한펭귄282,수부지,"보습, 여드름",2026.07.02,4,저자극이라 편하게 쓸 수 있었어요. 가격도 합리적이라 좋았어요.,"산뜻함, 저자극",4.3,,,
755,51,자작나무 수분 크림,평범한여우880,수부지,"보습, 여드름",2025.10.02,4,'자작나무 수분 크림' 사용 후기예요. 저자극이라 편하게 쓸 수 있었어요. 가볍게 발려요. 끈적임이 적어서 좋아요.,"저자극, 가벼움, 끈적임 적음",4.3,https://drive.google.com/file/d/1M5A-262-r4HraoIzdtYEK1Jiw45w6VdE/view?usp=drive_link,https://drive.google.com/file/d/1uvX7BHvE0UA1yAJvNaW4Ney_lFmdsA87/view?usp=drive_link,
756,51,자작나무 수분 크림,조용한거북이961,수부지,보습,2025.04.03,4,'자작나무 수분 크림' 사용 후기예요. 가볍게 발려요. 끈적임이 적어서 좋아요. 만족스러운 소비였어요.,"끈적임 적음, 가벼움",4.3,https://drive.google.com/file/d/1uvX7BHvE0UA1yAJvNaW4Ney_lFmdsA87/view?usp=drive_link,,
757,51,자작나무 수분 크림,조용한다람쥐655,수부지,보습,2026.01.08,5,'자작나무 수분 크림' 사용 후기예요. 끈적임이 적어서 좋아요. 가볍게 발려요. 재구매 의사 있어요!,"끈적임 적음, 가벼움, 저자극",4.3,https://drive.google.com/file/d/1M5A-262-r4HraoIzdtYEK1Jiw45w6VdE/view?usp=drive_link,,
758,51,자작나무 수분 크림,든든한알파카297,수부지,보습,2025.12.23,5,가볍게 발려요. 끈적임이 적어서 좋아요. 저자극이라 편하게 쓸 수 있었어요. 가격도 합리적이라 좋았어요.,"가벼움, 산뜻함, 저자극, 끈적임 적음",4.3,,,
759,51,자작나무 수분 크림,게으른나비72,수부지,보습,2026.01.29,3,가볍게 발려요. 끈적임이 적어서 좋아요. 산뜻하게 발려서 좋아요. 나쁘지 않아요.,"가벼움, 끈적임 적음, 산뜻함",4.3,,,
760,51,자작나무 수분 크림,배부른여우910,수부지,보습,2025.03.15,5,끈적임이 적어서 좋아요. 만족스러운 소비였어요.,"저자극, 끈적임 적음, 산뜻함, 가벼움",4.3,,,
761,51,자작나무 수분 크림,부드러운알파카276,수부지,보습,2025.04.01,5,가볍게 발려요. 끈적임이 적어서 좋아요. 추천하고 싶어요.,"저자극, 끈적임 적음, 가벼움",4.3,,,
762,51,자작나무 수분 크림,느긋한강아지126,수부지,보습,2025.05.08,4,'자작나무 수분 크림' 사용 후기예요. 가볍게 발려요. 끈적임이 적어서 좋아요. 가격도 합리적이라 좋았어요.,"끈적임 적음, 가벼움, 산뜻함",4.3,https://drive.google.com/file/d/1uvX7BHvE0UA1yAJvNaW4Ney_lFmdsA87/view?usp=drive_link,https://drive.google.com/file/d/15a_nX6SX7SPu1OjXn21OIbEzh4gTDZAb/view?usp=drive_link,
763,51,자작나무 수분 크림,엉뚱발랄한토끼92,수부지,보습,2025.07.19,1,'자작나무 수분 크림' 사용 후기예요. 저자극이라 편하게 쓸 수 있었어요.,"가벼움, 저자극, 산뜻함",4.3,https://drive.google.com/file/d/1YGnjAS_0imBEvyixy1Q7HYkGfoPru6OX/view?usp=drive_link,,
764,51,자작나무 수분 크림,활발한오리928,수부지,보습,2025.01.05,4,산뜻하게 발려서 좋아요.,"산뜻함, 가벼움",4.3,,,
765,51,자작나무 수분 크림,반짝이는라쿤337,수부지,보습,2025.06.05,4,산뜻하게 발려서 좋아요.,"가벼움, 산뜻함, 끈적임 적음, 저자극",4.3,https://drive.google.com/file/d/15a_nX6SX7SPu1OjXn21OIbEzh4gTDZAb/view?usp=drive_link,,
766,51,자작나무 수분 크림,촉촉한두더지594,수부지,보습,2026.06.03,5,'자작나무 수분 크림' 사용 후기예요. 저자극이라 편하게 쓸 수 있었어요. 가볍게 발려요.,"가벼움, 끈적임 적음, 저자극",4.3,,,
767,51,자작나무 수분 크림,느긋한알파카639,수부지,보습,2025.04.24,3,끈적임이 적어서 좋아요. 재구매는 고민중이에요.,"저자극, 산뜻함, 끈적임 적음",4.3,https://drive.google.com/file/d/15a_nX6SX7SPu1OjXn21OIbEzh4gTDZAb/view?usp=drive_link,,
768,51,자작나무 수분 크림,촉촉한토끼388,수부지,보습,2026.08.31,5,저자극이라 편하게 쓸 수 있었어요. 다음에도 또 살 것 같아요.,"저자극, 산뜻함, 끈적임 적음, 가벼움",4.3,,,
769,51,자작나무 수분 크림,잠많은고슴도치550,수부지,"보습, 민감성",2026.04.09,4,'자작나무 수분 크림' 사용 후기예요. 끈적임이 적어서 좋아요. 가볍게 발려요. 저자극이라 편하게 쓸 수 있었어요.,"저자극, 끈적임 적음, 산뜻함, 가벼움",4.3,,,
770,51,자작나무 수분 크림,상큼한문어444,수부지,보습,2026.05.04,4,'자작나무 수분 크림' 사용 후기예요. 끈적임이 적어서 좋아요. 재구매는 고민중이에요.,"끈적임 적음, 산뜻함, 가벼움",4.3,,,
771,51,자작나무 수분 크림,자유로운물개235,수부지,보습,2025.07.13,5,'자작나무 수분 크림' 사용 후기예요. 저자극이라 편하게 쓸 수 있었어요. 끈적임이 적어서 좋아요. 만족스러운 소비였어요.,"끈적임 적음, 저자극, 산뜻함",4.3,https://drive.google.com/file/d/1YGnjAS_0imBEvyixy1Q7HYkGfoPru6OX/view?usp=drive_link,,
772,51,자작나무 수분 크림,부드러운토끼912,수부지,보습,2025.05.11,5,가볍게 발려요. 산뜻하게 발려서 좋아요. 다음에도 또 살 것 같아요.,"저자극, 산뜻함, 가벼움, 끈적임 적음",4.3,,,
773,52,그린 콜라겐 아이크림 포 페이스,익명의고슴도치532,건성,탄력/주름,2026.01.22,4,재구매는 고민중이에요.,"발림성, 쫀쫀함, 빠른 흡수, 저작극",4.36,,,
774,52,그린 콜라겐 아이크림 포 페이스,부드러운호랑이77,복합성,탄력/주름,2026.08.19,3,쫀쫀한 텍스처가 마음에 들어요. 나쁘지 않아요.,"저작극, 빠른 흡수, 쫀쫀함",4.36,,,
775,52,그린 콜라겐 아이크림 포 페이스,씩씩한부엉이223,복합성,탄력/주름,2026.05.29,5,발림성이 정말 좋아요. 다음에도 또 살 것 같아요.,"발림성, 쫀쫀함",4.36,,,
776,52,그린 콜라겐 아이크림 포 페이스,엉뚱발랄한펭귄954,복합성,탄력/주름,2026.01.17,5,흡수가 빨라서 좋아요. 쫀쫀한 텍스처가 마음에 들어요. 재구매 의사 있어요!,"빠른 흡수, 쫀쫀함, 저작극",4.36,https://drive.google.com/file/d/1YGnjAS_0imBEvyixy1Q7HYkGfoPru6OX/view?usp=drive_link,,
777,52,그린 콜라겐 아이크림 포 페이스,느긋한펭귄377,건성,없음,2026.08.31,5,'그린 콜라겐 아이크림 포 페이스' 사용 후기예요. 쫀쫀한 텍스처가 마음에 들어요. 발림성이 정말 좋아요. 추천하고 싶어요.,"저작극, 쫀쫀함, 발림성",4.36,,,
778,52,그린 콜라겐 아이크림 포 페이스,자유로운호랑이872,복합성,탄력/주름,2025.06.09,4,발림성이 정말 좋아요. 만족스러운 소비였어요.,"쫀쫀함, 빠른 흡수, 발림성, 저작극",4.36,https://drive.google.com/file/d/1pENfa0k5k0x5p-OEWdsLLnnzvacGKTRa/view?usp=drive_link,,
779,52,그린 콜라겐 아이크림 포 페이스,산뜻한알파카278,복합성,탄력/주름,2026.05.14,5,다음에도 또 살 것 같아요.,"쫀쫀함, 저작극, 빠른 흡수",4.36,https://drive.google.com/file/d/1YGnjAS_0imBEvyixy1Q7HYkGfoPru6OX/view?usp=drive_link,https://drive.google.com/file/d/1lYUCzB6Ho7zOd6u8PeOXRLaq3KeVrP27/view?usp=drive_link,
780,52,그린 콜라겐 아이크림 포 페이스,상큼한사자437,복합성,탄력/주름,2026.05.25,5,'그린 콜라겐 아이크림 포 페이스' 사용 후기예요. 발림성이 정말 좋아요. 쫀쫀한 텍스처가 마음에 들어요. 재구매 의사 있어요!,"쫀쫀함, 저작극, 발림성",4.36,https://drive.google.com/file/d/1YGnjAS_0imBEvyixy1Q7HYkGfoPru6OX/view?usp=drive_link,,
781,52,그린 콜라겐 아이크림 포 페이스,말랑한수달429,건성,탄력/주름,2025.06.09,3,'그린 콜라겐 아이크림 포 페이스' 사용 후기예요. 흡수가 빨라서 좋아요. 나쁘지 않아요.,"쫀쫀함, 빠른 흡수, 저작극, 발림성",4.36,https://drive.google.com/file/d/1lYUCzB6Ho7zOd6u8PeOXRLaq3KeVrP27/view?usp=drive_link,,
782,52,그린 콜라겐 아이크림 포 페이스,자유로운사자298,건성,탄력/주름,2026.06.24,5,'그린 콜라겐 아이크림 포 페이스' 사용 후기예요. 흡수가 빨라서 좋아요. 발림성이 정말 좋아요. 재구매 의사 있어요!,"발림성, 쫀쫀함, 저작극, 빠른 흡수",4.36,https://drive.google.com/file/d/1lYUCzB6Ho7zOd6u8PeOXRLaq3KeVrP27/view?usp=drive_link,,
783,52,그린 콜라겐 아이크림 포 페이스,새침한수달499,건성,탄력/주름,2025.12.27,2,쫀쫀한 텍스처가 마음에 들어요. 기대만큼은 아니었어요.,"쫀쫀함, 저작극",4.36,https://drive.google.com/file/d/1pENfa0k5k0x5p-OEWdsLLnnzvacGKTRa/view?usp=drive_link,,
784,52,그린 콜라겐 아이크림 포 페이스,느긋한토끼816,복합성,"탄력/주름, 모공",2025.02.03,4,'그린 콜라겐 아이크림 포 페이스' 사용 후기예요. 흡수가 빨라서 좋아요. 발림성이 정말 좋아요.,"발림성, 빠른 흡수",4.36,,,
785,52,그린 콜라겐 아이크림 포 페이스,엉뚱한거북이61,복합성,없음,2025.02.11,5,'그린 콜라겐 아이크림 포 페이스' 사용 후기예요. 쫀쫀한 텍스처가 마음에 들어요. 흡수가 빨라서 좋아요. 추천하고 싶어요.,"쫀쫀함, 빠른 흡수, 저작극",4.36,https://drive.google.com/file/d/1YGnjAS_0imBEvyixy1Q7HYkGfoPru6OX/view?usp=drive_link,,
786,52,그린 콜라겐 아이크림 포 페이스,자유로운다람쥐515,건성,탄력/주름,2025.09.10,5,'그린 콜라겐 아이크림 포 페이스' 사용 후기예요. 발림성이 정말 좋아요. 다음에도 또 살 것 같아요.,"발림성, 저작극",4.36,,,
787,52,그린 콜라겐 아이크림 포 페이스,부드러운부엉이890,복합성,탄력/주름,2025.01.21,3,재구매는 고민중이에요.,"발림성, 빠른 흡수, 저작극, 쫀쫀함",4.36,https://drive.google.com/file/d/1YGnjAS_0imBEvyixy1Q7HYkGfoPru6OX/view?usp=drive_link,,
788,52,그린 콜라겐 아이크림 포 페이스,용감한고슴도치146,건성,탄력/주름,2025.07.08,5,'그린 콜라겐 아이크림 포 페이스' 사용 후기예요. 쫀쫀한 텍스처가 마음에 들어요. 흡수가 빨라서 좋아요. 가격도 합리적이라 좋았어요.,"발림성, 빠른 흡수, 쫀쫀함",4.36,https://drive.google.com/file/d/1SUqbqJR8Y1pLJ2Ky20fDAm7n_XeyZ3Tu/view?usp=drive_link,,
789,52,그린 콜라겐 아이크림 포 페이스,잠많은나비526,건성,탄력/주름,2025.03.04,5,흡수가 빨라서 좋아요.,"쫀쫀함, 빠른 흡수",4.36,,,
790,52,그린 콜라겐 아이크림 포 페이스,씩씩한호랑이104,복합성,탄력/주름,2025.03.01,5,발림성이 정말 좋아요. 쫀쫀한 텍스처가 마음에 들어요. 추천하고 싶어요.,"발림성, 쫀쫀함, 빠른 흡수, 저작극",4.36,https://drive.google.com/file/d/1YGnjAS_0imBEvyixy1Q7HYkGfoPru6OX/view?usp=drive_link,,
791,52,그린 콜라겐 아이크림 포 페이스,행복한물개553,건성,탄력/주름,2026.05.02,5,다음에도 또 살 것 같아요.,"발림성, 저작극, 빠른 흡수",4.36,https://drive.google.com/file/d/1UrD3JSDNPqJrt425mPP5hXvrRIgLiWll/view?usp=drive_link,,
792,52,그린 콜라겐 아이크림 포 페이스,조용한여우206,복합성,탄력/주름,2026.03.12,5,'그린 콜라겐 아이크림 포 페이스' 사용 후기예요. 발림성이 정말 좋아요. 쫀쫀한 텍스처가 마음에 들어요.,"쫀쫀함, 발림성",4.36,https://drive.google.com/file/d/1lne1VHIt9sHC-MFp2o0z9QuyjG6G_HfI/view?usp=drive_link,,
793,52,그린 콜라겐 아이크림 포 페이스,엉뚱한부엉이281,건성,탄력/주름,2025.04.27,4,'그린 콜라겐 아이크림 포 페이스' 사용 후기예요. 쫀쫀한 텍스처가 마음에 들어요. 발림성이 정말 좋아요.,"빠른 흡수, 저작극, 쫀쫀함, 발림성",4.36,,,
794,52,그린 콜라겐 아이크림 포 페이스,행복한앵무새909,복합성,탄력/주름,2025.01.22,4,흡수가 빨라서 좋아요. 쫀쫀한 텍스처가 마음에 들어요. 만족스러운 소비였어요.,"빠른 흡수, 쫀쫀함",4.36,,,
795,53,MLE 크림,활발한거북이946,건성,보습,2025.10.15,2,'MLE 크림' 사용 후기예요. 저자극이라 편하게 쓸 수 있었어요. 흡수가 빨라서 좋아요. 끈적임이 적어서 좋아요. 재구매는 안 할 것 같아요.,"빠른 흡수, 저자극, 끈적임 적음",4.23,https://drive.google.com/file/d/1lne1VHIt9sHC-MFp2o0z9QuyjG6G_HfI/view?usp=drive_link,https://drive.google.com/file/d/179Y6CDPKyzYvJ44cQ4f0InNAtV9ZZc7F/view?usp=drive_link,https://drive.google.com/file/d/1lYUCzB6Ho7zOd6u8PeOXRLaq3KeVrP27/view?usp=drive_link
796,53,MLE 크림,조용한사자829,복합성,보습,2026.04.08,5,'MLE 크림' 사용 후기예요. 흡수가 빨라서 좋아요. 끈적임이 적어서 좋아요. 재구매 의사 있어요!,"저자극, 빠른 흡수, 발림성, 끈적임 적음",4.23,,,
797,53,MLE 크림,귀여운고양이66,복합성,보습,2025.03.29,4,저자극이라 편하게 쓸 수 있었어요. 끈적임이 적어서 좋아요. 재구매 의사 있어요!,"끈적임 적음, 저자극",4.23,https://drive.google.com/file/d/179Y6CDPKyzYvJ44cQ4f0InNAtV9ZZc7F/view?usp=drive_link,,
798,53,MLE 크림,대담한고래181,건성,보습,2026.04.02,3,'MLE 크림' 사용 후기예요. 저자극이라 편하게 쓸 수 있었어요. 발림성이 정말 좋아요. 흡수가 빨라서 좋아요. 재구매는 고민중이에요.,"발림성, 빠른 흡수, 저자극, 끈적임 적음",4.23,,,
799,53,MLE 크림,느긋한앵무새694,건성,보습,2025.07.09,4,발림성이 정말 좋아요. 저자극이라 편하게 쓸 수 있었어요. 만족스러운 소비였어요.,"저자극, 발림성",4.23,https://drive.google.com/file/d/1lYUCzB6Ho7zOd6u8PeOXRLaq3KeVrP27/view?usp=drive_link,,
800,53,MLE 크림,명랑한펭귄33,복합성,보습,2025.01.02,4,'MLE 크림' 사용 후기예요. 흡수가 빨라서 좋아요. 끈적임이 적어서 좋아요. 만족스러운 소비였어요.,"끈적임 적음, 저자극, 빠른 흡수, 발림성",4.23,,,
801,53,MLE 크림,활발한라쿤938,복합성,없음,2025.06.18,4,'MLE 크림' 사용 후기예요. 발림성이 정말 좋아요. 끈적임이 적어서 좋아요. 만족스러운 소비였어요.,"발림성, 빠른 흡수, 끈적임 적음, 저자극",4.23,https://drive.google.com/file/d/1M5A-262-r4HraoIzdtYEK1Jiw45w6VdE/view?usp=drive_link,https://drive.google.com/file/d/1pENfa0k5k0x5p-OEWdsLLnnzvacGKTRa/view?usp=drive_link,
802,53,MLE 크림,잠많은라쿤485,복합성,보습,2025.04.08,5,발림성이 정말 좋아요. 저자극이라 편하게 쓸 수 있었어요. 끈적임이 적어서 좋아요.,"저자극, 빠른 흡수, 끈적임 적음, 발림성",4.23,https://drive.google.com/file/d/13TCVty_fL5N_B9AcJd9LUnYETdTtjYue/view?usp=drive_link,,
803,53,MLE 크림,배부른앵무새6,건성,보습,2026.08.30,3,'MLE 크림' 사용 후기예요. 끈적임이 적어서 좋아요. 저자극이라 편하게 쓸 수 있었어요. 그냥 무난하게 쓰고 있어요.,"저자극, 끈적임 적음",4.23,https://drive.google.com/file/d/1pENfa0k5k0x5p-OEWdsLLnnzvacGKTRa/view?usp=drive_link,,
804,53,MLE 크림,반짝이는수달44,복합성,보습,2025.10.25,5,'MLE 크림' 사용 후기예요. 흡수가 빨라서 좋아요. 가격도 합리적이라 좋았어요.,"빠른 흡수, 끈적임 적음, 발림성, 저자극",4.23,,,
805,53,MLE 크림,상냥한고슴도치995,복합성,보습,2026.04.08,4,'MLE 크림' 사용 후기예요. 발림성이 정말 좋아요. 흡수가 빨라서 좋아요. 저자극이라 편하게 쓸 수 있었어요.,"발림성, 빠른 흡수, 저자극",4.23,https://drive.google.com/file/d/1lne1VHIt9sHC-MFp2o0z9QuyjG6G_HfI/view?usp=drive_link,,
806,53,MLE 크림,자유로운곰돌이859,복합성,보습,2025.09.15,5,흡수가 빨라서 좋아요. 추천하고 싶어요.,"빠른 흡수, 발림성, 저자극, 끈적임 적음",4.23,,,
807,53,MLE 크림,게으른두더지402,복합성,보습,2026.01.25,5,'MLE 크림' 사용 후기예요. 발림성이 정말 좋아요. 흡수가 빨라서 좋아요. 추천하고 싶어요.,"저자극, 빠른 흡수, 발림성",4.23,https://drive.google.com/file/d/1pENfa0k5k0x5p-OEWdsLLnnzvacGKTRa/view?usp=drive_link,,
808,53,MLE 크림,상큼한펭귄292,복합성,보습,2025.02.08,5,'MLE 크림' 사용 후기예요. 저자극이라 편하게 쓸 수 있었어요. 다음에도 또 살 것 같아요.,"끈적임 적음, 저자극, 발림성",4.23,,,
809,53,MLE 크림,몽글몽글한앵무새515,복합성,"보습, 민감성",2026.03.22,5,'MLE 크림' 사용 후기예요. 흡수가 빨라서 좋아요. 끈적임이 적어서 좋아요.,"끈적임 적음, 빠른 흡수, 저자극, 발림성",4.23,https://drive.google.com/file/d/1lne1VHIt9sHC-MFp2o0z9QuyjG6G_HfI/view?usp=drive_link,,
810,53,MLE 크림,행복한하마982,건성,보습,2025.09.11,5,'MLE 크림' 사용 후기예요. 끈적임이 적어서 좋아요. 재구매 의사 있어요!,"빠른 흡수, 끈적임 적음",4.23,,,
811,53,MLE 크림,잠많은거북이999,건성,보습,2026.08.15,5,발림성이 정말 좋아요. 다음에도 또 살 것 같아요.,"저자극, 끈적임 적음, 발림성, 빠른 흡수",4.23,,,
812,53,MLE 크림,활발한강아지137,건성,"보습, 탄력/주름",2025.04.24,4,'MLE 크림' 사용 후기예요. 끈적임이 적어서 좋아요. 발림성이 정말 좋아요. 만족스러운 소비였어요.,"빠른 흡수, 저자극, 끈적임 적음, 발림성",4.23,,,
813,53,MLE 크림,말랑한부엉이445,복합성,보습,2026.01.31,2,흡수가 빨라서 좋아요. 발림성이 정말 좋아요. 저자극이라 편하게 쓸 수 있었어요. 기대만큼은 아니었어요.,"발림성, 저자극, 빠른 흡수",4.23,,,
814,53,MLE 크림,명랑한수달64,복합성,보습,2025.08.09,4,'MLE 크림' 사용 후기예요. 발림성이 정말 좋아요. 저자극이라 편하게 쓸 수 있었어요. 끈적임이 적어서 좋아요. 가격도 합리적이라 좋았어요.,"빠른 흡수, 발림성, 저자극, 끈적임 적음",4.23,,,
815,53,MLE 크림,엉뚱발랄한얼룩말758,건성,보습,2026.07.17,5,저자극이라 편하게 쓸 수 있었어요. 발림성이 정말 좋아요. 가격도 합리적이라 좋았어요.,"저자극, 빠른 흡수, 발림성, 끈적임 적음",4.23,https://drive.google.com/file/d/1lne1VHIt9sHC-MFp2o0z9QuyjG6G_HfI/view?usp=drive_link,,
816,53,MLE 크림,촉촉한고슴도치818,복합성,"보습, 피지/블랙헤드",2025.05.24,5,발림성이 정말 좋아요. 재구매 의사 있어요!,"빠른 흡수, 저자극, 끈적임 적음, 발림성",4.23,,,
817,53,MLE 크림,익명의하마640,복합성,없음,2025.09.07,4,'MLE 크림' 사용 후기예요. 끈적임이 적어서 좋아요. 흡수가 빨라서 좋아요. 재구매 의사 있어요!,"저자극, 끈적임 적음, 빠른 흡수, 발림성",4.23,https://drive.google.com/file/d/13TCVty_fL5N_B9AcJd9LUnYETdTtjYue/view?usp=drive_link,,
818,53,MLE 크림,든든한고양이828,건성,보습,2025.05.11,4,흡수가 빨라서 좋아요. 끈적임이 적어서 좋아요. 발림성이 정말 좋아요. 가격도 합리적이라 좋았어요.,"빠른 흡수, 끈적임 적음, 발림성, 저자극",4.23,,,
819,53,MLE 크림,대담한호랑이658,복합성,보습,2025.01.19,4,흡수가 빨라서 좋아요. 끈적임이 적어서 좋아요. 저자극이라 편하게 쓸 수 있었어요.,"발림성, 빠른 흡수, 끈적임 적음, 저자극",4.23,https://drive.google.com/file/d/1lne1VHIt9sHC-MFp2o0z9QuyjG6G_HfI/view?usp=drive_link,https://drive.google.com/file/d/13TCVty_fL5N_B9AcJd9LUnYETdTtjYue/view?usp=drive_link,
820,53,MLE 크림,사랑스런나비858,건성,"보습, 피지/블랙헤드",2025.10.11,5,'MLE 크림' 사용 후기예요. 흡수가 빨라서 좋아요. 발림성이 정말 좋아요. 저자극이라 편하게 쓸 수 있었어요. 가격도 합리적이라 좋았어요.,"발림성, 저자극, 빠른 흡수, 끈적임 적음",4.23,,,
821,54,DMT 페이셜크림,산뜻한하마330,건성,보습,2025.09.11,4,'DMT 페이셜크림' 사용 후기예요. 저자극이라 편하게 쓸 수 있었어요. 재구매는 고민중이에요.,저자극,4,,,
822,54,DMT 페이셜크림,귀여운나비928,건성,보습,2025.05.07,3,저자극이라 편하게 쓸 수 있었어요. 재구매는 고민중이에요.,저자극,4,https://drive.google.com/file/d/15a_nX6SX7SPu1OjXn21OIbEzh4gTDZAb/view?usp=drive_link,,
823,54,DMT 페이셜크림,말랑한판다780,지성,보습,2025.04.04,4,저자극이라 편하게 쓸 수 있었어요. 재구매 의사 있어요!,저자극,4,https://drive.google.com/file/d/1lne1VHIt9sHC-MFp2o0z9QuyjG6G_HfI/view?usp=drive_link,https://drive.google.com/file/d/15a_nX6SX7SPu1OjXn21OIbEzh4gTDZAb/view?usp=drive_link,
824,54,DMT 페이셜크림,상큼한얼룩말259,건성,보습,2026.03.12,5,저자극이라 편하게 쓸 수 있었어요.,저자극,4,,,
825,54,DMT 페이셜크림,느긋한호랑이316,건성,보습,2025.02.03,4,저자극이라 편하게 쓸 수 있었어요. 재구매 의사 있어요!,저자극,4,https://drive.google.com/file/d/15a_nX6SX7SPu1OjXn21OIbEzh4gTDZAb/view?usp=drive_link,,
826,54,DMT 페이셜크림,사랑스런기린171,지성,보습,2026.05.09,5,저자극이라 편하게 쓸 수 있었어요. 추천하고 싶어요.,저자극,4,,,
827,54,DMT 페이셜크림,활발한토끼499,건성,보습,2026.03.02,5,'DMT 페이셜크림' 사용 후기예요. 저자극이라 편하게 쓸 수 있었어요.,저자극,4,https://drive.google.com/file/d/1lne1VHIt9sHC-MFp2o0z9QuyjG6G_HfI/view?usp=drive_link,,
828,54,DMT 페이셜크림,산뜻한코알라71,건성,보습,2025.10.03,0,'DMT 페이셜크림' 사용 후기예요. 저자극이라 편하게 쓸 수 있었어요.,저자극,4,,,
829,54,DMT 페이셜크림,명랑한여우895,건성,보습,2026.07.04,5,저자극이라 편하게 쓸 수 있었어요.,저자극,4,,,
830,54,DMT 페이셜크림,새침한고래450,건성,보습,2025.10.27,5,'DMT 페이셜크림' 사용 후기예요. 저자극이라 편하게 쓸 수 있었어요.,저자극,4,,,
831,56,아토베리어365 하이드로 수딩크림,게으른벌새435,복합성,보습,2025.07.23,4,흡수가 빨라서 좋아요. 만족스러운 소비였어요.,"빠른 흡수, 발림성, 가벼움",4.6,,,
832,56,아토베리어365 하이드로 수딩크림,든든한펭귄30,수부지,보습,2025.03.24,5,'아토베리어365 하이드로 수딩크림' 사용 후기예요. 발림성이 정말 좋아요.,"발림성, 빠른 흡수, 가벼움",4.6,https://drive.google.com/file/d/15a_nX6SX7SPu1OjXn21OIbEzh4gTDZAb/view?usp=drive_link,,
833,56,아토베리어365 하이드로 수딩크림,부드러운곰돌이224,복합성,보습,2026.07.22,5,흡수가 빨라서 좋아요. 발림성이 정말 좋아요. 다음에도 또 살 것 같아요.,"발림성, 빠른 흡수",4.6,,,
834,56,아토베리어365 하이드로 수딩크림,상큼한고슴도치725,지성,보습,2026.04.04,5,가볍게 발려요. 발림성이 정말 좋아요.,"빠른 흡수, 가벼움, 발림성",4.6,,,
835,56,아토베리어365 하이드로 수딩크림,평범한다람쥐247,수부지,보습,2025.12.22,4,'아토베리어365 하이드로 수딩크림' 사용 후기예요. 흡수가 빨라서 좋아요. 발림성이 정말 좋아요.,"발림성, 빠른 흡수",4.6,https://drive.google.com/file/d/1lne1VHIt9sHC-MFp2o0z9QuyjG6G_HfI/view?usp=drive_link,,
836,58,시카좀 카밍 워터 젤 크림,배부른토끼419,지성,"보습, 민감성",2026.07.09,4,'시카좀 카밍 워터 젤 크림' 사용 후기예요. 쫀쫀한 텍스처가 마음에 들어요. 저자극이라 편하게 쓸 수 있었어요. 유분감이 적어서 산뜻해요. 재구매는 고민중이에요.,"적은 유분감, 쫀쫀함, 저자극",4,,,
837,58,시카좀 카밍 워터 젤 크림,엉뚱한곰돌이918,수부지,보습,2026.01.28,3,쫀쫀한 텍스처가 마음에 들어요. 저자극이라 편하게 쓸 수 있었어요. 나쁘지 않아요.,"쫀쫀함, 저자극",4,https://drive.google.com/file/d/1mjlJ-KPW00rIVQ4636mMbVhFblVVDrNd/view?usp=drive_link,,
838,58,시카좀 카밍 워터 젤 크림,씩씩한얼룩말993,수부지,"민감성, 보습",2025.02.28,3,'시카좀 카밍 워터 젤 크림' 사용 후기예요. 저자극이라 편하게 쓸 수 있었어요. 유분감이 적어서 산뜻해요. 그냥 무난하게 쓰고 있어요.,"저자극, 적은 유분감, 쫀쫀함",4,,,
839,58,시카좀 카밍 워터 젤 크림,상냥한얼룩말168,지성,민감성,2025.04.16,4,'시카좀 카밍 워터 젤 크림' 사용 후기예요. 저자극이라 편하게 쓸 수 있었어요.,"쫀쫀함, 적은 유분감, 저자극",4,https://drive.google.com/file/d/15a_nX6SX7SPu1OjXn21OIbEzh4gTDZAb/view?usp=drive_link,https://drive.google.com/file/d/1lne1VHIt9sHC-MFp2o0z9QuyjG6G_HfI/view?usp=drive_link,https://drive.google.com/file/d/1mjlJ-KPW00rIVQ4636mMbVhFblVVDrNd/view?usp=drive_link
840,58,시카좀 카밍 워터 젤 크림,반짝이는판다624,복합성,"민감성, 보습",2025.09.01,5,'시카좀 카밍 워터 젤 크림' 사용 후기예요. 쫀쫀한 텍스처가 마음에 들어요. 유분감이 적어서 산뜻해요. 만족스러운 소비였어요.,"쫀쫀함, 저자극, 적은 유분감",4,,,
841,58,시카좀 카밍 워터 젤 크림,새침한고슴도치185,지성,"민감성, 보습",2025.07.20,5,쫀쫀한 텍스처가 마음에 들어요. 저자극이라 편하게 쓸 수 있었어요.,"저자극, 쫀쫀함",4,https://drive.google.com/file/d/1lne1VHIt9sHC-MFp2o0z9QuyjG6G_HfI/view?usp=drive_link,,
842,60,데일리 컨셔스 크림,행복한물개919,건성,민감성,2025.03.28,3,가볍게 발려요. 겉돌지 않고 잘 스며들어요.,"쫀쫀함, 겉돌지 않음, 가벼움",4,,,
843,60,데일리 컨셔스 크림,배부른병아리307,건성,민감성,2025.06.01,5,가볍게 발려요. 재구매 의사 있어요!,"쫀쫀함, 가벼움",4,https://drive.google.com/file/d/1mjlJ-KPW00rIVQ4636mMbVhFblVVDrNd/view?usp=drive_link,,
844,60,데일리 컨셔스 크림,행복한수달487,수부지,"민감성, 보습",2025.02.14,4,'데일리 컨셔스 크림' 사용 후기예요. 쫀쫀한 텍스처가 마음에 들어요. 재구매 의사 있어요!,"겉돌지 않음, 쫀쫀함",4,,,
845,60,데일리 컨셔스 크림,게으른벌새979,수부지,보습,2026.04.08,4,겉돌지 않고 잘 스며들어요. 가볍게 발려요. 만족스러운 소비였어요.,"쫀쫀함, 가벼움, 겉돌지 않음",4,https://drive.google.com/file/d/15a_nX6SX7SPu1OjXn21OIbEzh4gTDZAb/view?usp=drive_link,,
846,60,데일리 컨셔스 크림,익명의병아리239,건성,보습,2026.04.08,5,쫀쫀한 텍스처가 마음에 들어요. 가볍게 발려요. 재구매 의사 있어요!,"겉돌지 않음, 가벼움, 쫀쫀함",4,,,
847,60,데일리 컨셔스 크림,부드러운물개805,수부지,보습,2025.03.31,1,쫀쫀한 텍스처가 마음에 들어요. 재구매 의사는 없어요.,"쫀쫀함, 겉돌지 않음, 가벼움",4,https://drive.google.com/file/d/1tKO6mqxtU0-tERwaBXyyXfRgPV47fwxr/view?usp=drive_link,,
848,60,데일리 컨셔스 크림,말랑한부엉이679,수부지,민감성,2025.06.26,4,'데일리 컨셔스 크림' 사용 후기예요. 가볍게 발려요. 겉돌지 않고 잘 스며들어요. 쫀쫀한 텍스처가 마음에 들어요.,"겉돌지 않음, 쫀쫀함, 가벼움",4,https://drive.google.com/file/d/179Y6CDPKyzYvJ44cQ4f0InNAtV9ZZc7F/view?usp=drive_link,,
849,60,데일리 컨셔스 크림,귀여운부엉이413,건성,민감성,2026.08.25,4,'데일리 컨셔스 크림' 사용 후기예요. 겉돌지 않고 잘 스며들어요. 쫀쫀한 텍스처가 마음에 들어요.,"겉돌지 않음, 쫀쫀함",4,,,
850,60,데일리 컨셔스 크림,배부른하마193,복합성,"민감성, 보습",2026.01.11,5,'데일리 컨셔스 크림' 사용 후기예요. 가볍게 발려요. 쫀쫀한 텍스처가 마음에 들어요. 추천하고 싶어요.,"겉돌지 않음, 가벼움, 쫀쫀함",4,https://drive.google.com/file/d/1mjlJ-KPW00rIVQ4636mMbVhFblVVDrNd/view?usp=drive_link,,
851,60,데일리 컨셔스 크림,활발한하마74,수부지,"보습, 민감성",2025.11.03,5,가볍게 발려요. 쫀쫀한 텍스처가 마음에 들어요. 다음에도 또 살 것 같아요.,"쫀쫀함, 가벼움",4,https://drive.google.com/file/d/1tKO6mqxtU0-tERwaBXyyXfRgPV47fwxr/view?usp=drive_link,,
852,60,데일리 컨셔스 크림,행복한기린777,건성,보습,2026.05.23,4,겉돌지 않고 잘 스며들어요. 가볍게 발려요. 쫀쫀한 텍스처가 마음에 들어요.,"쫀쫀함, 가벼움, 겉돌지 않음",4,,,
853,61,녹두 약산성 클렌징폼,용감한앵무새398,복합성,민감성,2026.02.26,5,촉촉해서 만족스러워요.,촉촉함,4,https://drive.google.com/file/d/1Giq9JpOgHUyb6djtcGLJeh4J9PTPBFzt/view?usp=drive_link,https://drive.google.com/file/d/1-HOjOvMLAKlUVvcddADizw8EmkPpUiiB/view?usp=drive_link,
854,61,녹두 약산성 클렌징폼,대담한토끼649,건성,민감성,2025.11.08,5,촉촉해서 만족스러워요. 추천하고 싶어요.,촉촉함,4,,,
855,61,녹두 약산성 클렌징폼,조용한해달22,중성,민감성,2025.02.03,2,촉촉해서 만족스러워요. 기대만큼은 아니었어요.,촉촉함,4,,,
856,61,녹두 약산성 클렌징폼,익명의기린604,중성,민감성,2025.09.09,4,촉촉해서 만족스러워요. 만족스러운 소비였어요.,촉촉함,4,https://drive.google.com/file/d/1VPTfn5efEadanDdo0_zSAABdgkvJjNpP/view?usp=drive_link,,
857,61,녹두 약산성 클렌징폼,활발한얼룩말526,중성,민감성,2026.05.06,5,촉촉해서 만족스러워요.,촉촉함,4,,,
858,61,녹두 약산성 클렌징폼,자유로운토끼2,복합성,민감성,2026.06.29,3,촉촉해서 만족스러워요. 나쁘지 않아요.,촉촉함,4,,,
859,62,다시마 앰플 클렌징폼,엉뚱한거북이410,건성,민감성,2025.06.01,4,촉촉해서 만족스러워요. 만족스러운 소비였어요.,촉촉함,3.89,https://drive.google.com/file/d/1-HOjOvMLAKlUVvcddADizw8EmkPpUiiB/view?usp=drive_link,,
860,62,다시마 앰플 클렌징폼,조용한얼룩말686,수부지,민감성,2026.09.15,5,'다시마 앰플 클렌징폼' 사용 후기예요. 촉촉해서 만족스러워요. 가격도 합리적이라 좋았어요.,촉촉함,3.89,,,
861,62,다시마 앰플 클렌징폼,말랑한나비493,수부지,민감성,2026.04.07,5,'다시마 앰플 클렌징폼' 사용 후기예요. 촉촉해서 만족스러워요. 재구매 의사 있어요!,촉촉함,3.89,,,
862,62,다시마 앰플 클렌징폼,말랑한사자873,중성,"민감성, 보습, 피지/블랙헤드",2025.08.10,3,'다시마 앰플 클렌징폼' 사용 후기예요. 촉촉해서 만족스러워요. 그냥 무난하게 쓰고 있어요.,촉촉함,3.89,https://drive.google.com/file/d/1VPTfn5efEadanDdo0_zSAABdgkvJjNpP/view?usp=drive_link,,
863,62,다시마 앰플 클렌징폼,느긋한벌새97,수부지,민감성,2025.09.01,5,촉촉해서 만족스러워요. 추천하고 싶어요.,촉촉함,3.89,,,
864,62,다시마 앰플 클렌징폼,몽글몽글한강아지448,건성,보습,2025.01.10,4,'다시마 앰플 클렌징폼' 사용 후기예요. 촉촉해서 만족스러워요.,촉촉함,3.89,,,
865,62,다시마 앰플 클렌징폼,엉뚱발랄한고슴도치886,중성,보습,2025.08.10,5,촉촉해서 만족스러워요. 추천하고 싶어요.,촉촉함,3.89,https://drive.google.com/file/d/1I5kEN9arch35glLr1doH5WEUwIu7pkE6/view?usp=drive_link,,
866,62,다시마 앰플 클렌징폼,조용한곰돌이56,중성,"보습, 민감성",2025.11.09,0,'다시마 앰플 클렌징폼' 사용 후기예요. 촉촉해서 만족스러워요. 다시는 안 살 것 같아요.,촉촉함,3.89,,,
867,62,다시마 앰플 클렌징폼,조용한강아지927,수부지,"민감성, 피지/블랙헤드",2025.02.14,5,'다시마 앰플 클렌징폼' 사용 후기예요. 촉촉해서 만족스러워요. 재구매 의사 있어요!,촉촉함,3.89,,,
868,62,다시마 앰플 클렌징폼,평범한오리257,수부지,"보습, 민감성",2025.04.23,2,'다시마 앰플 클렌징폼' 사용 후기예요. 촉촉해서 만족스러워요. 기대만큼은 아니었어요.,촉촉함,3.89,,,
869,62,다시마 앰플 클렌징폼,자유로운코알라179,중성,"보습, 민감성, 미백/잡티",2025.12.12,5,'다시마 앰플 클렌징폼' 사용 후기예요. 촉촉해서 만족스러워요. 만족스러운 소비였어요.,촉촉함,3.89,https://drive.google.com/file/d/1VPTfn5efEadanDdo0_zSAABdgkvJjNpP/view?usp=drive_link,,
870,62,다시마 앰플 클렌징폼,게으른판다656,중성,보습,2025.05.26,3,촉촉해서 만족스러워요. 그냥 무난하게 쓰고 있어요.,촉촉함,3.89,,,
871,62,다시마 앰플 클렌징폼,행복한해달151,수부지,"민감성, 보습",2025.05.01,3,촉촉해서 만족스러워요.,촉촉함,3.89,,,
872,62,다시마 앰플 클렌징폼,평범한여우954,수부지,"민감성, 보습",2026.07.25,5,촉촉해서 만족스러워요. 가격도 합리적이라 좋았어요.,촉촉함,3.89,,,
873,62,다시마 앰플 클렌징폼,새침한호랑이160,건성,보습,2026.07.21,5,촉촉해서 만족스러워요.,촉촉함,3.89,,,
874,62,다시마 앰플 클렌징폼,촉촉한앵무새804,중성,보습,2025.02.09,5,'다시마 앰플 클렌징폼' 사용 후기예요. 촉촉해서 만족스러워요. 추천하고 싶어요.,촉촉함,3.89,https://drive.google.com/file/d/1VPTfn5efEadanDdo0_zSAABdgkvJjNpP/view?usp=drive_link,,
875,62,다시마 앰플 클렌징폼,용감한여우235,건성,"민감성, 보습",2026.04.28,5,'다시마 앰플 클렌징폼' 사용 후기예요. 촉촉해서 만족스러워요.,촉촉함,3.89,,,
876,62,다시마 앰플 클렌징폼,자유로운오리590,건성,민감성,2025.05.14,4,'다시마 앰플 클렌징폼' 사용 후기예요. 촉촉해서 만족스러워요. 재구매 의사 있어요!,촉촉함,3.89,,,
877,62,다시마 앰플 클렌징폼,행복한고슴도치920,수부지,"보습, 민감성",2025.02.23,5,촉촉해서 만족스러워요. 재구매 의사 있어요!,촉촉함,3.89,https://drive.google.com/file/d/1I5kEN9arch35glLr1doH5WEUwIu7pkE6/view?usp=drive_link,,
878,62,다시마 앰플 클렌징폼,사랑스런고슴도치375,수부지,보습,2026.08.17,0,촉촉해서 만족스러워요. 저와는 맞지 않았어요.,촉촉함,3.89,,,
879,62,다시마 앰플 클렌징폼,활발한코알라425,수부지,보습,2025.10.03,5,'다시마 앰플 클렌징폼' 사용 후기예요. 촉촉해서 만족스러워요. 가격도 합리적이라 좋았어요.,촉촉함,3.89,,,
880,62,다시마 앰플 클렌징폼,산뜻한강아지273,수부지,민감성,2025.04.19,5,'다시마 앰플 클렌징폼' 사용 후기예요. 촉촉해서 만족스러워요.,촉촉함,3.89,https://drive.google.com/file/d/1-HOjOvMLAKlUVvcddADizw8EmkPpUiiB/view?usp=drive_link,,
881,62,다시마 앰플 클렌징폼,반짝이는앵무새916,중성,"보습, 민감성",2026.03.06,5,'다시마 앰플 클렌징폼' 사용 후기예요. 촉촉해서 만족스러워요.,촉촉함,3.89,,,
882,62,다시마 앰플 클렌징폼,귀여운고양이518,중성,민감성,2025.05.30,5,촉촉해서 만족스러워요.,촉촉함,3.89,,,
883,62,다시마 앰플 클렌징폼,씩씩한라쿤529,수부지,"보습, 민감성",2025.08.17,3,촉촉해서 만족스러워요.,촉촉함,3.89,https://drive.google.com/file/d/1I5kEN9arch35glLr1doH5WEUwIu7pkE6/view?usp=drive_link,,
884,62,다시마 앰플 클렌징폼,활발한문어439,중성,"보습, 민감성",2025.01.11,4,촉촉해서 만족스러워요. 재구매 의사 있어요!,촉촉함,3.89,,,
885,62,다시마 앰플 클렌징폼,배부른두더지529,중성,보습,2026.03.28,2,촉촉해서 만족스러워요.,촉촉함,3.89,,,
886,62,다시마 앰플 클렌징폼,조용한코알라242,건성,민감성,2026.05.25,2,촉촉해서 만족스러워요.,촉촉함,3.89,,,
887,63,다이브인 저분자 히알루론산 클렌징 폼,엉뚱한벌새49,수부지,민감성,2025.04.06,4,촉촉해서 만족스러워요. 수분감이 오래가서 좋아요. 쫀쫀한 텍스처가 마음에 들어요.,"쫀쫀함, 촉촉함, 수분감",4.38,https://drive.google.com/file/d/1owsaTuig4MbwuT9lU5fm9D_avaQ47pJg/view?usp=drive_link,,
888,63,다이브인 저분자 히알루론산 클렌징 폼,든든한라쿤205,중성,"보습, 민감성",2025.12.19,4,'다이브인 저분자 히알루론산 클렌징 폼' 사용 후기예요. 쫀쫀한 텍스처가 마음에 들어요. 만족스러운 소비였어요.,"쫀쫀함, 촉촉함",4.38,,,
889,63,다이브인 저분자 히알루론산 클렌징 폼,반짝이는토끼676,수부지,보습,2026.06.10,4,'다이브인 저분자 히알루론산 클렌징 폼' 사용 후기예요. 촉촉해서 만족스러워요. 쫀쫀한 텍스처가 마음에 들어요.,"촉촉함, 쫀쫀함, 수분감",4.38,https://drive.google.com/file/d/1PjKoEq-FxWnxbP4pxhKp-qiBix3XEB3J/view?usp=drive_link,https://drive.google.com/file/d/1owsaTuig4MbwuT9lU5fm9D_avaQ47pJg/view?usp=drive_link,https://drive.google.com/file/d/1NMHxgc-_UD2axfUrxAiU96vJMzPcbLuF/view?usp=drive_link
890,63,다이브인 저분자 히알루론산 클렌징 폼,사랑스런토끼782,건성,민감성,2025.08.02,5,'다이브인 저분자 히알루론산 클렌징 폼' 사용 후기예요. 촉촉해서 만족스러워요. 쫀쫀한 텍스처가 마음에 들어요. 다음에도 또 살 것 같아요.,"수분감, 쫀쫀함, 촉촉함",4.38,,,
891,63,다이브인 저분자 히알루론산 클렌징 폼,용감한얼룩말579,건성,보습,2025.07.20,4,수분감이 오래가서 좋아요. 촉촉해서 만족스러워요. 쫀쫀한 텍스처가 마음에 들어요. 가격도 합리적이라 좋았어요.,"쫀쫀함, 수분감, 촉촉함",4.38,https://drive.google.com/file/d/1PjKoEq-FxWnxbP4pxhKp-qiBix3XEB3J/view?usp=drive_link,,https://drive.google.com/file/d/1NMHxgc-_UD2axfUrxAiU96vJMzPcbLuF/view?usp=drive_link
892,63,다이브인 저분자 히알루론산 클렌징 폼,행복한펭귄503,중성,"민감성, 보습",2026.08.26,5,'다이브인 저분자 히알루론산 클렌징 폼' 사용 후기예요. 촉촉해서 만족스러워요. 추천하고 싶어요.,"촉촉함, 수분감, 쫀쫀함",4.38,,,
893,63,다이브인 저분자 히알루론산 클렌징 폼,엉뚱한물개858,중성,없음,2026.08.22,4,수분감이 오래가서 좋아요. 가격도 합리적이라 좋았어요.,"촉촉함, 쫀쫀함, 수분감",4.38,https://drive.google.com/file/d/1PjKoEq-FxWnxbP4pxhKp-qiBix3XEB3J/view?usp=drive_link,https://drive.google.com/file/d/1owsaTuig4MbwuT9lU5fm9D_avaQ47pJg/view?usp=drive_link,
894,63,다이브인 저분자 히알루론산 클렌징 폼,몽글몽글한두더지544,중성,"민감성, 보습",2025.11.12,5,'다이브인 저분자 히알루론산 클렌징 폼' 사용 후기예요. 쫀쫀한 텍스처가 마음에 들어요. 수분감이 오래가서 좋아요. 촉촉해서 만족스러워요. 재구매 의사 있어요!,"수분감, 촉촉함, 쫀쫀함",4.38,,,
895,64,아쿠아 라이스 약산성 클렌징 폼,새침한하마542,건성,민감성,2025.06.12,5,'아쿠아 라이스 약산성 클렌징 폼' 사용 후기예요. 쫀쫀한 텍스처가 마음에 들어요. 촉촉해서 만족스러워요. 재구매 의사 있어요!,"촉촉함, 쫀쫀함",4.5,,,
896,64,아쿠아 라이스 약산성 클렌징 폼,명랑한얼룩말469,건성,민감성,2026.03.31,5,'아쿠아 라이스 약산성 클렌징 폼' 사용 후기예요. 쫀쫀한 텍스처가 마음에 들어요. 촉촉해서 만족스러워요. 재구매 의사 있어요!,"촉촉함, 쫀쫀함",4.5,,,
897,64,아쿠아 라이스 약산성 클렌징 폼,느긋한두더지204,건성,"민감성, 피지/블랙헤드",2025.05.06,5,'아쿠아 라이스 약산성 클렌징 폼' 사용 후기예요. 쫀쫀한 텍스처가 마음에 들어요. 촉촉해서 만족스러워요. 가격도 합리적이라 좋았어요.,"촉촉함, 쫀쫀함",4.5,,,
898,64,아쿠아 라이스 약산성 클렌징 폼,사랑스런벌새565,건성,민감성,2025.08.27,4,'아쿠아 라이스 약산성 클렌징 폼' 사용 후기예요. 촉촉해서 만족스러워요.,"촉촉함, 쫀쫀함",4.5,https://drive.google.com/file/d/1I5kEN9arch35glLr1doH5WEUwIu7pkE6/view?usp=drive_link,,
899,64,아쿠아 라이스 약산성 클렌징 폼,배부른강아지1,복합성,민감성,2026.03.30,5,'아쿠아 라이스 약산성 클렌징 폼' 사용 후기예요. 촉촉해서 만족스러워요. 쫀쫀한 텍스처가 마음에 들어요.,"촉촉함, 쫀쫀함",4.5,,,
900,64,아쿠아 라이스 약산성 클렌징 폼,몽글몽글한라쿤90,중성,민감성,2025.06.27,5,'아쿠아 라이스 약산성 클렌징 폼' 사용 후기예요. 촉촉해서 만족스러워요.,"쫀쫀함, 촉촉함",4.5,,,
901,64,아쿠아 라이스 약산성 클렌징 폼,상큼한부엉이487,건성,민감성,2026.08.10,5,'아쿠아 라이스 약산성 클렌징 폼' 사용 후기예요. 쫀쫀한 텍스처가 마음에 들어요.,"촉촉함, 쫀쫀함",4.5,,,
902,64,아쿠아 라이스 약산성 클렌징 폼,상큼한여우476,복합성,"민감성, 보습",2025.09.30,3,'아쿠아 라이스 약산성 클렌징 폼' 사용 후기예요. 촉촉해서 만족스러워요. 쫀쫀한 텍스처가 마음에 들어요. 재구매는 고민중이에요.,"촉촉함, 쫀쫀함",4.5,https://drive.google.com/file/d/1VPTfn5efEadanDdo0_zSAABdgkvJjNpP/view?usp=drive_link,,
903,64,아쿠아 라이스 약산성 클렌징 폼,평범한나비651,복합성,민감성,2026.04.29,4,촉촉해서 만족스러워요. 재구매 의사 있어요!,"촉촉함, 쫀쫀함",4.5,,,
904,64,아쿠아 라이스 약산성 클렌징 폼,귀여운두더지380,중성,민감성,2026.06.16,5,'아쿠아 라이스 약산성 클렌징 폼' 사용 후기예요. 촉촉해서 만족스러워요. 추천하고 싶어요.,"쫀쫀함, 촉촉함",4.5,,,
905,64,아쿠아 라이스 약산성 클렌징 폼,부드러운수달330,복합성,민감성,2026.05.15,5,쫀쫀한 텍스처가 마음에 들어요. 촉촉해서 만족스러워요. 다음에도 또 살 것 같아요.,"촉촉함, 쫀쫀함",4.5,,,
906,64,아쿠아 라이스 약산성 클렌징 폼,조용한얼룩말820,복합성,민감성,2026.01.29,5,'아쿠아 라이스 약산성 클렌징 폼' 사용 후기예요. 촉촉해서 만족스러워요. 쫀쫀한 텍스처가 마음에 들어요. 재구매 의사 있어요!,"쫀쫀함, 촉촉함",4.5,,,
907,64,아쿠아 라이스 약산성 클렌징 폼,배부른앵무새386,중성,민감성,2025.01.23,5,쫀쫀한 텍스처가 마음에 들어요. 재구매 의사 있어요!,"쫀쫀함, 촉촉함",4.5,https://drive.google.com/file/d/1VPTfn5efEadanDdo0_zSAABdgkvJjNpP/view?usp=drive_link,https://drive.google.com/file/d/1I5kEN9arch35glLr1doH5WEUwIu7pkE6/view?usp=drive_link,
908,64,아쿠아 라이스 약산성 클렌징 폼,상큼한호랑이77,건성,민감성,2026.07.21,3,'아쿠아 라이스 약산성 클렌징 폼' 사용 후기예요. 쫀쫀한 텍스처가 마음에 들어요. 나쁘지 않아요.,"촉촉함, 쫀쫀함",4.5,,,
909,64,아쿠아 라이스 약산성 클렌징 폼,조용한강아지231,복합성,민감성,2025.03.25,5,'아쿠아 라이스 약산성 클렌징 폼' 사용 후기예요. 쫀쫀한 텍스처가 마음에 들어요. 다음에도 또 살 것 같아요.,"쫀쫀함, 촉촉함",4.5,,,
910,64,아쿠아 라이스 약산성 클렌징 폼,반짝이는기린329,복합성,민감성,2026.04.21,3,쫀쫀한 텍스처가 마음에 들어요. 촉촉해서 만족스러워요.,"쫀쫀함, 촉촉함",4.5,https://drive.google.com/file/d/1I5kEN9arch35glLr1doH5WEUwIu7pkE6/view?usp=drive_link,,
911,64,아쿠아 라이스 약산성 클렌징 폼,자유로운벌새857,복합성,민감성,2026.06.05,4,쫀쫀한 텍스처가 마음에 들어요. 촉촉해서 만족스러워요. 가격도 합리적이라 좋았어요.,"촉촉함, 쫀쫀함",4.5,,,
912,64,아쿠아 라이스 약산성 클렌징 폼,잠많은수달99,중성,민감성,2025.09.22,5,쫀쫀한 텍스처가 마음에 들어요. 촉촉해서 만족스러워요. 다음에도 또 살 것 같아요.,"쫀쫀함, 촉촉함",4.5,,,
913,64,아쿠아 라이스 약산성 클렌징 폼,배부른두더지326,건성,민감성,2025.04.20,5,쫀쫀한 텍스처가 마음에 들어요. 다음에도 또 살 것 같아요.,"촉촉함, 쫀쫀함",4.5,,,
914,64,아쿠아 라이스 약산성 클렌징 폼,귀여운기린219,중성,민감성,2026.01.12,4,촉촉해서 만족스러워요. 쫀쫀한 텍스처가 마음에 들어요. 재구매는 고민중이에요.,"쫀쫀함, 촉촉함",4.5,,,
915,65,어린 새싹 딥 클렌징 폼,명랑한오리677,수부지,"보습, 민감성",2025.04.18,5,향이 거의 없어서 부담 없어요. 쫀쫀한 텍스처가 마음에 들어요. 만족스러운 소비였어요.,"무향, 쫀쫀함",4.36,https://drive.google.com/file/d/1c1xAgMw8ycxVSRxUI-ScYSHhcSRVCvog/view?usp=drive_link,,
916,65,어린 새싹 딥 클렌징 폼,촉촉한병아리724,건성,보습,2025.03.25,5,'어린 새싹 딥 클렌징 폼' 사용 후기예요. 향이 거의 없어서 부담 없어요.,"쫀쫀함, 무향, 수분감",4.36,,,
917,65,어린 새싹 딥 클렌징 폼,상냥한강아지900,수부지,보습,2026.05.08,5,'어린 새싹 딥 클렌징 폼' 사용 후기예요. 쫀쫀한 텍스처가 마음에 들어요. 수분감이 오래가서 좋아요. 추천하고 싶어요.,"무향, 수분감, 쫀쫀함",4.36,,,
918,65,어린 새싹 딥 클렌징 폼,게으른두더지131,건성,보습,2025.08.09,4,'어린 새싹 딥 클렌징 폼' 사용 후기예요. 쫀쫀한 텍스처가 마음에 들어요. 재구매는 고민중이에요.,"무향, 쫀쫀함, 수분감",4.36,,,
919,65,어린 새싹 딥 클렌징 폼,엉뚱한다람쥐512,건성,없음,2025.09.19,4,'어린 새싹 딥 클렌징 폼' 사용 후기예요. 쫀쫀한 텍스처가 마음에 들어요. 향이 거의 없어서 부담 없어요. 재구매 의사 있어요!,"무향, 쫀쫀함",4.36,,,
920,65,어린 새싹 딥 클렌징 폼,대담한해달111,건성,보습,2026.02.18,5,'어린 새싹 딥 클렌징 폼' 사용 후기예요. 향이 거의 없어서 부담 없어요. 쫀쫀한 텍스처가 마음에 들어요. 수분감이 오래가서 좋아요. 추천하고 싶어요.,"쫀쫀함, 무향, 수분감",4.36,https://drive.google.com/file/d/1c1xAgMw8ycxVSRxUI-ScYSHhcSRVCvog/view?usp=drive_link,,
921,65,어린 새싹 딥 클렌징 폼,촉촉한거북이589,건성,보습,2026.02.25,4,'어린 새싹 딥 클렌징 폼' 사용 후기예요. 쫀쫀한 텍스처가 마음에 들어요. 가격도 합리적이라 좋았어요.,"무향, 수분감, 쫀쫀함",4.36,,,
922,65,어린 새싹 딥 클렌징 폼,산뜻한문어830,건성,보습,2025.07.08,4,쫀쫀한 텍스처가 마음에 들어요. 향이 거의 없어서 부담 없어요. 수분감이 오래가서 좋아요. 재구매는 고민중이에요.,"무향, 수분감, 쫀쫀함",4.36,,,
923,65,어린 새싹 딥 클렌징 폼,말랑한다람쥐576,수부지,보습,2026.08.08,5,'어린 새싹 딥 클렌징 폼' 사용 후기예요. 쫀쫀한 텍스처가 마음에 들어요. 추천하고 싶어요.,"쫀쫀함, 수분감, 무향",4.36,,,
924,65,어린 새싹 딥 클렌징 폼,배부른물개821,건성,보습,2026.06.07,3,향이 거의 없어서 부담 없어요. 쫀쫀한 텍스처가 마음에 들어요. 수분감이 오래가서 좋아요. 그냥 무난하게 쓰고 있어요.,"수분감, 쫀쫀함, 무향",4.36,,,
925,65,어린 새싹 딥 클렌징 폼,잠많은고슴도치607,건성,보습,2026.07.05,4,쫀쫀한 텍스처가 마음에 들어요. 향이 거의 없어서 부담 없어요. 수분감이 오래가서 좋아요. 재구매는 고민중이에요.,"무향, 쫀쫀함, 수분감",4.36,,,
926,66,골든 호호바 10% 듀얼 마이크로 버블 클렌저,게으른두더지717,건성,보습,2025.01.25,5,쫀쫀한 텍스처가 마음에 들어요. 만족스러운 소비였어요.,쫀쫀함,4.47,,,
927,66,골든 호호바 10% 듀얼 마이크로 버블 클렌저,말랑한문어958,건성,보습,2026.01.13,4,쫀쫀한 텍스처가 마음에 들어요. 재구매 의사 있어요!,쫀쫀함,4.47,https://drive.google.com/file/d/1Giq9JpOgHUyb6djtcGLJeh4J9PTPBFzt/view?usp=drive_link,,
928,66,골든 호호바 10% 듀얼 마이크로 버블 클렌저,상냥한앵무새562,지성,보습,2026.03.02,5,'골든 호호바 10% 듀얼 마이크로 버블 클렌저' 사용 후기예요. 쫀쫀한 텍스처가 마음에 들어요.,쫀쫀함,4.47,,,
929,66,골든 호호바 10% 듀얼 마이크로 버블 클렌저,반짝이는판다477,지성,없음,2026.08.01,5,'골든 호호바 10% 듀얼 마이크로 버블 클렌저' 사용 후기예요. 쫀쫀한 텍스처가 마음에 들어요. 재구매 의사 있어요!,쫀쫀함,4.47,,,
930,66,골든 호호바 10% 듀얼 마이크로 버블 클렌저,부지런한나비655,건성,보습,2026.05.26,4,쫀쫀한 텍스처가 마음에 들어요. 재구매 의사 있어요!,쫀쫀함,4.47,,,
931,66,골든 호호바 10% 듀얼 마이크로 버블 클렌저,부지런한고양이94,건성,민감성,2026.02.21,5,쫀쫀한 텍스처가 마음에 들어요. 추천하고 싶어요.,쫀쫀함,4.47,https://drive.google.com/file/d/1Giq9JpOgHUyb6djtcGLJeh4J9PTPBFzt/view?usp=drive_link,https://drive.google.com/file/d/1DnfcL_ZK8IhZl3ssjAHN2gDKB7tfPZWp/view?usp=drive_link,
932,66,골든 호호바 10% 듀얼 마이크로 버블 클렌저,산뜻한토끼593,건성,"보습, 민감성, 미백/잡티",2026.07.03,4,'골든 호호바 10% 듀얼 마이크로 버블 클렌저' 사용 후기예요. 쫀쫀한 텍스처가 마음에 들어요. 만족스러운 소비였어요.,쫀쫀함,4.47,,,
933,66,골든 호호바 10% 듀얼 마이크로 버블 클렌저,말랑한고래284,지성,"민감성, 보습",2026.03.04,5,쫀쫀한 텍스처가 마음에 들어요. 추천하고 싶어요.,쫀쫀함,4.47,,,
934,66,골든 호호바 10% 듀얼 마이크로 버블 클렌저,행복한하마684,건성,보습,2026.01.10,4,'골든 호호바 10% 듀얼 마이크로 버블 클렌저' 사용 후기예요. 쫀쫀한 텍스처가 마음에 들어요. 가격도 합리적이라 좋았어요.,쫀쫀함,4.47,,,
935,66,골든 호호바 10% 듀얼 마이크로 버블 클렌저,귀여운병아리386,건성,없음,2025.12.20,3,쫀쫀한 텍스처가 마음에 들어요.,쫀쫀함,4.47,https://drive.google.com/file/d/1-HOjOvMLAKlUVvcddADizw8EmkPpUiiB/view?usp=drive_link,,
936,66,골든 호호바 10% 듀얼 마이크로 버블 클렌저,대담한부엉이594,지성,"민감성, 보습",2025.08.19,5,'골든 호호바 10% 듀얼 마이크로 버블 클렌저' 사용 후기예요. 쫀쫀한 텍스처가 마음에 들어요. 가격도 합리적이라 좋았어요.,쫀쫀함,4.47,,,
937,66,골든 호호바 10% 듀얼 마이크로 버블 클렌저,상큼한거북이296,건성,"보습, 민감성",2026.04.07,4,쫀쫀한 텍스처가 마음에 들어요. 재구매는 고민중이에요.,쫀쫀함,4.47,,,
938,66,골든 호호바 10% 듀얼 마이크로 버블 클렌저,대담한펭귄704,지성,없음,2025.04.25,4,쫀쫀한 텍스처가 마음에 들어요. 만족스러운 소비였어요.,쫀쫀함,4.47,,,
939,66,골든 호호바 10% 듀얼 마이크로 버블 클렌저,잠많은펭귄78,건성,보습,2025.02.15,5,쫀쫀한 텍스처가 마음에 들어요. 다음에도 또 살 것 같아요.,쫀쫀함,4.47,,,
940,66,골든 호호바 10% 듀얼 마이크로 버블 클렌저,자유로운펭귄184,건성,보습,2026.06.30,5,'골든 호호바 10% 듀얼 마이크로 버블 클렌저' 사용 후기예요. 쫀쫀한 텍스처가 마음에 들어요.,쫀쫀함,4.47,,,
941,67,릴리프 하이드레이션 라이트 폼 클렌저,조용한라쿤458,지성,보습,2026.03.01,4,촉촉해서 만족스러워요. 만족스러운 소비였어요.,촉촉함,4.26,https://drive.google.com/file/d/1vFJqmlTZEQKervKwKFPE_lfYdmNMC_zH/view?usp=drive_link,,
942,67,릴리프 하이드레이션 라이트 폼 클렌저,익명의고래619,지성,보습,2025.10.20,5,'릴리프 하이드레이션 라이트 폼 클렌저' 사용 후기예요. 촉촉해서 만족스러워요. 가격도 합리적이라 좋았어요.,촉촉함,4.26,,,
943,67,릴리프 하이드레이션 라이트 폼 클렌저,용감한코알라443,건성,"민감성, 보습",2025.05.19,5,촉촉해서 만족스러워요. 다음에도 또 살 것 같아요.,촉촉함,4.26,,,
944,67,릴리프 하이드레이션 라이트 폼 클렌저,소심한기린940,건성,"민감성, 보습",2025.05.08,4,'릴리프 하이드레이션 라이트 폼 클렌저' 사용 후기예요. 촉촉해서 만족스러워요. 재구매는 고민중이에요.,촉촉함,4.26,https://drive.google.com/file/d/1VPTfn5efEadanDdo0_zSAABdgkvJjNpP/view?usp=drive_link,,
945,67,릴리프 하이드레이션 라이트 폼 클렌저,부지런한알파카133,복합성,보습,2025.07.29,4,'릴리프 하이드레이션 라이트 폼 클렌저' 사용 후기예요. 촉촉해서 만족스러워요. 만족스러운 소비였어요.,촉촉함,4.26,,,
946,67,릴리프 하이드레이션 라이트 폼 클렌저,배부른판다714,지성,민감성,2026.08.30,4,'릴리프 하이드레이션 라이트 폼 클렌저' 사용 후기예요. 촉촉해서 만족스러워요.,촉촉함,4.26,,,
947,67,릴리프 하이드레이션 라이트 폼 클렌저,행복한판다576,지성,"민감성, 보습",2025.04.17,5,'릴리프 하이드레이션 라이트 폼 클렌저' 사용 후기예요. 촉촉해서 만족스러워요.,촉촉함,4.26,https://drive.google.com/file/d/1NMHxgc-_UD2axfUrxAiU96vJMzPcbLuF/view?usp=drive_link,,
948,67,릴리프 하이드레이션 라이트 폼 클렌저,조용한토끼733,건성,보습,2025.09.01,5,촉촉해서 만족스러워요. 다음에도 또 살 것 같아요.,촉촉함,4.26,,,
949,67,릴리프 하이드레이션 라이트 폼 클렌저,엉뚱발랄한문어765,복합성,"민감성, 보습",2025.04.08,4,'릴리프 하이드레이션 라이트 폼 클렌저' 사용 후기예요. 촉촉해서 만족스러워요. 가격도 합리적이라 좋았어요.,촉촉함,4.26,https://drive.google.com/file/d/1VPTfn5efEadanDdo0_zSAABdgkvJjNpP/view?usp=drive_link,https://drive.google.com/file/d/1DnfcL_ZK8IhZl3ssjAHN2gDKB7tfPZWp/view?usp=drive_link,
950,67,릴리프 하이드레이션 라이트 폼 클렌저,엉뚱발랄한고래869,복합성,"민감성, 보습",2025.10.01,5,촉촉해서 만족스러워요.,촉촉함,4.26,,,
951,67,릴리프 하이드레이션 라이트 폼 클렌저,새침한여우22,건성,"보습, 민감성, 여드름",2025.01.08,5,'릴리프 하이드레이션 라이트 폼 클렌저' 사용 후기예요. 촉촉해서 만족스러워요. 추천하고 싶어요.,촉촉함,4.26,,,
952,67,릴리프 하이드레이션 라이트 폼 클렌저,든든한앵무새458,복합성,"민감성, 보습",2025.11.06,4,촉촉해서 만족스러워요. 만족스러운 소비였어요.,촉촉함,4.26,,,
953,67,릴리프 하이드레이션 라이트 폼 클렌저,배부른병아리965,복합성,"보습, 민감성",2025.07.19,1,'릴리프 하이드레이션 라이트 폼 클렌저' 사용 후기예요. 촉촉해서 만족스러워요. 재구매 의사는 없어요.,촉촉함,4.26,https://drive.google.com/file/d/1I5kEN9arch35glLr1doH5WEUwIu7pkE6/view?usp=drive_link,https://drive.google.com/file/d/1NMHxgc-_UD2axfUrxAiU96vJMzPcbLuF/view?usp=drive_link,
954,67,릴리프 하이드레이션 라이트 폼 클렌저,몽글몽글한얼룩말69,건성,"보습, 민감성",2025.12.21,4,'릴리프 하이드레이션 라이트 폼 클렌저' 사용 후기예요. 촉촉해서 만족스러워요. 만족스러운 소비였어요.,촉촉함,4.26,,,
955,67,릴리프 하이드레이션 라이트 폼 클렌저,익명의수달874,건성,보습,2026.05.31,4,촉촉해서 만족스러워요. 만족스러운 소비였어요.,촉촉함,4.26,,,
956,67,릴리프 하이드레이션 라이트 폼 클렌저,소심한라쿤693,지성,민감성,2025.12.24,5,'릴리프 하이드레이션 라이트 폼 클렌저' 사용 후기예요. 촉촉해서 만족스러워요. 다음에도 또 살 것 같아요.,촉촉함,4.26,https://drive.google.com/file/d/1I5kEN9arch35glLr1doH5WEUwIu7pkE6/view?usp=drive_link,https://drive.google.com/file/d/1vFJqmlTZEQKervKwKFPE_lfYdmNMC_zH/view?usp=drive_link,https://drive.google.com/file/d/1NMHxgc-_UD2axfUrxAiU96vJMzPcbLuF/view?usp=drive_link
957,67,릴리프 하이드레이션 라이트 폼 클렌저,자유로운병아리231,지성,보습,2025.07.17,4,촉촉해서 만족스러워요. 가격도 합리적이라 좋았어요.,촉촉함,4.26,,,
958,67,릴리프 하이드레이션 라이트 폼 클렌저,게으른곰돌이688,복합성,"보습, 민감성",2025.05.10,4,'릴리프 하이드레이션 라이트 폼 클렌저' 사용 후기예요. 촉촉해서 만족스러워요. 가격도 합리적이라 좋았어요.,촉촉함,4.26,https://drive.google.com/file/d/1vFJqmlTZEQKervKwKFPE_lfYdmNMC_zH/view?usp=drive_link,https://drive.google.com/file/d/1NMHxgc-_UD2axfUrxAiU96vJMzPcbLuF/view?usp=drive_link,
959,67,릴리프 하이드레이션 라이트 폼 클렌저,게으른판다275,건성,민감성,2026.05.12,5,촉촉해서 만족스러워요.,촉촉함,4.26,,,
960,68,더마 크림 팩 클렌저 [마데카소사이드 진정 장벽],부드러운호랑이917,건성,"보습, 민감성",2026.07.06,5,촉촉해서 만족스러워요. 쫀쫀한 텍스처가 마음에 들어요.,"쫀쫀함, 촉촉함",4.45,,,
961,68,더마 크림 팩 클렌저 [마데카소사이드 진정 장벽],엉뚱한코알라24,건성,"보습, 민감성",2025.10.06,5,'더마 크림 팩 클렌저 [마데카소사이드 진정 장벽]' 사용 후기예요. 촉촉해서 만족스러워요. 다음에도 또 살 것 같아요.,"촉촉함, 쫀쫀함",4.45,,,
962,68,더마 크림 팩 클렌저 [마데카소사이드 진정 장벽],말랑한오리101,중성,보습,2025.05.05,5,'더마 크림 팩 클렌저 [마데카소사이드 진정 장벽]' 사용 후기예요. 촉촉해서 만족스러워요. 쫀쫀한 텍스처가 마음에 들어요. 추천하고 싶어요.,"촉촉함, 쫀쫀함",4.45,,,
963,68,더마 크림 팩 클렌저 [마데카소사이드 진정 장벽],씩씩한호랑이959,중성,"민감성, 보습",2025.01.15,4,촉촉해서 만족스러워요. 쫀쫀한 텍스처가 마음에 들어요. 재구매는 고민중이에요.,"쫀쫀함, 촉촉함",4.45,https://drive.google.com/file/d/1VPTfn5efEadanDdo0_zSAABdgkvJjNpP/view?usp=drive_link,,
964,68,더마 크림 팩 클렌저 [마데카소사이드 진정 장벽],몽글몽글한곰돌이524,건성,"민감성, 보습",2026.02.04,5,'더마 크림 팩 클렌저 [마데카소사이드 진정 장벽]' 사용 후기예요. 촉촉해서 만족스러워요. 쫀쫀한 텍스처가 마음에 들어요. 추천하고 싶어요.,"촉촉함, 쫀쫀함",4.45,,,
965,68,더마 크림 팩 클렌저 [마데카소사이드 진정 장벽],익명의두더지864,중성,보습,2025.12.29,5,'더마 크림 팩 클렌저 [마데카소사이드 진정 장벽]' 사용 후기예요. 촉촉해서 만족스러워요. 쫀쫀한 텍스처가 마음에 들어요. 재구매 의사 있어요!,"쫀쫀함, 촉촉함",4.45,,,
966,68,더마 크림 팩 클렌저 [마데카소사이드 진정 장벽],엉뚱발랄한물개896,건성,보습,2025.10.07,4,'더마 크림 팩 클렌저 [마데카소사이드 진정 장벽]' 사용 후기예요. 쫀쫀한 텍스처가 마음에 들어요. 촉촉해서 만족스러워요. 재구매는 고민중이에요.,"촉촉함, 쫀쫀함",4.45,,,
967,68,더마 크림 팩 클렌저 [마데카소사이드 진정 장벽],엉뚱발랄한호랑이146,수부지,"민감성, 보습",2026.07.10,4,촉촉해서 만족스러워요.,"촉촉함, 쫀쫀함",4.45,,,
968,68,더마 크림 팩 클렌저 [마데카소사이드 진정 장벽],엉뚱발랄한앵무새815,중성,보습,2025.03.25,4,'더마 크림 팩 클렌저 [마데카소사이드 진정 장벽]' 사용 후기예요. 촉촉해서 만족스러워요. 재구매 의사 있어요!,"쫀쫀함, 촉촉함",4.45,https://drive.google.com/file/d/1VPTfn5efEadanDdo0_zSAABdgkvJjNpP/view?usp=drive_link,,
969,68,더마 크림 팩 클렌저 [마데카소사이드 진정 장벽],부지런한해달97,건성,"민감성, 탄력/주름",2026.02.27,3,'더마 크림 팩 클렌저 [마데카소사이드 진정 장벽]' 사용 후기예요. 쫀쫀한 텍스처가 마음에 들어요. 나쁘지 않아요.,"촉촉함, 쫀쫀함",4.45,,,
970,68,더마 크림 팩 클렌저 [마데카소사이드 진정 장벽],평범한라쿤969,중성,민감성,2025.03.30,5,쫀쫀한 텍스처가 마음에 들어요. 추천하고 싶어요.,"촉촉함, 쫀쫀함",4.45,,,
971,69,햇쌀 데일리 폼 클렌저,몽글몽글한벌새902,건성,보습,2026.04.24,4,'햇쌀 데일리 폼 클렌저' 사용 후기예요. 촉촉해서 만족스러워요. 가격도 합리적이라 좋았어요.,촉촉함,4,,,
972,69,햇쌀 데일리 폼 클렌저,상큼한라쿤980,복합성,보습,2026.06.01,5,'햇쌀 데일리 폼 클렌저' 사용 후기예요. 촉촉해서 만족스러워요. 재구매 의사 있어요!,촉촉함,4,,,
973,69,햇쌀 데일리 폼 클렌저,명랑한해달127,지성,보습,2025.01.09,5,촉촉해서 만족스러워요.,촉촉함,4,https://drive.google.com/file/d/1-HOjOvMLAKlUVvcddADizw8EmkPpUiiB/view?usp=drive_link,,
974,69,햇쌀 데일리 폼 클렌저,엉뚱발랄한강아지297,수부지,보습,2025.07.24,5,촉촉해서 만족스러워요. 재구매 의사 있어요!,촉촉함,4,,,
975,69,햇쌀 데일리 폼 클렌저,느긋한사자613,중성,보습,2025.12.24,5,촉촉해서 만족스러워요. 다음에도 또 살 것 같아요.,촉촉함,4,,,
976,69,햇쌀 데일리 폼 클렌저,촉촉한수달515,수부지,"보습, 피지/블랙헤드",2025.12.10,2,'햇쌀 데일리 폼 클렌저' 사용 후기예요. 촉촉해서 만족스러워요. 기대만큼은 아니었어요.,촉촉함,4,https://drive.google.com/file/d/1-HOjOvMLAKlUVvcddADizw8EmkPpUiiB/view?usp=drive_link,,
977,69,햇쌀 데일리 폼 클렌저,행복한토끼621,건성,보습,2025.05.10,3,'햇쌀 데일리 폼 클렌저' 사용 후기예요. 촉촉해서 만족스러워요.,촉촉함,4,,,
978,69,햇쌀 데일리 폼 클렌저,몽글몽글한물개441,건성,"보습, 미백/잡티",2025.03.22,3,'햇쌀 데일리 폼 클렌저' 사용 후기예요. 촉촉해서 만족스러워요. 나쁘지 않아요.,촉촉함,4,,,
979,69,햇쌀 데일리 폼 클렌저,조용한하마233,중성,보습,2026.08.21,5,촉촉해서 만족스러워요. 만족스러운 소비였어요.,촉촉함,4,https://drive.google.com/file/d/1DnfcL_ZK8IhZl3ssjAHN2gDKB7tfPZWp/view?usp=drive_link,,
980,69,햇쌀 데일리 폼 클렌저,잠많은두더지353,건성,없음,2026.04.18,4,촉촉해서 만족스러워요. 재구매는 고민중이에요.,촉촉함,4,,,
981,69,햇쌀 데일리 폼 클렌저,소심한수달577,지성,없음,2025.10.14,2,'햇쌀 데일리 폼 클렌저' 사용 후기예요. 촉촉해서 만족스러워요. 재구매는 안 할 것 같아요.,촉촉함,4,https://drive.google.com/file/d/1Giq9JpOgHUyb6djtcGLJeh4J9PTPBFzt/view?usp=drive_link,https://drive.google.com/file/d/1DnfcL_ZK8IhZl3ssjAHN2gDKB7tfPZWp/view?usp=drive_link,https://drive.google.com/file/d/148TzZk-PHBmdpxnLxlCPw3xg0WPddvu4/view?usp=drive_link
982,69,햇쌀 데일리 폼 클렌저,조용한하마478,지성,보습,2025.02.15,3,'햇쌀 데일리 폼 클렌저' 사용 후기예요. 촉촉해서 만족스러워요.,촉촉함,4,,,
983,69,햇쌀 데일리 폼 클렌저,조용한기린868,복합성,보습,2025.04.12,4,촉촉해서 만족스러워요.,촉촉함,4,,,
984,69,햇쌀 데일리 폼 클렌저,촉촉한물개752,건성,보습,2025.07.10,5,'햇쌀 데일리 폼 클렌저' 사용 후기예요. 촉촉해서 만족스러워요. 다음에도 또 살 것 같아요.,촉촉함,4,https://drive.google.com/file/d/148TzZk-PHBmdpxnLxlCPw3xg0WPddvu4/view?usp=drive_link,,
985,69,햇쌀 데일리 폼 클렌저,자유로운고양이62,수부지,보습,2025.05.11,5,'햇쌀 데일리 폼 클렌저' 사용 후기예요. 촉촉해서 만족스러워요. 가격도 합리적이라 좋았어요.,촉촉함,4,,,
986,70,포어 퓨리파잉 살리실산 포밍 클렌저,엉뚱발랄한수달657,건성,민감성,2025.07.18,4,'포어 퓨리파잉 살리실산 포밍 클렌저' 사용 후기예요. 촉촉해서 만족스러워요. 쫀쫀한 텍스처가 마음에 들어요.,"약산성, 쫀쫀함, 촉촉함",4.25,,,
987,70,포어 퓨리파잉 살리실산 포밍 클렌저,씩씩한고래378,건성,여드름,2025.05.22,4,'포어 퓨리파잉 살리실산 포밍 클렌저' 사용 후기예요. 촉촉해서 만족스러워요. 쫀쫀한 텍스처가 마음에 들어요. 만족스러운 소비였어요.,"촉촉함, 약산성, 쫀쫀함",4.25,https://drive.google.com/file/d/1DnfcL_ZK8IhZl3ssjAHN2gDKB7tfPZWp/view?usp=drive_link,,
988,70,포어 퓨리파잉 살리실산 포밍 클렌저,부지런한부엉이64,건성,보습,2026.06.17,5,'포어 퓨리파잉 살리실산 포밍 클렌저' 사용 후기예요. 촉촉해서 만족스러워요. 쫀쫀한 텍스처가 마음에 들어요. 재구매 의사 있어요!,"쫀쫀함, 촉촉함, 약산성",4.25,,,
989,70,포어 퓨리파잉 살리실산 포밍 클렌저,엉뚱발랄한알파카899,건성,"여드름, 보습",2025.01.14,5,'포어 퓨리파잉 살리실산 포밍 클렌저' 사용 후기예요. 촉촉해서 만족스러워요.,"약산성, 쫀쫀함, 촉촉함",4.25,,,
990,70,포어 퓨리파잉 살리실산 포밍 클렌저,반짝이는판다264,건성,보습,2026.08.26,4,'포어 퓨리파잉 살리실산 포밍 클렌저' 사용 후기예요. 촉촉해서 만족스러워요. 만족스러운 소비였어요.,"촉촉함, 약산성, 쫀쫀함",4.25,https://drive.google.com/file/d/1DnfcL_ZK8IhZl3ssjAHN2gDKB7tfPZWp/view?usp=drive_link,,
991,70,포어 퓨리파잉 살리실산 포밍 클렌저,상냥한곰돌이292,복합성,여드름,2025.11.08,3,쫀쫀한 텍스처가 마음에 들어요. 재구매는 고민중이에요.,"촉촉함, 쫀쫀함",4.25,,,
992,70,포어 퓨리파잉 살리실산 포밍 클렌저,사랑스런라쿤915,건성,여드름,2026.04.03,5,재구매 의사 있어요!,"촉촉함, 약산성, 쫀쫀함",4.25,,,
993,70,포어 퓨리파잉 살리실산 포밍 클렌저,배부른토끼13,건성,민감성,2026.07.09,4,쫀쫀한 텍스처가 마음에 들어요. 만족스러운 소비였어요.,"약산성, 촉촉함, 쫀쫀함",4.25,,,
994,71,세이프 미 릴리프 모이스처 클렌징폼,엉뚱발랄한벌새782,수부지,"민감성, 보습",2025.10.02,5,'세이프 미 릴리프 모이스처 클렌징폼' 사용 후기예요. 촉촉해서 만족스러워요. 쫀쫀한 텍스처가 마음에 들어요. 재구매 의사 있어요!,"약산성, 촉촉함, 쫀쫀함",4.53,https://drive.google.com/file/d/1DnfcL_ZK8IhZl3ssjAHN2gDKB7tfPZWp/view?usp=drive_link,,
995,71,세이프 미 릴리프 모이스처 클렌징폼,반짝이는여우131,수부지,"보습, 민감성",2026.02.06,4,쫀쫀한 텍스처가 마음에 들어요. 재구매 의사 있어요!,"촉촉함, 약산성, 쫀쫀함",4.53,,,
996,71,세이프 미 릴리프 모이스처 클렌징폼,촉촉한앵무새943,건성,보습,2026.01.23,5,쫀쫀한 텍스처가 마음에 들어요. 촉촉해서 만족스러워요. 추천하고 싶어요.,"약산성, 쫀쫀함, 촉촉함",4.53,https://drive.google.com/file/d/148TzZk-PHBmdpxnLxlCPw3xg0WPddvu4/view?usp=drive_link,,
997,71,세이프 미 릴리프 모이스처 클렌징폼,상큼한벌새4,수부지,"민감성, 보습",2025.04.10,4,'세이프 미 릴리프 모이스처 클렌징폼' 사용 후기예요. 쫀쫀한 텍스처가 마음에 들어요. 가격도 합리적이라 좋았어요.,"약산성, 쫀쫀함",4.53,,,
998,71,세이프 미 릴리프 모이스처 클렌징폼,말랑한고슴도치29,건성,"보습, 민감성",2026.02.05,4,가격도 합리적이라 좋았어요.,"촉촉함, 쫀쫀함, 약산성",4.53,,,
999,71,세이프 미 릴리프 모이스처 클렌징폼,말랑한고슴도치257,건성,"보습, 민감성, 여드름",2025.11.11,5,촉촉해서 만족스러워요. 쫀쫀한 텍스처가 마음에 들어요. 가격도 합리적이라 좋았어요.,"약산성, 쫀쫀함, 촉촉함",4.53,,,
1000,71,세이프 미 릴리프 모이스처 클렌징폼,엉뚱발랄한얼룩말17,건성,민감성,2026.04.11,5,촉촉해서 만족스러워요.,"촉촉함, 약산성",4.53,https://drive.google.com/file/d/1DnfcL_ZK8IhZl3ssjAHN2gDKB7tfPZWp/view?usp=drive_link,https://drive.google.com/file/d/148TzZk-PHBmdpxnLxlCPw3xg0WPddvu4/view?usp=drive_link,
1001,71,세이프 미 릴리프 모이스처 클렌징폼,배부른알파카888,수부지,보습,2026.06.02,5,'세이프 미 릴리프 모이스처 클렌징폼' 사용 후기예요. 쫀쫀한 텍스처가 마음에 들어요. 촉촉해서 만족스러워요. 만족스러운 소비였어요.,"약산성, 쫀쫀함, 촉촉함",4.53,,,
1002,71,세이프 미 릴리프 모이스처 클렌징폼,명랑한두더지522,수부지,"민감성, 보습",2025.08.07,4,쫀쫀한 텍스처가 마음에 들어요. 만족스러운 소비였어요.,"촉촉함, 쫀쫀함, 약산성",4.53,,,
1003,71,세이프 미 릴리프 모이스처 클렌징폼,행복한고양이88,건성,"민감성, 보습",2025.06.02,4,'세이프 미 릴리프 모이스처 클렌징폼' 사용 후기예요. 촉촉해서 만족스러워요. 재구매는 고민중이에요.,"촉촉함, 약산성, 쫀쫀함",4.53,,,
1004,71,세이프 미 릴리프 모이스처 클렌징폼,익명의거북이641,수부지,"민감성, 보습",2025.11.26,4,촉촉해서 만족스러워요. 쫀쫀한 텍스처가 마음에 들어요. 만족스러운 소비였어요.,"쫀쫀함, 촉촉함, 약산성",4.53,https://drive.google.com/file/d/148TzZk-PHBmdpxnLxlCPw3xg0WPddvu4/view?usp=drive_link,,
1005,71,세이프 미 릴리프 모이스처 클렌징폼,명랑한오리961,수부지,민감성,2025.02.08,5,'세이프 미 릴리프 모이스처 클렌징폼' 사용 후기예요. 다음에도 또 살 것 같아요.,"촉촉함, 약산성",4.53,,,
1006,71,세이프 미 릴리프 모이스처 클렌징폼,잠많은코알라771,수부지,"민감성, 보습",2026.08.08,5,촉촉해서 만족스러워요. 쫀쫀한 텍스처가 마음에 들어요.,"약산성, 촉촉함, 쫀쫀함",4.53,,,
1007,71,세이프 미 릴리프 모이스처 클렌징폼,귀여운사자174,수부지,"보습, 민감성",2026.06.22,5,쫀쫀한 텍스처가 마음에 들어요. 만족스러운 소비였어요.,"촉촉함, 쫀쫀함, 약산성",4.53,https://drive.google.com/file/d/148TzZk-PHBmdpxnLxlCPw3xg0WPddvu4/view?usp=drive_link,,
1008,71,세이프 미 릴리프 모이스처 클렌징폼,소심한기린352,건성,"보습, 민감성",2025.04.09,5,'세이프 미 릴리프 모이스처 클렌징폼' 사용 후기예요. 촉촉해서 만족스러워요. 쫀쫀한 텍스처가 마음에 들어요. 만족스러운 소비였어요.,"약산성, 쫀쫀함, 촉촉함",4.53,,,
1009,71,세이프 미 릴리프 모이스처 클렌징폼,잠많은고양이137,수부지,보습,2025.03.06,4,'세이프 미 릴리프 모이스처 클렌징폼' 사용 후기예요. 재구매는 고민중이에요.,"약산성, 쫀쫀함, 촉촉함",4.53,,,
1010,71,세이프 미 릴리프 모이스처 클렌징폼,활발한펭귄133,건성,"보습, 민감성",2025.02.24,4,재구매 의사 있어요!,"쫀쫀함, 약산성, 촉촉함",4.53,,,
1011,72,1025 독도 클렌저,몽글몽글한호랑이367,수부지,민감성,2026.02.15,3,'1025 독도 클렌저' 사용 후기예요.,"촉촉함, 약산성",3.91,,,
1012,72,1025 독도 클렌저,말랑한여우399,복합성,민감성,2026.04.17,5,'1025 독도 클렌저' 사용 후기예요. 촉촉해서 만족스러워요. 만족스러운 소비였어요.,"촉촉함, 약산성",3.91,,,
1013,72,1025 독도 클렌저,사랑스런다람쥐355,중성,민감성,2026.01.27,2,촉촉해서 만족스러워요.,"촉촉함, 약산성",3.91,,,
1014,72,1025 독도 클렌저,사랑스런토끼687,지성,민감성,2025.03.30,5,'1025 독도 클렌저' 사용 후기예요. 촉촉해서 만족스러워요. 다음에도 또 살 것 같아요.,"약산성, 촉촉함",3.91,,,
1015,72,1025 독도 클렌저,새침한알파카713,지성,민감성,2026.01.20,5,촉촉해서 만족스러워요. 재구매 의사 있어요!,"촉촉함, 약산성",3.91,https://drive.google.com/file/d/1Giq9JpOgHUyb6djtcGLJeh4J9PTPBFzt/view?usp=drive_link,,
1016,72,1025 독도 클렌저,상큼한라쿤362,건성,민감성,2026.02.18,5,'1025 독도 클렌저' 사용 후기예요. 촉촉해서 만족스러워요. 재구매 의사 있어요!,"약산성, 촉촉함",3.91,,,
1017,72,1025 독도 클렌저,익명의하마419,복합성,민감성,2025.09.27,1,'1025 독도 클렌저' 사용 후기예요. 촉촉해서 만족스러워요. 아쉬운 점이 많았어요.,"약산성, 촉촉함",3.91,https://drive.google.com/file/d/1VPTfn5efEadanDdo0_zSAABdgkvJjNpP/view?usp=drive_link,,
1018,72,1025 독도 클렌저,행복한호랑이234,지성,민감성,2025.11.16,4,'1025 독도 클렌저' 사용 후기예요. 가격도 합리적이라 좋았어요.,"촉촉함, 약산성",3.91,,,
1019,72,1025 독도 클렌저,사랑스런벌새662,수부지,민감성,2026.06.27,4,촉촉해서 만족스러워요. 재구매 의사 있어요!,"촉촉함, 약산성",3.91,,,
1020,72,1025 독도 클렌저,명랑한앵무새515,복합성,"민감성, 모공",2026.09.13,4,촉촉해서 만족스러워요. 가격도 합리적이라 좋았어요.,"약산성, 촉촉함",3.91,https://drive.google.com/file/d/1Giq9JpOgHUyb6djtcGLJeh4J9PTPBFzt/view?usp=drive_link,,
1021,72,1025 독도 클렌저,엉뚱발랄한거북이404,중성,민감성,2026.06.21,4,'1025 독도 클렌저' 사용 후기예요. 촉촉해서 만족스러워요. 재구매 의사 있어요!,"약산성, 촉촉함",3.91,,,
1022,72,1025 독도 클렌저,새침한강아지309,건성,민감성,2025.11.27,3,촉촉해서 만족스러워요. 나쁘지 않아요.,"촉촉함, 약산성",3.91,https://drive.google.com/file/d/1VPTfn5efEadanDdo0_zSAABdgkvJjNpP/view?usp=drive_link,,
1023,72,1025 독도 클렌저,촉촉한토끼229,지성,민감성,2026.02.15,5,다음에도 또 살 것 같아요.,"약산성, 촉촉함",3.91,,,
1024,72,1025 독도 클렌저,상큼한오리856,복합성,민감성,2025.12.07,5,'1025 독도 클렌저' 사용 후기예요. 추천하고 싶어요.,"촉촉함, 약산성",3.91,,,
1025,72,1025 독도 클렌저,몽글몽글한기린664,건성,민감성,2025.03.09,3,'1025 독도 클렌저' 사용 후기예요. 나쁘지 않아요.,"촉촉함, 약산성",3.91,,,
1026,72,1025 독도 클렌저,말랑한알파카76,지성,민감성,2025.06.13,4,촉촉해서 만족스러워요. 만족스러운 소비였어요.,"약산성, 촉촉함",3.91,https://drive.google.com/file/d/1Giq9JpOgHUyb6djtcGLJeh4J9PTPBFzt/view?usp=drive_link,https://drive.google.com/file/d/1VPTfn5efEadanDdo0_zSAABdgkvJjNpP/view?usp=drive_link,
1027,72,1025 독도 클렌저,반짝이는얼룩말117,수부지,민감성,2025.10.12,4,'1025 독도 클렌저' 사용 후기예요. 촉촉해서 만족스러워요. 재구매 의사 있어요!,"촉촉함, 약산성",3.91,,,
1028,72,1025 독도 클렌저,느긋한강아지221,수부지,민감성,2025.10.11,4,촉촉해서 만족스러워요. 가격도 합리적이라 좋았어요.,"약산성, 촉촉함",3.91,,,
1029,72,1025 독도 클렌저,사랑스런하마235,지성,민감성,2025.12.13,4,'1025 독도 클렌저' 사용 후기예요.,"촉촉함, 약산성",3.91,https://drive.google.com/file/d/1U50mWqZlAtbwEhvEb0Ox450uTZTx8ocR/view?usp=drive_link,,
1030,72,1025 독도 클렌저,든든한호랑이229,중성,민감성,2026.08.16,5,다음에도 또 살 것 같아요.,"촉촉함, 약산성",3.91,,,
1031,72,1025 독도 클렌저,용감한알파카412,중성,민감성,2025.07.02,3,'1025 독도 클렌저' 사용 후기예요. 촉촉해서 만족스러워요. 나쁘지 않아요.,"촉촉함, 약산성",3.91,,,
1032,72,1025 독도 클렌저,소심한코알라129,지성,민감성,2026.02.17,5,촉촉해서 만족스러워요. 만족스러운 소비였어요.,"약산성, 촉촉함",3.91,,,
1033,72,1025 독도 클렌저,용감한여우1,복합성,민감성,2026.08.05,3,'1025 독도 클렌저' 사용 후기예요. 촉촉해서 만족스러워요.,"촉촉함, 약산성",3.91,,,
1034,73,딥 클린 폼 클렌저 수분초 히알루론 폼,부드러운라쿤62,건성,"민감성, 보습",2025.01.04,3,'딥 클린 폼 클렌저 수분초 히알루론 폼' 사용 후기예요. 촉촉해서 만족스러워요. 그냥 무난하게 쓰고 있어요.,"수분감, 촉촉함",4.23,https://drive.google.com/file/d/1rPo96rJLIfpdKl1RadKV5SeS8__68Plh/view?usp=drive_link,https://drive.google.com/file/d/1LTB4Pez0Lqho70rh1rpwBt1v5cWomPeB/view?usp=drive_link,
1035,73,딥 클린 폼 클렌저 수분초 히알루론 폼,명랑한수달858,수부지,보습,2025.08.18,5,촉촉해서 만족스러워요. 수분감이 오래가서 좋아요. 다음에도 또 살 것 같아요.,"수분감, 촉촉함",4.23,,,
1036,73,딥 클린 폼 클렌저 수분초 히알루론 폼,부드러운알파카875,수부지,민감성,2025.07.10,3,수분감이 오래가서 좋아요. 촉촉해서 만족스러워요. 그냥 무난하게 쓰고 있어요.,"촉촉함, 수분감",4.23,https://drive.google.com/file/d/1xQYqDKvYZflOX_IU0xHs2fZf6z9wRu2B/view?usp=drive_link,,
1037,73,딥 클린 폼 클렌저 수분초 히알루론 폼,행복한코알라845,건성,"보습, 민감성",2026.06.20,5,'딥 클린 폼 클렌저 수분초 히알루론 폼' 사용 후기예요. 촉촉해서 만족스러워요.,"촉촉함, 수분감",4.23,,,
1038,73,딥 클린 폼 클렌저 수분초 히알루론 폼,명랑한곰돌이449,수부지,"보습, 민감성",2025.08.10,3,'딥 클린 폼 클렌저 수분초 히알루론 폼' 사용 후기예요. 촉촉해서 만족스러워요. 수분감이 오래가서 좋아요. 그냥 무난하게 쓰고 있어요.,"수분감, 촉촉함",4.23,,,
1039,73,딥 클린 폼 클렌저 수분초 히알루론 폼,부지런한곰돌이123,수부지,"보습, 민감성",2025.09.01,5,'딥 클린 폼 클렌저 수분초 히알루론 폼' 사용 후기예요. 촉촉해서 만족스러워요. 수분감이 오래가서 좋아요. 재구매 의사 있어요!,"수분감, 촉촉함",4.23,https://drive.google.com/file/d/1rPo96rJLIfpdKl1RadKV5SeS8__68Plh/view?usp=drive_link,,
1040,73,딥 클린 폼 클렌저 수분초 히알루론 폼,활발한여우296,수부지,"민감성, 피지/블랙헤드",2026.05.29,5,'딥 클린 폼 클렌저 수분초 히알루론 폼' 사용 후기예요. 촉촉해서 만족스러워요. 추천하고 싶어요.,"촉촉함, 수분감",4.23,,,
1041,73,딥 클린 폼 클렌저 수분초 히알루론 폼,배부른다람쥐480,건성,"보습, 민감성",2026.05.05,3,'딥 클린 폼 클렌저 수분초 히알루론 폼' 사용 후기예요. 수분감이 오래가서 좋아요. 나쁘지 않아요.,"수분감, 촉촉함",4.23,,,
1042,73,딥 클린 폼 클렌저 수분초 히알루론 폼,자유로운강아지882,수부지,보습,2025.01.29,4,'딥 클린 폼 클렌저 수분초 히알루론 폼' 사용 후기예요. 수분감이 오래가서 좋아요. 촉촉해서 만족스러워요. 재구매 의사 있어요!,"수분감, 촉촉함",4.23,https://drive.google.com/file/d/1LTB4Pez0Lqho70rh1rpwBt1v5cWomPeB/view?usp=drive_link,,
1043,73,딥 클린 폼 클렌저 수분초 히알루론 폼,평범한사자943,수부지,보습,2025.07.26,3,촉촉해서 만족스러워요. 수분감이 오래가서 좋아요. 나쁘지 않아요.,"수분감, 촉촉함",4.23,,,
1044,73,딥 클린 폼 클렌저 수분초 히알루론 폼,엉뚱발랄한토끼435,수부지,민감성,2026.02.16,5,수분감이 오래가서 좋아요. 촉촉해서 만족스러워요. 추천하고 싶어요.,"촉촉함, 수분감",4.23,,,
1045,73,딥 클린 폼 클렌저 수분초 히알루론 폼,산뜻한앵무새399,건성,민감성,2026.05.11,5,'딥 클린 폼 클렌저 수분초 히알루론 폼' 사용 후기예요. 수분감이 오래가서 좋아요. 촉촉해서 만족스러워요. 다음에도 또 살 것 같아요.,"촉촉함, 수분감",4.23,https://drive.google.com/file/d/1LTB4Pez0Lqho70rh1rpwBt1v5cWomPeB/view?usp=drive_link,,
1046,73,딥 클린 폼 클렌저 수분초 히알루론 폼,촉촉한여우899,건성,"민감성, 보습",2026.03.27,5,'딥 클린 폼 클렌저 수분초 히알루론 폼' 사용 후기예요. 촉촉해서 만족스러워요. 수분감이 오래가서 좋아요.,"촉촉함, 수분감",4.23,,,
1047,73,딥 클린 폼 클렌저 수분초 히알루론 폼,소심한라쿤308,수부지,없음,2026.08.04,4,'딥 클린 폼 클렌저 수분초 히알루론 폼' 사용 후기예요. 수분감이 오래가서 좋아요. 촉촉해서 만족스러워요. 재구매는 고민중이에요.,"촉촉함, 수분감",4.23,https://drive.google.com/file/d/1rPo96rJLIfpdKl1RadKV5SeS8__68Plh/view?usp=drive_link,https://drive.google.com/file/d/19Tc7qiERZppFCpoC5gyDR89Sar8pYOiy/view?usp=drive_link,
1048,73,딥 클린 폼 클렌저 수분초 히알루론 폼,잠많은토끼545,건성,"보습, 민감성",2025.04.10,5,촉촉해서 만족스러워요. 다음에도 또 살 것 같아요.,"수분감, 촉촉함",4.23,,,
1049,73,딥 클린 폼 클렌저 수분초 히알루론 폼,활발한코알라501,건성,보습,2025.10.28,5,수분감이 오래가서 좋아요. 촉촉해서 만족스러워요.,"촉촉함, 수분감",4.23,,,
1050,73,딥 클린 폼 클렌저 수분초 히알루론 폼,평범한여우21,건성,민감성,2025.09.22,5,'딥 클린 폼 클렌저 수분초 히알루론 폼' 사용 후기예요. 수분감이 오래가서 좋아요. 촉촉해서 만족스러워요. 추천하고 싶어요.,"수분감, 촉촉함",4.23,https://drive.google.com/file/d/19Tc7qiERZppFCpoC5gyDR89Sar8pYOiy/view?usp=drive_link,,
1051,73,딥 클린 폼 클렌저 수분초 히알루론 폼,촉촉한수달695,건성,"민감성, 보습",2025.08.28,5,'딥 클린 폼 클렌저 수분초 히알루론 폼' 사용 후기예요. 수분감이 오래가서 좋아요. 촉촉해서 만족스러워요. 다음에도 또 살 것 같아요.,"수분감, 촉촉함",4.23,,,
1052,73,딥 클린 폼 클렌저 수분초 히알루론 폼,상큼한라쿤45,건성,민감성,2025.01.29,4,촉촉해서 만족스러워요. 가격도 합리적이라 좋았어요.,"수분감, 촉촉함",4.23,,,
1053,73,딥 클린 폼 클렌저 수분초 히알루론 폼,배부른호랑이257,수부지,"보습, 민감성, 미백/잡티",2025.02.13,5,'딥 클린 폼 클렌저 수분초 히알루론 폼' 사용 후기예요. 촉촉해서 만족스러워요. 가격도 합리적이라 좋았어요.,"촉촉함, 수분감",4.23,https://drive.google.com/file/d/1rPo96rJLIfpdKl1RadKV5SeS8__68Plh/view?usp=drive_link,,
1054,73,딥 클린 폼 클렌저 수분초 히알루론 폼,배부른거북이103,건성,보습,2026.08.23,5,수분감이 오래가서 좋아요. 촉촉해서 만족스러워요. 만족스러운 소비였어요.,"촉촉함, 수분감",4.23,,,
1055,73,딥 클린 폼 클렌저 수분초 히알루론 폼,산뜻한토끼136,수부지,"민감성, 보습",2026.07.23,4,'딥 클린 폼 클렌저 수분초 히알루론 폼' 사용 후기예요. 수분감이 오래가서 좋아요.,"수분감, 촉촉함",4.23,,,
1056,73,딥 클린 폼 클렌저 수분초 히알루론 폼,활발한해달644,수부지,없음,2026.08.23,2,촉촉해서 만족스러워요. 수분감이 오래가서 좋아요. 기대만큼은 아니었어요.,"수분감, 촉촉함",4.23,https://drive.google.com/file/d/1rPo96rJLIfpdKl1RadKV5SeS8__68Plh/view?usp=drive_link,,
1057,73,딥 클린 폼 클렌저 수분초 히알루론 폼,촉촉한코알라225,건성,민감성,2026.08.19,4,'딥 클린 폼 클렌저 수분초 히알루론 폼' 사용 후기예요. 수분감이 오래가서 좋아요. 촉촉해서 만족스러워요. 만족스러운 소비였어요.,"촉촉함, 수분감",4.23,,,
1058,73,딥 클린 폼 클렌저 수분초 히알루론 폼,대담한나비118,건성,"민감성, 보습",2025.07.18,5,수분감이 오래가서 좋아요. 추천하고 싶어요.,"촉촉함, 수분감",4.23,,,
1059,73,딥 클린 폼 클렌저 수분초 히알루론 폼,사랑스런부엉이216,건성,"민감성, 보습",2026.07.30,4,수분감이 오래가서 좋아요. 촉촉해서 만족스러워요.,"촉촉함, 수분감",4.23,,,
1060,73,딥 클린 폼 클렌저 수분초 히알루론 폼,배부른펭귄745,건성,"민감성, 보습",2025.10.10,5,촉촉해서 만족스러워요. 수분감이 오래가서 좋아요.,"촉촉함, 수분감",4.23,https://drive.google.com/file/d/1LTB4Pez0Lqho70rh1rpwBt1v5cWomPeB/view?usp=drive_link,,
1061,73,딥 클린 폼 클렌저 수분초 히알루론 폼,말랑한고래761,수부지,"민감성, 보습",2026.04.12,4,촉촉해서 만족스러워요. 수분감이 오래가서 좋아요. 가격도 합리적이라 좋았어요.,"수분감, 촉촉함",4.23,,,
1062,73,딥 클린 폼 클렌저 수분초 히알루론 폼,새침한벌새914,건성,민감성,2026.03.30,3,촉촉해서 만족스러워요.,"수분감, 촉촉함",4.23,,,
1063,73,딥 클린 폼 클렌저 수분초 히알루론 폼,든든한기린176,수부지,"민감성, 보습, 모공",2025.10.30,4,수분감이 오래가서 좋아요. 촉촉해서 만족스러워요. 가격도 합리적이라 좋았어요.,"수분감, 촉촉함",4.23,,,
1064,74,밸런스풀 시카 포어 클렌징 폼,상큼한두더지965,지성,"여드름, 민감성",2025.11.03,5,산뜻하게 발려서 좋아요. 만족스러운 소비였어요.,"약알칼리성, 뽀득함, 산뜻함",4.28,,,
1065,74,밸런스풀 시카 포어 클렌징 폼,자유로운판다886,지성,"여드름, 민감성",2025.06.11,5,산뜻하게 발려서 좋아요.,"약알칼리성, 산뜻함, 뽀득함",4.28,,,
1066,74,밸런스풀 시카 포어 클렌징 폼,반짝이는곰돌이672,복합성,여드름,2025.09.17,4,산뜻하게 발려서 좋아요. 재구매 의사 있어요!,"뽀득함, 산뜻함, 약알칼리성",4.28,https://drive.google.com/file/d/1VPTfn5efEadanDdo0_zSAABdgkvJjNpP/view?usp=drive_link,,
1067,74,밸런스풀 시카 포어 클렌징 폼,조용한병아리884,복합성,없음,2025.01.29,5,'밸런스풀 시카 포어 클렌징 폼' 사용 후기예요. 산뜻하게 발려서 좋아요. 다음에도 또 살 것 같아요.,"뽀득함, 약알칼리성, 산뜻함",4.28,,,
1068,74,밸런스풀 시카 포어 클렌징 폼,행복한두더지793,복합성,"여드름, 민감성",2025.03.02,5,'밸런스풀 시카 포어 클렌징 폼' 사용 후기예요. 산뜻하게 발려서 좋아요. 재구매 의사 있어요!,"약알칼리성, 산뜻함, 뽀득함",4.28,,,
1069,74,밸런스풀 시카 포어 클렌징 폼,행복한앵무새72,지성,"민감성, 여드름",2026.06.16,5,'밸런스풀 시카 포어 클렌징 폼' 사용 후기예요.,"산뜻함, 약알칼리성, 뽀득함",4.28,,,
1070,74,밸런스풀 시카 포어 클렌징 폼,소심한얼룩말205,복합성,"민감성, 여드름",2025.02.11,5,추천하고 싶어요.,"산뜻함, 약알칼리성, 뽀득함",4.28,https://drive.google.com/file/d/1Giq9JpOgHUyb6djtcGLJeh4J9PTPBFzt/view?usp=drive_link,https://drive.google.com/file/d/1VPTfn5efEadanDdo0_zSAABdgkvJjNpP/view?usp=drive_link,
1071,74,밸런스풀 시카 포어 클렌징 폼,부지런한판다542,지성,"여드름, 민감성",2026.06.12,4,산뜻하게 발려서 좋아요. 재구매는 고민중이에요.,"산뜻함, 약알칼리성, 뽀득함",4.28,,,
1072,74,밸런스풀 시카 포어 클렌징 폼,반짝이는호랑이805,복합성,"여드름, 민감성",2025.05.01,5,만족스러운 소비였어요.,"약알칼리성, 뽀득함",4.28,https://drive.google.com/file/d/1VPTfn5efEadanDdo0_zSAABdgkvJjNpP/view?usp=drive_link,,
1073,74,밸런스풀 시카 포어 클렌징 폼,용감한호랑이777,복합성,"여드름, 민감성",2026.06.13,4,'밸런스풀 시카 포어 클렌징 폼' 사용 후기예요. 산뜻하게 발려서 좋아요.,"산뜻함, 약알칼리성, 뽀득함",4.28,,,
1074,74,밸런스풀 시카 포어 클렌징 폼,사랑스런알파카47,복합성,민감성,2025.02.26,5,산뜻하게 발려서 좋아요. 다음에도 또 살 것 같아요.,"뽀득함, 산뜻함, 약알칼리성",4.28,,,
1075,74,밸런스풀 시카 포어 클렌징 폼,대담한기린441,지성,"민감성, 여드름",2026.09.11,4,'밸런스풀 시카 포어 클렌징 폼' 사용 후기예요. 재구매는 고민중이에요.,"약알칼리성, 산뜻함, 뽀득함",4.28,https://drive.google.com/file/d/1Giq9JpOgHUyb6djtcGLJeh4J9PTPBFzt/view?usp=drive_link,,
1076,74,밸런스풀 시카 포어 클렌징 폼,평범한부엉이127,복합성,"민감성, 여드름",2026.07.13,5,산뜻하게 발려서 좋아요.,"산뜻함, 뽀득함",4.28,,,
1077,74,밸런스풀 시카 포어 클렌징 폼,익명의기린746,복합성,여드름,2026.03.23,4,산뜻하게 발려서 좋아요.,"산뜻함, 뽀득함, 약알칼리성",4.28,https://drive.google.com/file/d/1yNKzp1_kvqoR9_4stWUT5xARoE4K8Qb-/view?usp=drive_link,,
1078,74,밸런스풀 시카 포어 클렌징 폼,행복한오리461,지성,여드름,2026.06.22,3,산뜻하게 발려서 좋아요.,"뽀득함, 약알칼리성, 산뜻함",4.28,,,
1079,74,밸런스풀 시카 포어 클렌징 폼,몽글몽글한알파카479,복합성,"여드름, 민감성",2025.12.18,5,산뜻하게 발려서 좋아요. 추천하고 싶어요.,"약알칼리성, 뽀득함, 산뜻함",4.28,,,
1080,74,밸런스풀 시카 포어 클렌징 폼,부지런한호랑이904,지성,민감성,2026.07.18,5,'밸런스풀 시카 포어 클렌징 폼' 사용 후기예요. 산뜻하게 발려서 좋아요. 재구매 의사 있어요!,"약알칼리성, 산뜻함, 뽀득함",4.28,https://drive.google.com/file/d/1VPTfn5efEadanDdo0_zSAABdgkvJjNpP/view?usp=drive_link,,
1081,74,밸런스풀 시카 포어 클렌징 폼,씩씩한다람쥐593,복합성,"여드름, 민감성",2025.12.19,3,'밸런스풀 시카 포어 클렌징 폼' 사용 후기예요. 산뜻하게 발려서 좋아요. 그냥 무난하게 쓰고 있어요.,"산뜻함, 약알칼리성, 뽀득함",4.28,,,
1082,74,밸런스풀 시카 포어 클렌징 폼,행복한여우929,지성,"민감성, 여드름",2026.08.21,1,산뜻하게 발려서 좋아요.,"뽀득함, 산뜻함",4.28,,,
1083,74,밸런스풀 시카 포어 클렌징 폼,촉촉한고슴도치446,복합성,"여드름, 민감성",2026.02.21,3,'밸런스풀 시카 포어 클렌징 폼' 사용 후기예요. 산뜻하게 발려서 좋아요. 재구매는 고민중이에요.,"약알칼리성, 산뜻함",4.28,,,
1084,74,밸런스풀 시카 포어 클렌징 폼,소심한판다864,복합성,여드름,2026.03.29,5,'밸런스풀 시카 포어 클렌징 폼' 사용 후기예요. 재구매 의사 있어요!,"뽀득함, 약알칼리성, 산뜻함",4.28,https://drive.google.com/file/d/1Giq9JpOgHUyb6djtcGLJeh4J9PTPBFzt/view?usp=drive_link,https://drive.google.com/file/d/1VPTfn5efEadanDdo0_zSAABdgkvJjNpP/view?usp=drive_link,
1085,74,밸런스풀 시카 포어 클렌징 폼,용감한라쿤186,복합성,"민감성, 여드름, 보습",2026.09.09,4,재구매 의사 있어요!,"산뜻함, 뽀득함, 약알칼리성",4.28,,,
1086,74,밸런스풀 시카 포어 클렌징 폼,느긋한앵무새903,지성,민감성,2026.04.23,4,산뜻하게 발려서 좋아요. 가격도 합리적이라 좋았어요.,"뽀득함, 약알칼리성, 산뜻함",4.28,https://drive.google.com/file/d/1yNKzp1_kvqoR9_4stWUT5xARoE4K8Qb-/view?usp=drive_link,,
1087,74,밸런스풀 시카 포어 클렌징 폼,씩씩한수달633,복합성,민감성,2025.11.12,4,산뜻하게 발려서 좋아요. 만족스러운 소비였어요.,"약알칼리성, 뽀득함, 산뜻함",4.28,,,
1088,74,밸런스풀 시카 포어 클렌징 폼,활발한부엉이35,복합성,민감성,2025.02.28,5,'밸런스풀 시카 포어 클렌징 폼' 사용 후기예요. 만족스러운 소비였어요.,"약알칼리성, 뽀득함, 산뜻함",4.28,,,
1089,74,밸런스풀 시카 포어 클렌징 폼,게으른기린877,지성,여드름,2026.02.01,4,'밸런스풀 시카 포어 클렌징 폼' 사용 후기예요. 산뜻하게 발려서 좋아요. 가격도 합리적이라 좋았어요.,"산뜻함, 뽀득함, 약알칼리성",4.28,https://drive.google.com/file/d/1VPTfn5efEadanDdo0_zSAABdgkvJjNpP/view?usp=drive_link,https://drive.google.com/file/d/1yNKzp1_kvqoR9_4stWUT5xARoE4K8Qb-/view?usp=drive_link,
1090,74,밸런스풀 시카 포어 클렌징 폼,몽글몽글한오리450,지성,"민감성, 여드름",2026.01.02,4,산뜻하게 발려서 좋아요.,"산뜻함, 뽀득함, 약알칼리성",4.28,,,
1091,74,밸런스풀 시카 포어 클렌징 폼,몽글몽글한곰돌이217,지성,"여드름, 민감성",2025.07.11,4,산뜻하게 발려서 좋아요. 재구매 의사 있어요!,"뽀득함, 약알칼리성, 산뜻함",4.28,,,
1092,74,밸런스풀 시카 포어 클렌징 폼,말랑한거북이179,복합성,민감성,2025.05.18,5,'밸런스풀 시카 포어 클렌징 폼' 사용 후기예요.,"약알칼리성, 뽀득함, 산뜻함",4.28,,,
1093,75,화산송이 바하 모공 폼 클렌징,조용한오리82,지성,민감성,2025.09.20,3,'화산송이 바하 모공 폼 클렌징' 사용 후기예요. 산뜻하게 발려서 좋아요. 쫀쫀한 텍스처가 마음에 들어요. 그냥 무난하게 쓰고 있어요.,"쫀쫀함, 산뜻함",4.45,,,
1094,75,화산송이 바하 모공 폼 클렌징,배부른거북이391,건성,"여드름, 민감성",2025.03.11,5,산뜻하게 발려서 좋아요. 쫀쫀한 텍스처가 마음에 들어요. 가격도 합리적이라 좋았어요.,"쫀쫀함, 산뜻함",4.45,https://drive.google.com/file/d/1CRjWVVLOVDLN4lniwlI5U4tJpe_gzs5W/view?usp=drive_link,,
1095,75,화산송이 바하 모공 폼 클렌징,명랑한두더지962,건성,"민감성, 여드름",2026.06.26,5,'화산송이 바하 모공 폼 클렌징' 사용 후기예요. 산뜻하게 발려서 좋아요. 쫀쫀한 텍스처가 마음에 들어요. 가격도 합리적이라 좋았어요.,"산뜻함, 쫀쫀함",4.45,,,
1096,75,화산송이 바하 모공 폼 클렌징,귀여운수달535,지성,여드름,2026.05.15,3,'화산송이 바하 모공 폼 클렌징' 사용 후기예요. 쫀쫀한 텍스처가 마음에 들어요. 산뜻하게 발려서 좋아요.,"쫀쫀함, 산뜻함",4.45,,,
1097,75,화산송이 바하 모공 폼 클렌징,행복한오리843,지성,"민감성, 여드름",2026.07.13,4,'화산송이 바하 모공 폼 클렌징' 사용 후기예요. 쫀쫀한 텍스처가 마음에 들어요. 산뜻하게 발려서 좋아요.,"쫀쫀함, 산뜻함",4.45,https://drive.google.com/file/d/1CRjWVVLOVDLN4lniwlI5U4tJpe_gzs5W/view?usp=drive_link,,
1098,75,화산송이 바하 모공 폼 클렌징,사랑스런고래967,건성,"민감성, 여드름",2025.04.09,5,쫀쫀한 텍스처가 마음에 들어요. 산뜻하게 발려서 좋아요. 만족스러운 소비였어요.,"산뜻함, 쫀쫀함",4.45,,,
1099,75,화산송이 바하 모공 폼 클렌징,잠많은라쿤629,지성,없음,2026.01.03,4,'화산송이 바하 모공 폼 클렌징' 사용 후기예요. 산뜻하게 발려서 좋아요. 만족스러운 소비였어요.,"산뜻함, 쫀쫀함",4.45,,,
1100,75,화산송이 바하 모공 폼 클렌징,행복한해달229,지성,민감성,2025.07.27,5,쫀쫀한 텍스처가 마음에 들어요. 산뜻하게 발려서 좋아요. 가격도 합리적이라 좋았어요.,"산뜻함, 쫀쫀함",4.45,https://drive.google.com/file/d/1CRjWVVLOVDLN4lniwlI5U4tJpe_gzs5W/view?usp=drive_link,https://drive.google.com/file/d/1yNKzp1_kvqoR9_4stWUT5xARoE4K8Qb-/view?usp=drive_link,
1101,75,화산송이 바하 모공 폼 클렌징,자유로운사자811,건성,여드름,2025.04.25,4,'화산송이 바하 모공 폼 클렌징' 사용 후기예요. 산뜻하게 발려서 좋아요. 쫀쫀한 텍스처가 마음에 들어요.,"산뜻함, 쫀쫀함",4.45,,,
1102,75,화산송이 바하 모공 폼 클렌징,자유로운펭귄595,지성,"민감성, 여드름",2026.01.23,4,'화산송이 바하 모공 폼 클렌징' 사용 후기예요. 산뜻하게 발려서 좋아요. 쫀쫀한 텍스처가 마음에 들어요. 가격도 합리적이라 좋았어요.,"산뜻함, 쫀쫀함",4.45,https://drive.google.com/file/d/1yNKzp1_kvqoR9_4stWUT5xARoE4K8Qb-/view?usp=drive_link,,
1103,75,화산송이 바하 모공 폼 클렌징,평범한벌새533,건성,없음,2025.12.08,5,'화산송이 바하 모공 폼 클렌징' 사용 후기예요. 산뜻하게 발려서 좋아요. 쫀쫀한 텍스처가 마음에 들어요. 다음에도 또 살 것 같아요.,"산뜻함, 쫀쫀함",4.45,,,
1104,75,화산송이 바하 모공 폼 클렌징,행복한나비615,지성,"여드름, 민감성",2025.05.12,5,산뜻하게 발려서 좋아요.,"쫀쫀함, 산뜻함",4.45,,,
1105,75,화산송이 바하 모공 폼 클렌징,배부른문어64,건성,"민감성, 여드름",2026.02.04,5,산뜻하게 발려서 좋아요. 쫀쫀한 텍스처가 마음에 들어요. 추천하고 싶어요.,"산뜻함, 쫀쫀함",4.45,https://drive.google.com/file/d/1CRjWVVLOVDLN4lniwlI5U4tJpe_gzs5W/view?usp=drive_link,,
1106,75,화산송이 바하 모공 폼 클렌징,엉뚱한코알라225,지성,"민감성, 여드름",2025.08.21,5,'화산송이 바하 모공 폼 클렌징' 사용 후기예요. 산뜻하게 발려서 좋아요. 쫀쫀한 텍스처가 마음에 들어요. 다음에도 또 살 것 같아요.,"쫀쫀함, 산뜻함",4.45,,,
1107,75,화산송이 바하 모공 폼 클렌징,촉촉한수달882,건성,"민감성, 여드름",2025.08.10,5,'화산송이 바하 모공 폼 클렌징' 사용 후기예요. 쫀쫀한 텍스처가 마음에 들어요. 산뜻하게 발려서 좋아요.,"쫀쫀함, 산뜻함",4.45,https://drive.google.com/file/d/1CRjWVVLOVDLN4lniwlI5U4tJpe_gzs5W/view?usp=drive_link,,
1108,75,화산송이 바하 모공 폼 클렌징,엉뚱발랄한해달74,지성,"여드름, 민감성",2026.02.11,5,쫀쫀한 텍스처가 마음에 들어요. 산뜻하게 발려서 좋아요. 다음에도 또 살 것 같아요.,"쫀쫀함, 산뜻함",4.45,,,
1109,75,화산송이 바하 모공 폼 클렌징,엉뚱한고양이267,건성,"민감성, 여드름",2025.03.31,4,산뜻하게 발려서 좋아요. 쫀쫀한 텍스처가 마음에 들어요. 재구매 의사 있어요!,"산뜻함, 쫀쫀함",4.45,https://drive.google.com/file/d/1CRjWVVLOVDLN4lniwlI5U4tJpe_gzs5W/view?usp=drive_link,,
1110,75,화산송이 바하 모공 폼 클렌징,엉뚱한다람쥐87,지성,없음,2025.04.07,5,'화산송이 바하 모공 폼 클렌징' 사용 후기예요. 쫀쫀한 텍스처가 마음에 들어요. 산뜻하게 발려서 좋아요. 다음에도 또 살 것 같아요.,"쫀쫀함, 산뜻함",4.45,,,
1111,75,화산송이 바하 모공 폼 클렌징,촉촉한고슴도치656,지성,민감성,2025.12.01,5,'화산송이 바하 모공 폼 클렌징' 사용 후기예요. 쫀쫀한 텍스처가 마음에 들어요. 산뜻하게 발려서 좋아요. 다음에도 또 살 것 같아요.,"쫀쫀함, 산뜻함",4.45,,,
1112,75,화산송이 바하 모공 폼 클렌징,배부른호랑이115,건성,"민감성, 여드름",2026.01.29,4,'화산송이 바하 모공 폼 클렌징' 사용 후기예요. 산뜻하게 발려서 좋아요. 쫀쫀한 텍스처가 마음에 들어요. 가격도 합리적이라 좋았어요.,"산뜻함, 쫀쫀함",4.45,,,
1113,75,화산송이 바하 모공 폼 클렌징,소심한벌새897,지성,"민감성, 여드름",2026.01.21,4,쫀쫀한 텍스처가 마음에 들어요. 산뜻하게 발려서 좋아요.,"산뜻함, 쫀쫀함",4.45,https://drive.google.com/file/d/1CRjWVVLOVDLN4lniwlI5U4tJpe_gzs5W/view?usp=drive_link,https://drive.google.com/file/d/1yNKzp1_kvqoR9_4stWUT5xARoE4K8Qb-/view?usp=drive_link,
1114,75,화산송이 바하 모공 폼 클렌징,부드러운기린161,건성,여드름,2026.05.30,4,'화산송이 바하 모공 폼 클렌징' 사용 후기예요. 쫀쫀한 텍스처가 마음에 들어요.,"쫀쫀함, 산뜻함",4.45,,,
1115,78,리커버리 머드 팩투폼 클렌저,엉뚱한다람쥐870,중성,"보습, 민감성",2026.06.12,4,'리커버리 머드 팩투폼 클렌저' 사용 후기예요. 촉촉해서 만족스러워요. 만족스러운 소비였어요.,"촉촉함, 미산성",3.7,,,
1116,78,리커버리 머드 팩투폼 클렌저,말랑한부엉이835,건성,"민감성, 탄력/주름",2026.04.22,4,'리커버리 머드 팩투폼 클렌저' 사용 후기예요. 재구매는 고민중이에요.,"미산성, 촉촉함",3.7,,,
1117,78,리커버리 머드 팩투폼 클렌저,엉뚱한알파카316,수부지,없음,2026.02.08,2,촉촉해서 만족스러워요. 재구매는 안 할 것 같아요.,"미산성, 촉촉함",3.7,,,
1118,78,리커버리 머드 팩투폼 클렌저,말랑한고양이275,수부지,민감성,2026.03.26,4,'리커버리 머드 팩투폼 클렌저' 사용 후기예요. 촉촉해서 만족스러워요. 재구매는 고민중이에요.,"미산성, 촉촉함",3.7,,,
1119,78,리커버리 머드 팩투폼 클렌저,산뜻한기린357,지성,"민감성, 보습",2025.01.17,5,촉촉해서 만족스러워요.,"미산성, 촉촉함",3.7,,,
1120,78,리커버리 머드 팩투폼 클렌저,귀여운다람쥐807,중성,"보습, 민감성",2025.07.31,4,촉촉해서 만족스러워요.,"미산성, 촉촉함",3.7,https://drive.google.com/file/d/1xQYqDKvYZflOX_IU0xHs2fZf6z9wRu2B/view?usp=drive_link,,
1121,78,리커버리 머드 팩투폼 클렌저,엉뚱발랄한강아지744,수부지,"보습, 민감성",2025.11.25,2,촉촉해서 만족스러워요.,"미산성, 촉촉함",3.7,,,
1122,78,리커버리 머드 팩투폼 클렌저,든든한해달1,수부지,"보습, 민감성",2025.07.23,5,촉촉해서 만족스러워요. 추천하고 싶어요.,"촉촉함, 미산성",3.7,,,
1123,78,리커버리 머드 팩투폼 클렌저,느긋한토끼33,지성,보습,2026.04.09,4,촉촉해서 만족스러워요. 재구매 의사 있어요!,"미산성, 촉촉함",3.7,,,
1124,78,리커버리 머드 팩투폼 클렌저,활발한부엉이723,수부지,"민감성, 보습",2025.04.12,3,'리커버리 머드 팩투폼 클렌저' 사용 후기예요. 촉촉해서 만족스러워요.,"촉촉함, 미산성",3.7,,,
1125,80,그린 토마토 클레이 팩 클렌저,상냥한코알라909,건성,"보습, 모공",2025.05.03,1,촉촉해서 만족스러워요. 아쉬운 점이 많았어요.,"약알칼리성, 촉촉함",4.27,,,
1126,80,그린 토마토 클레이 팩 클렌저,몽글몽글한기린381,수부지,"보습, 민감성",2025.11.23,4,'그린 토마토 클레이 팩 클렌저' 사용 후기예요. 촉촉해서 만족스러워요.,"촉촉함, 약알칼리성",4.27,https://drive.google.com/file/d/1Giq9JpOgHUyb6djtcGLJeh4J9PTPBFzt/view?usp=drive_link,,
1127,80,그린 토마토 클레이 팩 클렌저,자유로운여우941,수부지,민감성,2026.02.08,5,촉촉해서 만족스러워요. 만족스러운 소비였어요.,"약알칼리성, 촉촉함",4.27,,,
1128,80,그린 토마토 클레이 팩 클렌저,귀여운병아리169,수부지,민감성,2026.07.30,5,촉촉해서 만족스러워요.,"촉촉함, 약알칼리성",4.27,,,
1129,80,그린 토마토 클레이 팩 클렌저,몽글몽글한다람쥐78,건성,"민감성, 보습",2025.10.14,5,다음에도 또 살 것 같아요.,"촉촉함, 약알칼리성",4.27,,,
1130,80,그린 토마토 클레이 팩 클렌저,소심한기린115,수부지,"민감성, 보습",2025.08.26,3,촉촉해서 만족스러워요. 나쁘지 않아요.,"약알칼리성, 촉촉함",4.27,https://drive.google.com/file/d/1Giq9JpOgHUyb6djtcGLJeh4J9PTPBFzt/view?usp=drive_link,,
1131,80,그린 토마토 클레이 팩 클렌저,씩씩한사자620,수부지,"민감성, 보습",2025.04.23,4,'그린 토마토 클레이 팩 클렌저' 사용 후기예요. 촉촉해서 만족스러워요. 재구매 의사 있어요!,"촉촉함, 약알칼리성",4.27,,,
1132,80,그린 토마토 클레이 팩 클렌저,잠많은토끼917,건성,"보습, 민감성",2026.06.30,5,'그린 토마토 클레이 팩 클렌저' 사용 후기예요. 촉촉해서 만족스러워요. 추천하고 싶어요.,"촉촉함, 약알칼리성",4.27,,,
1133,80,그린 토마토 클레이 팩 클렌저,게으른병아리611,건성,"민감성, 보습",2026.03.01,5,'그린 토마토 클레이 팩 클렌저' 사용 후기예요. 촉촉해서 만족스러워요. 재구매 의사 있어요!,"약알칼리성, 촉촉함",4.27,,,
1134,80,그린 토마토 클레이 팩 클렌저,용감한코알라447,건성,보습,2025.10.04,5,'그린 토마토 클레이 팩 클렌저' 사용 후기예요. 만족스러운 소비였어요.,"약알칼리성, 촉촉함",4.27,,,
1135,80,그린 토마토 클레이 팩 클렌저,부지런한고양이294,수부지,"보습, 민감성",2026.06.03,5,'그린 토마토 클레이 팩 클렌저' 사용 후기예요. 촉촉해서 만족스러워요. 추천하고 싶어요.,"약알칼리성, 촉촉함",4.27,,,
1136,81,마이크로 폼 클렌저,자유로운앵무새728,수부지,"민감성, 보습",2025.05.12,5,쫀쫀한 텍스처가 마음에 들어요.,"저자극, 쫀쫀함, 수분감",4.25,,,
1137,81,마이크로 폼 클렌저,느긋한오리1,수부지,보습,2026.09.05,5,쫀쫀한 텍스처가 마음에 들어요. 수분감이 오래가서 좋아요. 저자극이라 편하게 쓸 수 있었어요.,"저자극, 수분감, 쫀쫀함",4.25,,,
1138,81,마이크로 폼 클렌저,용감한코알라856,수부지,"민감성, 보습",2026.01.31,3,'마이크로 폼 클렌저' 사용 후기예요. 저자극이라 편하게 쓸 수 있었어요. 쫀쫀한 텍스처가 마음에 들어요. 수분감이 오래가서 좋아요. 재구매는 고민중이에요.,"쫀쫀함, 수분감, 저자극",4.25,https://drive.google.com/file/d/1VPTfn5efEadanDdo0_zSAABdgkvJjNpP/view?usp=drive_link,,
1139,81,마이크로 폼 클렌저,부지런한판다573,수부지,"보습, 민감성",2025.06.15,5,'마이크로 폼 클렌저' 사용 후기예요. 저자극이라 편하게 쓸 수 있었어요. 쫀쫀한 텍스처가 마음에 들어요. 다음에도 또 살 것 같아요.,"쫀쫀함, 수분감, 저자극",4.25,,,
1140,81,마이크로 폼 클렌저,익명의문어555,수부지,보습,2025.12.21,4,쫀쫀한 텍스처가 마음에 들어요. 수분감이 오래가서 좋아요. 재구매는 고민중이에요.,"수분감, 쫀쫀함, 저자극",4.25,,,
1141,81,마이크로 폼 클렌저,잠많은곰돌이386,수부지,"민감성, 보습",2026.09.04,0,'마이크로 폼 클렌저' 사용 후기예요. 쫀쫀한 텍스처가 마음에 들어요. 다시는 안 살 것 같아요.,"쫀쫀함, 저자극, 수분감",4.25,,,
1142,81,마이크로 폼 클렌저,자유로운앵무새131,건성,보습,2026.05.15,5,'마이크로 폼 클렌저' 사용 후기예요. 수분감이 오래가서 좋아요. 쫀쫀한 텍스처가 마음에 들어요. 가격도 합리적이라 좋았어요.,"수분감, 쫀쫀함, 저자극",4.25,https://drive.google.com/file/d/1VPTfn5efEadanDdo0_zSAABdgkvJjNpP/view?usp=drive_link,,
1143,81,마이크로 폼 클렌저,엉뚱한두더지706,수부지,민감성,2025.08.15,5,'마이크로 폼 클렌저' 사용 후기예요. 수분감이 오래가서 좋아요. 추천하고 싶어요.,"쫀쫀함, 수분감",4.25,,,
1144,81,마이크로 폼 클렌저,대담한토끼152,수부지,"보습, 민감성",2026.08.01,4,'마이크로 폼 클렌저' 사용 후기예요. 저자극이라 편하게 쓸 수 있었어요. 수분감이 오래가서 좋아요. 만족스러운 소비였어요.,"수분감, 저자극",4.25,,,
1145,81,마이크로 폼 클렌저,부드러운라쿤485,수부지,보습,2025.11.05,5,'마이크로 폼 클렌저' 사용 후기예요. 저자극이라 편하게 쓸 수 있었어요. 수분감이 오래가서 좋아요. 쫀쫀한 텍스처가 마음에 들어요. 만족스러운 소비였어요.,"수분감, 저자극, 쫀쫀함",4.25,,,
1146,81,마이크로 폼 클렌저,씩씩한해달324,수부지,민감성,2026.02.08,4,'마이크로 폼 클렌저' 사용 후기예요. 저자극이라 편하게 쓸 수 있었어요. 쫀쫀한 텍스처가 마음에 들어요. 가격도 합리적이라 좋았어요.,"저자극, 수분감, 쫀쫀함",4.25,,,
1147,81,마이크로 폼 클렌저,사랑스런거북이708,수부지,"보습, 민감성",2025.05.28,4,저자극이라 편하게 쓸 수 있었어요. 만족스러운 소비였어요.,"쫀쫀함, 저자극, 수분감",4.25,,,
1148,81,마이크로 폼 클렌저,용감한부엉이990,수부지,민감성,2025.06.19,5,저자극이라 편하게 쓸 수 있었어요. 가격도 합리적이라 좋았어요.,"수분감, 저자극, 쫀쫀함",4.25,,,
1149,81,마이크로 폼 클렌저,부지런한벌새21,건성,"민감성, 보습",2025.07.09,4,수분감이 오래가서 좋아요. 쫀쫀한 텍스처가 마음에 들어요. 저자극이라 편하게 쓸 수 있었어요.,"저자극, 쫀쫀함, 수분감",4.25,https://drive.google.com/file/d/1xQYqDKvYZflOX_IU0xHs2fZf6z9wRu2B/view?usp=drive_link,,
1150,81,마이크로 폼 클렌저,씩씩한수달278,수부지,"민감성, 보습",2025.08.25,5,'마이크로 폼 클렌저' 사용 후기예요. 저자극이라 편하게 쓸 수 있었어요. 다음에도 또 살 것 같아요.,"저자극, 쫀쫀함",4.25,,,
1151,81,마이크로 폼 클렌저,든든한알파카527,수부지,민감성,2025.05.02,5,저자극이라 편하게 쓸 수 있었어요. 재구매 의사 있어요!,"저자극, 수분감, 쫀쫀함",4.25,,,
1152,82,아토베리어365 클렌징폼,씩씩한고양이941,수부지,"민감성, 보습",2026.03.17,5,수분감이 오래가서 좋아요. 향이 거의 없어서 부담 없어요. 다음에도 또 살 것 같아요.,"무향, 수분감",4.4,,,
1153,82,아토베리어365 클렌징폼,새침한여우59,건성,"보습, 민감성",2026.02.25,4,'아토베리어365 클렌징폼' 사용 후기예요. 향이 거의 없어서 부담 없어요. 수분감이 오래가서 좋아요. 가격도 합리적이라 좋았어요.,"무향, 수분감",4.4,,,
1154,82,아토베리어365 클렌징폼,든든한오리68,수부지,"민감성, 보습",2026.03.13,5,'아토베리어365 클렌징폼' 사용 후기예요. 저자극이라 편하게 쓸 수 있었어요. 향이 거의 없어서 부담 없어요. 수분감이 오래가서 좋아요.,"저자극, 무향, 향료 무첨가, 수분감",4.4,https://drive.google.com/file/d/1B2kHVuDE5KDECGxInlZWrrQ8oK6cCD3W/view?usp=drive_link,,
1155,82,아토베리어365 클렌징폼,행복한두더지397,건성,"보습, 민감성",2025.04.24,4,'아토베리어365 클렌징폼' 사용 후기예요. 향료가 첨가되지 않았어요. 재구매 의사 있어요!,"향료 무첨가, 수분감, 무향, 저자극",4.4,,,
1156,82,아토베리어365 클렌징폼,용감한두더지757,수부지,"민감성, 보습",2026.07.11,5,'아토베리어365 클렌징폼' 사용 후기예요. 저자극이라 편하게 쓸 수 있었어요. 향이 거의 없어서 부담 없어요. 재구매 의사 있어요!,"향료 무첨가, 저자극, 무향, 수분감",4.4,,,
1157,82,아토베리어365 클렌징폼,게으른고래607,건성,없음,2026.04.13,4,저자극이라 편하게 쓸 수 있었어요. 수분감이 오래가서 좋아요. 재구매는 고민중이에요.,"저자극, 수분감",4.4,,,
1158,82,아토베리어365 클렌징폼,대담한토끼646,건성,"민감성, 보습",2026.06.22,3,저자극이라 편하게 쓸 수 있었어요. 재구매는 고민중이에요.,"수분감, 저자극, 향료 무첨가",4.4,,,
1159,82,아토베리어365 클렌징폼,귀여운오리684,건성,"보습, 민감성",2025.09.21,5,향료가 첨가되지 않았어요. 만족스러운 소비였어요.,"수분감, 향료 무첨가, 무향, 저자극",4.4,,,
1160,82,아토베리어365 클렌징폼,평범한여우599,수부지,"보습, 민감성",2026.05.31,5,'아토베리어365 클렌징폼' 사용 후기예요. 향료가 첨가되지 않았어요. 저자극이라 편하게 쓸 수 있었어요. 만족스러운 소비였어요.,"향료 무첨가, 저자극",4.4,,,
1161,82,아토베리어365 클렌징폼,상큼한강아지323,건성,보습,2025.08.06,5,'아토베리어365 클렌징폼' 사용 후기예요. 저자극이라 편하게 쓸 수 있었어요. 향료가 첨가되지 않았어요. 향이 거의 없어서 부담 없어요.,"저자극, 향료 무첨가, 무향",4.4,,,
1162,82,아토베리어365 클렌징폼,몽글몽글한알파카855,건성,"민감성, 보습",2025.08.18,5,향료가 첨가되지 않았어요. 추천하고 싶어요.,"향료 무첨가, 저자극",4.4,https://drive.google.com/file/d/1B2kHVuDE5KDECGxInlZWrrQ8oK6cCD3W/view?usp=drive_link,,
1163,82,아토베리어365 클렌징폼,행복한물개983,건성,"보습, 민감성",2026.04.13,5,'아토베리어365 클렌징폼' 사용 후기예요. 향료가 첨가되지 않았어요. 수분감이 오래가서 좋아요. 저자극이라 편하게 쓸 수 있었어요. 추천하고 싶어요.,"수분감, 향료 무첨가, 저자극",4.4,,,
1164,82,아토베리어365 클렌징폼,잠많은알파카264,건성,민감성,2025.01.19,4,'아토베리어365 클렌징폼' 사용 후기예요. 수분감이 오래가서 좋아요. 가격도 합리적이라 좋았어요.,"수분감, 저자극",4.4,,,
1165,82,아토베리어365 클렌징폼,귀여운코알라925,건성,보습,2026.02.16,4,향료가 첨가되지 않았어요.,"수분감, 향료 무첨가, 저자극",4.4,,,
1166,82,아토베리어365 클렌징폼,게으른거북이825,수부지,"보습, 민감성",2025.04.09,4,'아토베리어365 클렌징폼' 사용 후기예요. 향이 거의 없어서 부담 없어요. 재구매는 고민중이에요.,"수분감, 무향, 저자극",4.4,,,
1167,82,아토베리어365 클렌징폼,씩씩한거북이987,건성,"보습, 민감성",2026.07.16,5,저자극이라 편하게 쓸 수 있었어요. 향료가 첨가되지 않았어요. 수분감이 오래가서 좋아요. 추천하고 싶어요.,"수분감, 저자극, 향료 무첨가",4.4,,,
1168,82,아토베리어365 클렌징폼,씩씩한알파카305,건성,"민감성, 모공",2026.05.08,5,향료가 첨가되지 않았어요. 향이 거의 없어서 부담 없어요.,"수분감, 향료 무첨가, 저자극, 무향",4.4,https://drive.google.com/file/d/1yUGIuLKAJ2xcyBHqDtTee7D4oPSTL59d/view?usp=drive_link,https://drive.google.com/file/d/14rYhgNvCN8-LOqFr-cXbNeZDbQ7fi5lO/view?usp=drive_link,
1169,82,아토베리어365 클렌징폼,귀여운병아리103,건성,"보습, 민감성, 모공",2025.05.31,5,'아토베리어365 클렌징폼' 사용 후기예요. 저자극이라 편하게 쓸 수 있었어요. 향이 거의 없어서 부담 없어요. 향료가 첨가되지 않았어요.,"향료 무첨가, 저자극, 무향, 수분감",4.4,,,
1170,82,아토베리어365 클렌징폼,익명의나비346,수부지,"보습, 민감성, 여드름",2026.03.31,5,수분감이 오래가서 좋아요. 향료가 첨가되지 않았어요. 추천하고 싶어요.,"수분감, 향료 무첨가",4.4,,,
1171,82,아토베리어365 클렌징폼,촉촉한얼룩말718,건성,"보습, 민감성",2025.08.03,1,향료가 첨가되지 않았어요. 재구매 의사는 없어요.,"저자극, 향료 무첨가",4.4,,,
1172,83,PDRN 히알루론산 수분 클렌징 폼,조용한토끼1,수부지,"미백/잡티, 모공",2025.12.28,5,향료가 첨가되지 않았어요. 향이 거의 없어서 부담 없어요. 수분감이 오래가서 좋아요.,"무향, 저자극, 수분감, 향료 무첨가",4.71,https://drive.google.com/file/d/1PjKoEq-FxWnxbP4pxhKp-qiBix3XEB3J/view?usp=drive_link,,
1173,83,PDRN 히알루론산 수분 클렌징 폼,행복한고슴도치230,건성,"보습, 미백/잡티",2025.06.04,5,'PDRN 히알루론산 수분 클렌징 폼' 사용 후기예요. 수분감이 오래가서 좋아요. 향이 거의 없어서 부담 없어요. 저자극이라 편하게 쓸 수 있었어요. 추천하고 싶어요.,"무향, 향료 무첨가, 저자극, 수분감",4.71,https://drive.google.com/file/d/1owsaTuig4MbwuT9lU5fm9D_avaQ47pJg/view?usp=drive_link,,
1174,83,PDRN 히알루론산 수분 클렌징 폼,엉뚱발랄한두더지950,건성,탄력/주름,2026.04.17,5,저자극이라 편하게 쓸 수 있었어요. 향이 거의 없어서 부담 없어요. 다음에도 또 살 것 같아요.,"무향, 저자극, 향료 무첨가",4.71,,,
1175,83,PDRN 히알루론산 수분 클렌징 폼,귀여운고양이705,수부지,"탄력/주름, 보습, 미백/잡티",2025.05.09,5,'PDRN 히알루론산 수분 클렌징 폼' 사용 후기예요. 저자극이라 편하게 쓸 수 있었어요. 향료가 첨가되지 않았어요. 재구매 의사 있어요!,"향료 무첨가, 저자극",4.71,https://drive.google.com/file/d/1PjKoEq-FxWnxbP4pxhKp-qiBix3XEB3J/view?usp=drive_link,https://drive.google.com/file/d/1owsaTuig4MbwuT9lU5fm9D_avaQ47pJg/view?usp=drive_link,
1176,83,PDRN 히알루론산 수분 클렌징 폼,자유로운사자750,수부지,미백/잡티,2025.02.16,3,'PDRN 히알루론산 수분 클렌징 폼' 사용 후기예요. 수분감이 오래가서 좋아요. 향이 거의 없어서 부담 없어요.,"수분감, 무향",4.71,https://drive.google.com/file/d/1PjKoEq-FxWnxbP4pxhKp-qiBix3XEB3J/view?usp=drive_link,,
1177,83,PDRN 히알루론산 수분 클렌징 폼,부지런한코알라794,수부지,"보습, 미백/잡티",2026.02.16,5,향료가 첨가되지 않았어요. 저자극이라 편하게 쓸 수 있었어요. 추천하고 싶어요.,"향료 무첨가, 저자극, 수분감, 무향",4.71,,,
1178,83,PDRN 히알루론산 수분 클렌징 폼,산뜻한물개587,수부지,보습,2026.08.27,5,'PDRN 히알루론산 수분 클렌징 폼' 사용 후기예요. 향료가 첨가되지 않았어요. 수분감이 오래가서 좋아요. 다음에도 또 살 것 같아요.,"무향, 향료 무첨가, 저자극, 수분감",4.71,,,
1179,85,아크네 폼 클렌저 어성초 폼,엉뚱한호랑이847,지성,"여드름, 민감성",2025.07.25,4,저자극이라 편하게 쓸 수 있었어요. 향료가 첨가되지 않았어요.,"향료 무첨가, 무향, 저자극, 수분감",4,,,
1180,85,아크네 폼 클렌저 어성초 폼,대담한토끼507,복합성,"민감성, 여드름",2025.01.25,4,수분감이 오래가서 좋아요. 저자극이라 편하게 쓸 수 있었어요. 재구매 의사 있어요!,"저자극, 무향, 향료 무첨가, 수분감",4,,,
1181,85,아크네 폼 클렌저 어성초 폼,소심한고양이379,지성,"여드름, 민감성",2026.04.13,3,'아크네 폼 클렌저 어성초 폼' 사용 후기예요. 수분감이 오래가서 좋아요. 저자극이라 편하게 쓸 수 있었어요.,"향료 무첨가, 무향, 수분감, 저자극",4,,,
1182,85,아크네 폼 클렌저 어성초 폼,귀여운물개532,복합성,"민감성, 여드름",2026.05.10,5,'아크네 폼 클렌저 어성초 폼' 사용 후기예요. 수분감이 오래가서 좋아요. 만족스러운 소비였어요.,"수분감, 무향, 향료 무첨가, 저자극",4,https://drive.google.com/file/d/1B2kHVuDE5KDECGxInlZWrrQ8oK6cCD3W/view?usp=drive_link,,
1183,85,아크네 폼 클렌저 어성초 폼,부드러운해달584,지성,민감성,2025.05.02,3,향료가 첨가되지 않았어요. 저자극이라 편하게 쓸 수 있었어요. 그냥 무난하게 쓰고 있어요.,"향료 무첨가, 저자극",4,,,
1184,85,아크네 폼 클렌저 어성초 폼,익명의펭귄938,복합성,"여드름, 민감성",2025.06.16,3,'아크네 폼 클렌저 어성초 폼' 사용 후기예요. 향이 거의 없어서 부담 없어요. 수분감이 오래가서 좋아요. 저자극이라 편하게 쓸 수 있었어요. 재구매는 고민중이에요.,"수분감, 저자극, 향료 무첨가, 무향",4,,,
1185,85,아크네 폼 클렌저 어성초 폼,말랑한벌새638,복합성,"민감성, 여드름",2026.05.15,4,'아크네 폼 클렌저 어성초 폼' 사용 후기예요. 향료가 첨가되지 않았어요. 만족스러운 소비였어요.,"향료 무첨가, 저자극",4,,,
1186,85,아크네 폼 클렌저 어성초 폼,활발한병아리231,지성,민감성,2025.03.04,4,'아크네 폼 클렌저 어성초 폼' 사용 후기예요. 저자극이라 편하게 쓸 수 있었어요. 향료가 첨가되지 않았어요. 재구매는 고민중이에요.,"향료 무첨가, 수분감, 무향, 저자극",4,https://drive.google.com/file/d/1B2kHVuDE5KDECGxInlZWrrQ8oK6cCD3W/view?usp=drive_link,,
1187,85,아크네 폼 클렌저 어성초 폼,든든한곰돌이131,복합성,민감성,2026.04.30,4,'아크네 폼 클렌저 어성초 폼' 사용 후기예요. 향료가 첨가되지 않았어요. 수분감이 오래가서 좋아요. 만족스러운 소비였어요.,"저자극, 수분감, 향료 무첨가, 무향",4,,,
1188,85,아크네 폼 클렌저 어성초 폼,사랑스런호랑이886,복합성,없음,2026.01.31,4,수분감이 오래가서 좋아요. 저자극이라 편하게 쓸 수 있었어요. 재구매는 고민중이에요.,"저자극, 수분감, 무향",4,,,
1189,85,아크네 폼 클렌저 어성초 폼,새침한곰돌이746,지성,"여드름, 민감성",2025.05.26,4,'아크네 폼 클렌저 어성초 폼' 사용 후기예요. 향이 거의 없어서 부담 없어요. 저자극이라 편하게 쓸 수 있었어요.,"저자극, 수분감, 무향, 향료 무첨가",4,,,
1190,85,아크네 폼 클렌저 어성초 폼,행복한수달826,지성,"민감성, 여드름",2025.04.22,4,수분감이 오래가서 좋아요. 향료가 첨가되지 않았어요. 만족스러운 소비였어요.,"무향, 수분감, 향료 무첨가",4,,,
1191,85,아크네 폼 클렌저 어성초 폼,부드러운사자295,지성,"민감성, 여드름",2025.11.16,4,'아크네 폼 클렌저 어성초 폼' 사용 후기예요. 향료가 첨가되지 않았어요. 만족스러운 소비였어요.,"향료 무첨가, 저자극",4,https://drive.google.com/file/d/1DVkfwY3T5Qlt2dyvCL2tpCqnN1H4zowp/view?usp=drive_link,,
1192,85,아크네 폼 클렌저 어성초 폼,평범한강아지443,복합성,"민감성, 여드름",2025.12.12,5,'아크네 폼 클렌저 어성초 폼' 사용 후기예요. 수분감이 오래가서 좋아요. 향이 거의 없어서 부담 없어요. 추천하고 싶어요.,"수분감, 무향",4,,,
1193,85,아크네 폼 클렌저 어성초 폼,부드러운벌새447,지성,여드름,2025.12.30,5,향료가 첨가되지 않았어요. 저자극이라 편하게 쓸 수 있었어요. 재구매 의사 있어요!,"저자극, 향료 무첨가",4,,,
1194,85,아크네 폼 클렌저 어성초 폼,소심한문어113,지성,"민감성, 여드름",2026.04.05,4,향료가 첨가되지 않았어요. 가격도 합리적이라 좋았어요.,"향료 무첨가, 수분감",4,https://drive.google.com/file/d/1DVkfwY3T5Qlt2dyvCL2tpCqnN1H4zowp/view?usp=drive_link,,
1195,85,아크네 폼 클렌저 어성초 폼,명랑한판다386,복합성,민감성,2026.05.06,4,'아크네 폼 클렌저 어성초 폼' 사용 후기예요. 저자극이라 편하게 쓸 수 있었어요. 향이 거의 없어서 부담 없어요. 수분감이 오래가서 좋아요. 재구매는 고민중이에요.,"향료 무첨가, 저자극, 수분감, 무향",4,,,
1196,85,아크네 폼 클렌저 어성초 폼,든든한호랑이168,지성,여드름,2025.09.05,4,향료가 첨가되지 않았어요. 향이 거의 없어서 부담 없어요. 저자극이라 편하게 쓸 수 있었어요. 재구매 의사 있어요!,"저자극, 무향, 수분감, 향료 무첨가",4,,,
1197,86,아미노산 쌀 도우 클렌징 폼,소심한토끼377,건성,"보습, 여드름",2026.05.31,5,수분감이 오래가서 좋아요. 쫀쫀한 텍스처가 마음에 들어요. 만족스러운 소비였어요.,"수분감, 쫀쫀함",4.62,,,
1198,86,아미노산 쌀 도우 클렌징 폼,배부른앵무새550,건성,보습,2025.01.09,5,쫀쫀한 텍스처가 마음에 들어요. 추천하고 싶어요.,"수분감, 쫀쫀함, 무향",4.62,,,
1199,86,아미노산 쌀 도우 클렌징 폼,게으른고양이288,수부지,없음,2025.02.26,5,향이 거의 없어서 부담 없어요. 수분감이 오래가서 좋아요. 쫀쫀한 텍스처가 마음에 들어요. 가격도 합리적이라 좋았어요.,"무향, 쫀쫀함, 수분감",4.62,,,
1200,86,아미노산 쌀 도우 클렌징 폼,엉뚱발랄한알파카451,건성,보습,2025.04.30,5,'아미노산 쌀 도우 클렌징 폼' 사용 후기예요. 수분감이 오래가서 좋아요. 쫀쫀한 텍스처가 마음에 들어요.,"수분감, 쫀쫀함",4.62,https://drive.google.com/file/d/19Tc7qiERZppFCpoC5gyDR89Sar8pYOiy/view?usp=drive_link,,
1201,86,아미노산 쌀 도우 클렌징 폼,사랑스런알파카860,건성,없음,2025.05.31,5,'아미노산 쌀 도우 클렌징 폼' 사용 후기예요. 쫀쫀한 텍스처가 마음에 들어요. 수분감이 오래가서 좋아요. 향이 거의 없어서 부담 없어요. 가격도 합리적이라 좋았어요.,"무향, 수분감, 쫀쫀함",4.62,,,
1202,86,아미노산 쌀 도우 클렌징 폼,배부른앵무새364,건성,"보습, 피지/블랙헤드",2025.08.26,4,쫀쫀한 텍스처가 마음에 들어요. 만족스러운 소비였어요.,"쫀쫀함, 무향, 수분감",4.62,,,
1203,86,아미노산 쌀 도우 클렌징 폼,느긋한하마820,건성,없음,2026.01.31,4,향이 거의 없어서 부담 없어요. 재구매 의사 있어요!,"무향, 수분감, 쫀쫀함",4.62,,,
1204,86,아미노산 쌀 도우 클렌징 폼,잠많은사자13,수부지,보습,2025.12.08,4,쫀쫀한 텍스처가 마음에 들어요.,"수분감, 쫀쫀함",4.62,,,
1205,87,어니언 뉴페어 클렌징 폼,평범한병아리327,건성,보습,2025.06.18,5,'어니언 뉴페어 클렌징 폼' 사용 후기예요. 향이 거의 없어서 부담 없어요. 저자극이라 편하게 쓸 수 있었어요. 수분감이 오래가서 좋아요. 재구매 의사 있어요!,"산뜻함, 무향, 향료 무첨가, 저자극, 수분감",4.29,,,
1206,87,어니언 뉴페어 클렌징 폼,대담한사자793,건성,"여드름, 보습",2025.04.01,5,산뜻하게 발려서 좋아요. 수분감이 오래가서 좋아요. 재구매 의사 있어요!,"무향, 수분감, 산뜻함, 향료 무첨가",4.29,,,
1207,87,어니언 뉴페어 클렌징 폼,조용한해달749,건성,보습,2025.02.06,4,'어니언 뉴페어 클렌징 폼' 사용 후기예요. 향료가 첨가되지 않았어요. 향이 거의 없어서 부담 없어요. 재구매는 고민중이에요.,"무향, 향료 무첨가",4.29,,,
1208,87,어니언 뉴페어 클렌징 폼,사랑스런기린362,복합성,없음,2026.09.14,3,'어니언 뉴페어 클렌징 폼' 사용 후기예요. 저자극이라 편하게 쓸 수 있었어요. 향료가 첨가되지 않았어요. 향이 거의 없어서 부담 없어요. 재구매는 고민중이에요.,"무향, 저자극, 향료 무첨가, 산뜻함, 수분감",4.29,https://drive.google.com/file/d/1B2kHVuDE5KDECGxInlZWrrQ8oK6cCD3W/view?usp=drive_link,,
1209,87,어니언 뉴페어 클렌징 폼,대담한거북이639,복합성,보습,2026.05.20,3,향료가 첨가되지 않았어요. 수분감이 오래가서 좋아요. 나쁘지 않아요.,"산뜻함, 향료 무첨가, 수분감, 저자극, 무향",4.29,,,
1210,87,어니언 뉴페어 클렌징 폼,자유로운호랑이248,복합성,여드름,2025.04.24,5,'어니언 뉴페어 클렌징 폼' 사용 후기예요. 수분감이 오래가서 좋아요. 다음에도 또 살 것 같아요.,"수분감, 산뜻함",4.29,,,
1211,87,어니언 뉴페어 클렌징 폼,잠많은코알라408,건성,없음,2025.09.02,5,수분감이 오래가서 좋아요. 향료가 첨가되지 않았어요. 추천하고 싶어요.,"산뜻함, 수분감, 향료 무첨가, 저자극",4.29,,,
1212,89,프레시 클렌저 [그린],말랑한코알라906,복합성,"모공, 피지/블랙헤드",2025.07.07,5,'프레시 클렌저 [그린]' 사용 후기예요. 쫀쫀한 텍스처가 마음에 들어요. 미세 알갱이가 느껴지는데 재밌는 사용감이에요. 재구매 의사 있어요!,"알갱이, 매끈한 피부결, 쫀쫀함",3.67,https://drive.google.com/file/d/1sstvR-KdYfBgnNkNCEfl-NRJzNKe7Mgd/view?usp=drive_link,,
1213,89,프레시 클렌저 [그린],씩씩한고래853,복합성,"모공, 피지/블랙헤드",2026.04.16,3,쫀쫀한 텍스처가 마음에 들어요. 미세 알갱이가 느껴지는데 재밌는 사용감이에요.,"쫀쫀함, 알갱이",3.67,https://drive.google.com/file/d/1AEI2qA-9zzAQ_6JLCtzjo2sx_xSnO8w1/view?usp=drive_link,,
1214,89,프레시 클렌저 [그린],씩씩한하마453,복합성,"모공, 피지/블랙헤드",2026.01.13,5,'프레시 클렌저 [그린]' 사용 후기예요. 피부 결이 매끈해지는 느낌이에요. 미세 알갱이가 느껴지는데 재밌는 사용감이에요. 쫀쫀한 텍스처가 마음에 들어요. 추천하고 싶어요.,"쫀쫀함, 알갱이, 매끈한 피부결",3.67,,,
1215,89,프레시 클렌저 [그린],대담한고슴도치329,지성,"피지/블랙헤드, 모공",2025.06.20,5,'프레시 클렌저 [그린]' 사용 후기예요. 쫀쫀한 텍스처가 마음에 들어요. 재구매 의사 있어요!,"쫀쫀함, 알갱이, 매끈한 피부결",3.67,https://drive.google.com/file/d/1sstvR-KdYfBgnNkNCEfl-NRJzNKe7Mgd/view?usp=drive_link,,
1216,89,프레시 클렌저 [그린],몽글몽글한거북이947,지성,모공,2026.03.07,4,쫀쫀한 텍스처가 마음에 들어요. 피부 결이 매끈해지는 느낌이에요. 미세 알갱이가 느껴지는데 재밌는 사용감이에요.,"알갱이, 매끈한 피부결, 쫀쫀함",3.67,,,
1217,89,프레시 클렌저 [그린],몽글몽글한코알라840,복합성,"피지/블랙헤드, 모공",2026.05.13,0,'프레시 클렌저 [그린]' 사용 후기예요. 피부 결이 매끈해지는 느낌이에요. 미세 알갱이가 느껴지는데 재밌는 사용감이에요. 쫀쫀한 텍스처가 마음에 들어요. 저와는 맞지 않았어요.,"매끈한 피부결, 쫀쫀함, 알갱이",3.67,,,
1218,90,순정 약산성 6.5 휩 클렌저,명랑한호랑이198,건성,"민감성, 보습",2025.01.11,3,'순정 약산성 6.5 휩 클렌저' 사용 후기예요. 향이 거의 없어서 부담 없어요. 수분감이 오래가서 좋아요. 그냥 무난하게 쓰고 있어요.,"수분감, 무향, 향료 무첨가, 저자극",3.86,,,
1219,90,순정 약산성 6.5 휩 클렌저,명랑한라쿤341,수부지,"보습, 민감성",2025.03.25,5,'순정 약산성 6.5 휩 클렌저' 사용 후기예요. 향료가 첨가되지 않았어요. 수분감이 오래가서 좋아요. 가격도 합리적이라 좋았어요.,"향료 무첨가, 수분감",3.86,,,
1220,90,순정 약산성 6.5 휩 클렌저,조용한오리995,수부지,"보습, 민감성",2025.01.14,4,수분감이 오래가서 좋아요. 가격도 합리적이라 좋았어요.,"향료 무첨가, 수분감",3.86,,,
1221,90,순정 약산성 6.5 휩 클렌저,상큼한다람쥐854,건성,보습,2026.06.06,1,향료가 첨가되지 않았어요. 재구매 의사는 없어요.,"향료 무첨가, 저자극, 무향, 수분감",3.86,https://drive.google.com/file/d/1Giq9JpOgHUyb6djtcGLJeh4J9PTPBFzt/view?usp=drive_link,,
1222,90,순정 약산성 6.5 휩 클렌저,엉뚱한얼룩말29,건성,"민감성, 보습",2025.11.06,4,수분감이 오래가서 좋아요. 향이 거의 없어서 부담 없어요. 가격도 합리적이라 좋았어요.,"향료 무첨가, 수분감, 무향",3.86,,,
1223,90,순정 약산성 6.5 휩 클렌저,명랑한해달778,수부지,보습,2025.04.23,5,저자극이라 편하게 쓸 수 있었어요. 향이 거의 없어서 부담 없어요. 가격도 합리적이라 좋았어요.,"저자극, 무향, 수분감, 향료 무첨가",3.86,,,
1224,90,순정 약산성 6.5 휩 클렌저,새침한병아리763,수부지,"보습, 민감성",2025.08.12,5,향료가 첨가되지 않았어요. 수분감이 오래가서 좋아요. 추천하고 싶어요.,"수분감, 무향, 저자극, 향료 무첨가",3.86,,,
1225,90,순정 약산성 6.5 휩 클렌저,배부른곰돌이38,건성,"민감성, 보습",2025.03.01,4,'순정 약산성 6.5 휩 클렌저' 사용 후기예요. 수분감이 오래가서 좋아요.,"수분감, 향료 무첨가, 저자극",3.86,https://drive.google.com/file/d/1Giq9JpOgHUyb6djtcGLJeh4J9PTPBFzt/view?usp=drive_link,,
1226,90,순정 약산성 6.5 휩 클렌저,게으른오리108,수부지,"보습, 민감성",2025.12.11,4,향이 거의 없어서 부담 없어요. 재구매는 고민중이에요.,"무향, 저자극, 향료 무첨가",3.86,,,
1227,90,순정 약산성 6.5 휩 클렌저,새침한사자690,수부지,보습,2025.08.21,3,수분감이 오래가서 좋아요. 향이 거의 없어서 부담 없어요.,"향료 무첨가, 수분감, 저자극, 무향",3.86,,,
1228,90,순정 약산성 6.5 휩 클렌저,용감한두더지907,건성,"보습, 민감성",2025.07.02,4,'순정 약산성 6.5 휩 클렌저' 사용 후기예요. 향이 거의 없어서 부담 없어요. 가격도 합리적이라 좋았어요.,"수분감, 향료 무첨가, 무향, 저자극",3.86,,,
1229,90,순정 약산성 6.5 휩 클렌저,엉뚱한두더지253,수부지,민감성,2026.06.28,4,'순정 약산성 6.5 휩 클렌저' 사용 후기예요. 저자극이라 편하게 쓸 수 있었어요. 향이 거의 없어서 부담 없어요. 향료가 첨가되지 않았어요.,"저자극, 향료 무첨가, 무향, 수분감",3.86,,,
1230,90,순정 약산성 6.5 휩 클렌저,익명의판다412,수부지,없음,2025.05.31,5,향이 거의 없어서 부담 없어요. 향료가 첨가되지 않았어요. 재구매 의사 있어요!,"향료 무첨가, 무향",3.86,,,
1231,90,순정 약산성 6.5 휩 클렌저,촉촉한물개654,수부지,"민감성, 보습",2025.11.13,3,'순정 약산성 6.5 휩 클렌저' 사용 후기예요. 향이 거의 없어서 부담 없어요. 향료가 첨가되지 않았어요. 재구매는 고민중이에요.,"향료 무첨가, 저자극, 무향",3.86,,,