제품 ID,제품명,가격(원),브랜드명,제품 카테고리,용량,나이대 추천순,피부 타입 적합도,주의 타입,피부 고민,사용감 태그,제품 특징 태그,전성분,주요 성분,출처,,,,,,,,,,,,,,,,,,,,,,,,,,,,,,,,,,,,,,,,,,,,,,,,,,,,,,,,,,,,,,,,,,,,,,,,,,,,,,,,,,,,,,,,,,,,,,,,,,,,,,,,,,,,,,,,,,,,,,,,,,,,,,,,,,,,,,,,,,,,,,,,,,,,,,,,,,,,,,,,,,,,,,,,,,,,,,,,,,,,,,,,,,,,,,,,,,,,,,,,,,,,,,,,,,,,,,,,,,,,,,,,,,,,,,,,,,,,,,,,,,,,,,,,,,,,,,,,,,,,,,,,,,,,,,,,,,,,,,,,,,,,,,,,,,,,,,,,,,,,,,,,,,,,,,,,,,,,,,,,,,,,,,,,,,,,,,,,,,,,,,,,,,,,,,,,,,,,,,,,,,,,,,,,,,,,,,,,,,,,,,,,,,,,,,,,,,,,,,,,,,,,,,,,,,,,,,,,,,,,,,,,,,,,,,,,,,,,,,,,,,,,,,,,,,,,,,,,,,,,,,,,,,,,,,,,,,,,
1,원더 세라마이드 모찌 토너,"15,300",토니모리,토너,500,"30대(100), 40대 이상(75), 20대(50), 10대(25)","건성(적극 추천), 복합성(추천), 중성(추천), 수부지(조건부 추천), 지성(주의)","지성(3), 수부지(1)",보습(3),"촉촉함, 쫀쫀함, 수분감, 매끈한 피부결, 발림성, 겉돌지 않음","파라벤 무첨가, 실리콘 무첨가, 에탄올 무첨가, 합성색소 무첨가, 대용량, 데일리 케어, 겨울용","정제수, 다이프로필렌글라이콜, 글리세린, 펜타에리스리틸테트라아이소스테아레이트, 프로판다이올, 폴리글리세린-3, 마카다미아씨오일, 하이드록시아세토페논, 하이드록시에틸아크릴레이트/소듐아크릴로일다이메틸타우레이트코폴리머, 하이드로제네이티드폴리(C6-14올레핀), 하이드로제네이티드폴리데센, 에틸헥실글리세린, 알란토인, 스타이렌/브이피코폴리머, 판테놀, 아크릴레이트/C10-30알킬아크릴레이트크로스폴리머, 트로메타민, *리모넨, 소듐파이테이트, *리날룰, 폴리솔베이트60, 솔비탄아이소스테아레이트, 라반딘오일, 센티드제라늄꽃오일, 멕시칸주니퍼오일, 아이소펜틸다이올, 라벤더오일, 부틸렌글라이콜, 병풀추출물, 레몬껍질오일, 폴리글리세릴-4올리에이트, 세라마이드엔피(5,000 ppb), 수크로오스팔미테이트, 1,2-헥산다이올","세라마이드엔피, 판테놀, 알란토인, 병풀추출물, 마카다미아씨오일",https://tonymoly.com/products/wonder-ceramide-mochi-toner.do?i_sProductcd=TM20250324000150898,,,,,,,,,,,,,,,,,,,,,,,,,,,,,,,,,,,,,,,,,,,,,,,,,,,,,,,,,,,,,,,,,,,,,,,,,,,,,,,,,,,,,,,,,,,,,,,,,,,,,,,,,,,,,,,,,,,,,,,,,,,,,,,,,,,,,,,,,,,,,,,,,,,,,,,,,,,,,,,,,,,,,,,,,,,,,,,,,,,,,,,,,,,,,,,,,,,,,,,,,,,,,,,,,,,,,,,,,,,,,,,,,,,,,,,,,,,,,,,,,,,,,,,,,,,,,,,,,,,,,,,,,,,,,,,,,,,,,,,,,,,,,,,,,,,,,,,,,,,,,,,,,,,,,,,,,,,,,,,,,,,,,,,,,,,,,,,,,,,,,,,,,,,,,,,,,,,,,,,,,,,,,,,,,,,,,,,,,,,,,,,,,,,,,,,,,,,,,,,,,,,,,,,,,,,,,,,,,,,,,,,,,,,,,,,,,,,,,,,,,,,,,,,,,,,,,,,,,,,,,,,,,,,,,,,,,,,,
2,아쿠아 오아시스 토너,"18,500",에스네이처,토너,300,"20대(100), 10대(75), 30대(50), 40대 이상(25)","수부지(적극 추천), 지성(추천), 복합성(추천), 중성(추천), 건성(조건부 추천)",건성(2),"보습(3), 피지/블랙헤드(2)","가벼움, 발림성, 끈적임 적음, 산뜻함, 수분감, 빠른 흡수","파라벤 무첨가, 실리콘 무첨가, 에탄올 무첨가, 합성색소 무첨가, 대용량, 데일리 케어, 메이크업 전 사용","정제수, 다이프로필렌글라이콜, 부틸렌글라이콜, 글리세린, 1,2-헥산다이올, 베타인, 판테놀, 알란토인, 파파야열매추출물, 글루코노락톤, 자일리틸글루코사이드, 안하이드로자일리톨, 자일리톨, 소듐하이알루로네이트, 글루코오스, 파파인, 하이드록시프로필트라이모늄하이알루로네이트, 소듐아세틸레이티드하이알루로네이트, 하이드롤라이즈드하이알루로닉애씨드, 하이알루로닉애씨드, 하이드롤라이즈드소듐하이알루로네이트, 소듐하이알루로네이트크로스폴리머, 포타슘하이알루로네이트, 글리세릴아크릴레이트/아크릴릭애씨드코폴리머, 피브이엠/엠에이코폴리머","복합 히알루론산, 판테놀, 베타인, 알란토인, 글루코노락톤, 파파인",https://snature.kr/product/아쿠아-오아시스-토너-300ml/79/,,,,,,,,,,,,,,,,,,,,,,,,,,,,,,,,,,,,,,,,,,,,,,,,,,,,,,,,,,,,,,,,,,,,,,,,,,,,,,,,,,,,,,,,,,,,,,,,,,,,,,,,,,,,,,,,,,,,,,,,,,,,,,,,,,,,,,,,,,,,,,,,,,,,,,,,,,,,,,,,,,,,,,,,,,,,,,,,,,,,,,,,,,,,,,,,,,,,,,,,,,,,,,,,,,,,,,,,,,,,,,,,,,,,,,,,,,,,,,,,,,,,,,,,,,,,,,,,,,,,,,,,,,,,,,,,,,,,,,,,,,,,,,,,,,,,,,,,,,,,,,,,,,,,,,,,,,,,,,,,,,,,,,,,,,,,,,,,,,,,,,,,,,,,,,,,,,,,,,,,,,,,,,,,,,,,,,,,,,,,,,,,,,,,,,,,,,,,,,,,,,,,,,,,,,,,,,,,,,,,,,,,,,,,,,,,,,,,,,,,,,,,,,,,,,,,,,,,,,,,,,,,,,,,,,,,,,,,
3,다이브인 저분자 히알루론산 토너,"25,000",토리든,토너,300,"20대(100), 30대(75), 10대(50), 40대 이상(25)","건성(적극 추천), 수부지(적극 추천), 중성(추천), 복합성(추천), 지성(추천)","건성(1), 수부지(1)","보습(3), 민감성(2)","가벼움, 끈적임 적음, 산뜻함, 발림성, 수분감, 빠른 흡수","파라벤 무첨가, 실리콘 무첨가, 에탄올 무첨가, 합성색소 무첨가, 대용량, 데일리 케어, 메이크업 전 사용","정제수, 부틸렌글라이콜, 다이프로필렌글라이콜, 1,2-헥산다이올, 글리세린, 베타인, 알란토인, 판테놀, 소듐하이알루로네이트크로스폴리머, 소듐하이알루로네이트, 소듐아세틸레이티드하이알루로네이트, 하이드롤라이즈드소듐하이알루로네이트, 하이드롤라이즈드하이알루로닉애씨드(200ppm), 엑토인, 감초추출물, 2,3-부탄다이올, 쇠비름추출물, 트레할로오스, 알지닌, 펜틸렌글라이콜, 말라카이트추출물, 다이소듐이디티에이, 에틸헥실글리세린","복합 히알루론산, 판테놀, 베타인, 알란토인, 엑토인, 감초추출물",https://www.torriden.com/goods/goods_view.php?goodsNo=90,,,,,,,,,,,,,,,,,,,,,,,,,,,,,,,,,,,,,,,,,,,,,,,,,,,,,,,,,,,,,,,,,,,,,,,,,,,,,,,,,,,,,,,,,,,,,,,,,,,,,,,,,,,,,,,,,,,,,,,,,,,,,,,,,,,,,,,,,,,,,,,,,,,,,,,,,,,,,,,,,,,,,,,,,,,,,,,,,,,,,,,,,,,,,,,,,,,,,,,,,,,,,,,,,,,,,,,,,,,,,,,,,,,,,,,,,,,,,,,,,,,,,,,,,,,,,,,,,,,,,,,,,,,,,,,,,,,,,,,,,,,,,,,,,,,,,,,,,,,,,,,,,,,,,,,,,,,,,,,,,,,,,,,,,,,,,,,,,,,,,,,,,,,,,,,,,,,,,,,,,,,,,,,,,,,,,,,,,,,,,,,,,,,,,,,,,,,,,,,,,,,,,,,,,,,,,,,,,,,,,,,,,,,,,,,,,,,,,,,,,,,,,,,,,,,,,,,,,,,,,,,,,,,,,,,,,,,,
4,1025 독도 토너,"27,000",라운드랩,토너,500,"10대(100), 20대(75), 30대(50), 40대 이상(25)","지성(적극 추천), 수부지(적극 추천), 복합성(추천), 중성(추천), 건성(조건부 추천)",건성(2),"보습(2), 민감성(1)","발림성, 산뜻함, 매끈한 피부결, 가벼움, 빠른 흡수, 끈적임 적음, 수분감","향료 무첨가, 파라벤 무첨가, 실리콘 무첨가, 에탄올 무첨가, 합성색소 무첨가, 대용량, 데일리 케어","정제수, 부틸렌글라이콜, 글리세린, 펜틸렌글라이콜, 프로판다이올, 아이리쉬모스추출물, 사탕수수추출물, 해수, 1,2-헥산다이올, 프로테아제, 베타인, 판테놀, 에틸헥실글리세린, 알란토인, 잔탄검, 다이소듐이디티에이","아이리쉬모스추출물, 해수, 프로테아제, 판테놀, 베타인, 알란토인",https://roundlab.co.kr/,,,,,,,,,,,,,,,,,,,,,,,,,,,,,,,,,,,,,,,,,,,,,,,,,,,,,,,,,,,,,,,,,,,,,,,,,,,,,,,,,,,,,,,,,,,,,,,,,,,,,,,,,,,,,,,,,,,,,,,,,,,,,,,,,,,,,,,,,,,,,,,,,,,,,,,,,,,,,,,,,,,,,,,,,,,,,,,,,,,,,,,,,,,,,,,,,,,,,,,,,,,,,,,,,,,,,,,,,,,,,,,,,,,,,,,,,,,,,,,,,,,,,,,,,,,,,,,,,,,,,,,,,,,,,,,,,,,,,,,,,,,,,,,,,,,,,,,,,,,,,,,,,,,,,,,,,,,,,,,,,,,,,,,,,,,,,,,,,,,,,,,,,,,,,,,,,,,,,,,,,,,,,,,,,,,,,,,,,,,,,,,,,,,,,,,,,,,,,,,,,,,,,,,,,,,,,,,,,,,,,,,,,,,,,,,,,,,,,,,,,,,,,,,,,,,,,,,,,,,,,,,,,,,,,,,,,,,,
5,초저분자 히아루론산 토너,"15,900",이즈앤트리,토너,300,"20대(100), 30대(75), 10대(50), 40대 이상(25)","수부지(적극 추천), 지성(추천), 복합성(추천), 중성(추천), 건성(조건부 추천)","건성(2), 수부지(1)",보습(3),"빠른 흡수, 수분감, 가벼움, 끈적임 적음, 산뜻함","인공향 무첨가, 합성색소 무첨가, 파라벤 무첨가, 에탄올 무첨가, 대용량, 데일리 케어, 메이크업 전 사용","정제수, 메틸프로판다이올, 1,2-헥산다이올, 해수, 글리세린, 베타인, 알란토인, 부틸렌글라이콜, 카프릴릴글라이콜, 에틸헥실글리세린, 판테놀, 잔탄검, 말라카이트추출물, 다이소듐이디티에이, 하이드롤라이즈드하이알루로닉애씨드, 펜틸렌글라이콜, 자일리틸글루코사이드, 안하이드로자일리톨, 소듐하이알루로네이트, 자일리톨, 포타슘하이알루로네이트, 글루코오스, 다이메틸실란올하이알루로네이트, 소듐아세틸레이티드하이알루로네이트, 소듐하이알루로네이트크로스폴리머, 하이드록시프로필트라이모늄하이알루로네이트, 하이드롤라이즈드소듐하이알루로네이트, 하이드롤라이즈드칼슘하이알루로네이트, 하이알루로닉애씨드, 버지니아풍년화추출물, 소듐설페이티드하이알루로네이트, 편백잎추출물, 소듐스테아로일하이알루로네이트, 소듐올레오일하이알루로네이트","복합 히알루론산, 판테놀, 베타인, 알란토인",https://isntree.com/product/초저분자-히아루론산-토너-300ml/56/,,,,,,,,,,,,,,,,,,,,,,,,,,,,,,,,,,,,,,,,,,,,,,,,,,,,,,,,,,,,,,,,,,,,,,,,,,,,,,,,,,,,,,,,,,,,,,,,,,,,,,,,,,,,,,,,,,,,,,,,,,,,,,,,,,,,,,,,,,,,,,,,,,,,,,,,,,,,,,,,,,,,,,,,,,,,,,,,,,,,,,,,,,,,,,,,,,,,,,,,,,,,,,,,,,,,,,,,,,,,,,,,,,,,,,,,,,,,,,,,,,,,,,,,,,,,,,,,,,,,,,,,,,,,,,,,,,,,,,,,,,,,,,,,,,,,,,,,,,,,,,,,,,,,,,,,,,,,,,,,,,,,,,,,,,,,,,,,,,,,,,,,,,,,,,,,,,,,,,,,,,,,,,,,,,,,,,,,,,,,,,,,,,,,,,,,,,,,,,,,,,,,,,,,,,,,,,,,,,,,,,,,,,,,,,,,,,,,,,,,,,,,,,,,,,,,,,,,,,,,,,,,,,,,,,,,,,,,
6,피치마이크로바이옴 78 피디알엔 토너,"22,400",라보레브,토너,125,"30대(100), 20대(75), 40대 이상(50), 10대(25)","수부지(적극 추천), 건성(추천), 중성(추천), 복합성(추천), 지성(조건부 추천)",지성(1),"보습(2), 미백/잡티(2)","수분감, 빠른 흡수, 끈적임 적음, 쫀쫀함, 촉촉함","미백, 데일리 케어, 메이크업 전 사용","락토바실러스발효용해물(78%), 글리세레스-26, 부틸렌글라이콜, 프로판다이올, 1,2-헥산다이올, 나이아신아마이드, 판테놀, 마이크로크리스탈린셀룰로오스, 베타인, 소듐시트레이트, 폴리글리세릴-10라우레이트, 디우탄검, 알란토인, 복숭아 추출물(20ppm), 에틸헥실글리세린, 다이프로필렌글라이콜, 폴리글리세릴-4라우레이트, 정제수, 시트릭애씨드, 트라이소듐에틸렌다이아민다이석시네이트, 향료, 하이드롤라이즈드디엔에이(11ppm)","락토바실러스발효용해물 78%, 나이아신아마이드, 판테놀, 베타인, 알란토인, 하이드롤라이즈드디엔에이 11ppm",https://hempharma.bio/en/board/board.php?bo_table=media&idx=106,,,,,,,,,,,,,,,,,,,,,,,,,,,,,,,,,,,,,,,,,,,,,,,,,,,,,,,,,,,,,,,,,,,,,,,,,,,,,,,,,,,,,,,,,,,,,,,,,,,,,,,,,,,,,,,,,,,,,,,,,,,,,,,,,,,,,,,,,,,,,,,,,,,,,,,,,,,,,,,,,,,,,,,,,,,,,,,,,,,,,,,,,,,,,,,,,,,,,,,,,,,,,,,,,,,,,,,,,,,,,,,,,,,,,,,,,,,,,,,,,,,,,,,,,,,,,,,,,,,,,,,,,,,,,,,,,,,,,,,,,,,,,,,,,,,,,,,,,,,,,,,,,,,,,,,,,,,,,,,,,,,,,,,,,,,,,,,,,,,,,,,,,,,,,,,,,,,,,,,,,,,,,,,,,,,,,,,,,,,,,,,,,,,,,,,,,,,,,,,,,,,,,,,,,,,,,,,,,,,,,,,,,,,,,,,,,,,,,,,,,,,,,,,,,,,,,,,,,,,,,,,,,,,,,,,,,,,,
7,무알콜 뮤신 에센스 토너,"11,900",비그린,토너,150,"30대(100), 20대(75), 40대 이상(50), 10대(25)","건성(적극 추천), 수부지(적극 추천), 복합성(추천), 중성(추천), 지성(조건부 추천)",지성(1),"보습(2), 민감성(2)","수분감, 빠른 흡수, 끈적임 적음, 쫀쫀함, 촉촉함, 무향","인공향 무첨가, 합성색소 무첨가, 파라벤 무첨가, 실리콘 무첨가, 에탄올 무첨가, 데일리 케어","정제수, 부틸렌글라이콜, 글리세린, 판테놀, 1,2-헥산다이올, 와일드얌뿌리추출물, 카보머, 알지닌, 병풀잎수, 펜틸렌글라이콜, 소듐하이알루로네이트, 소듐하이알루로네이트크로스폴리머, 하이드롤라이즈드하이알루로닉애씨드, 에틸헥실글리세린, 하이알루로닉애씨드, 하이드롤라이즈드소듐하이알루로네이트","와일드얌뿌리추출물, 복합 히알루론산, 판테놀, 병풀잎수",https://m.vegreen.co.kr/product/무알콜-뮤신-에센스-토너-150ml/11/,,,,,,,,,,,,,,,,,,,,,,,,,,,,,,,,,,,,,,,,,,,,,,,,,,,,,,,,,,,,,,,,,,,,,,,,,,,,,,,,,,,,,,,,,,,,,,,,,,,,,,,,,,,,,,,,,,,,,,,,,,,,,,,,,,,,,,,,,,,,,,,,,,,,,,,,,,,,,,,,,,,,,,,,,,,,,,,,,,,,,,,,,,,,,,,,,,,,,,,,,,,,,,,,,,,,,,,,,,,,,,,,,,,,,,,,,,,,,,,,,,,,,,,,,,,,,,,,,,,,,,,,,,,,,,,,,,,,,,,,,,,,,,,,,,,,,,,,,,,,,,,,,,,,,,,,,,,,,,,,,,,,,,,,,,,,,,,,,,,,,,,,,,,,,,,,,,,,,,,,,,,,,,,,,,,,,,,,,,,,,,,,,,,,,,,,,,,,,,,,,,,,,,,,,,,,,,,,,,,,,,,,,,,,,,,,,,,,,,,,,,,,,,,,,,,,,,,,,,,,,,,,,,,,,,,,,,,,
8,어성초 77 히알루론산 수분 진정 토너,"20,000",아누아,토너,250,"20대(100), 10대(75), 30대(50), 40대 이상(25)","지성(적극 추천), 수부지(적극 추천), 복합성(추천), 중성(조건부 추천), 건성(조건부 추천)","건성(1), 중성(1)","보습(2), 여드름(3), 피지/블랙헤드(2), 민감성(3)","수분감, 빠른 흡수, 가벼움, 끈적임 적음, 산뜻함","합성색소 무첨가, 파라벤 무첨가, 실리콘 무첨가, 에탄올 무첨가, 대용량, 데일리 케어, 메이크업 전 사용","약모밀꽃/잎/줄기수, 정제수, 1,2-헥산다이올, 글리세린, 글리세레스-26, 베타인, 펜틸렌글라이콜, 소듐시트레이트, 아이소펜틸다이올, 에틸헥실글리세린, 다이포타슘글리시리제이트, 시트릭애씨드, 아크릴레이트/C10-30알킬아크릴레이트크로스폴리머, 트로메타민, 판테놀, 소듐파이테이트, 알란토인, 소듐하이알루로네이트, 약모밀소포, 하이드롤라이즈드소듐하이알루로네이트, 징크피씨에이, 하이드록시프로필트라이모늄하이알루로네이트, 락토바실러스발효물, 소듐아세틸레이티드하이알루로네이트, 하이드롤라이즈드하이알루로닉애씨드, 아이소쿼시트린, 쿼세틴, 하이알루로닉애씨드, 소듐하이알루로네이트크로스폴리머, 포타슘하이알루로네이트","어성초수, 복합 히알루론산, 판테놀, 알란토인, 다이포타슘글리시리제이트, 징크피씨에이",https://m.anua.kr/category/토너-패드/88/,,,,,,,,,,,,,,,,,,,,,,,,,,,,,,,,,,,,,,,,,,,,,,,,,,,,,,,,,,,,,,,,,,,,,,,,,,,,,,,,,,,,,,,,,,,,,,,,,,,,,,,,,,,,,,,,,,,,,,,,,,,,,,,,,,,,,,,,,,,,,,,,,,,,,,,,,,,,,,,,,,,,,,,,,,,,,,,,,,,,,,,,,,,,,,,,,,,,,,,,,,,,,,,,,,,,,,,,,,,,,,,,,,,,,,,,,,,,,,,,,,,,,,,,,,,,,,,,,,,,,,,,,,,,,,,,,,,,,,,,,,,,,,,,,,,,,,,,,,,,,,,,,,,,,,,,,,,,,,,,,,,,,,,,,,,,,,,,,,,,,,,,,,,,,,,,,,,,,,,,,,,,,,,,,,,,,,,,,,,,,,,,,,,,,,,,,,,,,,,,,,,,,,,,,,,,,,,,,,,,,,,,,,,,,,,,,,,,,,,,,,,,,,,,,,,,,,,,,,,,,,,,,,,,,,,,,,,,
9,올리고 히알루론산 딥 토너,"15,100",더랩바이블랑두,토너,200,"20대(100), 30대(75), 10대(50), 40대 이상(25)","건성(적극 추천), 수부지(적극 추천), 복합성(추천), 중성(추천), 지성(조건부 추천)",지성(1),"보습(3), 민감성(2)","수분감, 빠른 흡수, 가벼움, 끈적임 적음, 촉촉함","인공향 무첨가, 합성색소 무첨가, 파라벤 무첨가, 실리콘 무첨가, 에탄올 무첨가, 피부 자극 테스트 완료, 데일리 케어","정제수, 부틸렌글라이콜, 1,2-헥산다이올, 글리세린, 베타-글루칸, 베타인, 소듐하이알루로네이트, 판테놀, 솔비톨, 아세틸글루코사민, 글루쿠로닉애씨드, 알란토인, 토코페롤, 에틸헥실글리세린, 다이소듐이디티에이","저분자 히알루론산, 베타글루칸, 판테놀, 베타인, 알란토인",https://blancdoux.com/product/올리고-히알루론산-딥-토너-200ml/169/,,,,,,,,,,,,,,,,,,,,,,,,,,,,,,,,,,,,,,,,,,,,,,,,,,,,,,,,,,,,,,,,,,,,,,,,,,,,,,,,,,,,,,,,,,,,,,,,,,,,,,,,,,,,,,,,,,,,,,,,,,,,,,,,,,,,,,,,,,,,,,,,,,,,,,,,,,,,,,,,,,,,,,,,,,,,,,,,,,,,,,,,,,,,,,,,,,,,,,,,,,,,,,,,,,,,,,,,,,,,,,,,,,,,,,,,,,,,,,,,,,,,,,,,,,,,,,,,,,,,,,,,,,,,,,,,,,,,,,,,,,,,,,,,,,,,,,,,,,,,,,,,,,,,,,,,,,,,,,,,,,,,,,,,,,,,,,,,,,,,,,,,,,,,,,,,,,,,,,,,,,,,,,,,,,,,,,,,,,,,,,,,,,,,,,,,,,,,,,,,,,,,,,,,,,,,,,,,,,,,,,,,,,,,,,,,,,,,,,,,,,,,,,,,,,,,,,,,,,,,,,,,,,,,,,,,,,,,
10,판테놀 베리어 토너,"28,000",코스노리,토너,205,"30대(100), 40대 이상(75), 20대(50), 10대(25)","건성(적극 추천), 수부지(적극 추천), 복합성(추천), 중성(추천), 지성(조건부 추천)",지성(2),"보습(3), 미백/잡티(2), 탄력/주름(2)","수분감, 빠른 흡수, 가벼움, 끈적임 적음, 쫀쫀함, 촉촉함","미백, 주름개선, 파라벤 무첨가, 실리콘 무첨가, 에탄올 무첨가, 데일리 케어, 메이크업 전 사용","정제수, 부틸렌글라이콜, 판테놀, 다이프로필렌글라이콜, 글리세레스-26, 나이아신아마이드, 1,2-헥산다이올, 카카두플럼추출물, 병풀추출물, 아시아티코사이드, 마데카소사이드, 세라마이드엔피, 얼룩파인애플추출물, 파파야열매추출물, 귀리가루추출물, 락토바실러스/콩발효추출물, 락토바실러스/쌀발효물, 락토바실러스/인삼뿌리발효여과물, 효모/율무씨발효여과물, 효모/감자추출물발효여과물, 소듐하이알루로네이트, 하이드롤라이즈드하이알루로닉애씨드, 동백나무씨오일, 아시아틱애씨드, 마데카식애씨드, 리놀레익애씨드, 락토바이오닉애씨드, 소듐하이알루로네이트크로스폴리머, 소듐아세틸레이티드하이알루로네이트, 하이드로제네이티드레시틴, 프로판다이올, 소듐시트레이트, 베타인, 글리세린, 시트릭애씨드, 소듐폴리아크릴로일다이메틸타우레이트, 하이드록시프로필트라이모늄하이알루로네이트, 아데노신, 펜틸렌글라이콜, 카프릴릭/카프릭트라이글리세라이드, 에틸헥실글리세린","판테놀 50,000ppm, 나이아신아마이드, 병풀 유효성분, 세라마이드엔피, 복합 히알루론산, 아데노신",https://graceclub.com/article/news/1/3049/,,,,,,,,,,,,,,,,,,,,,,,,,,,,,,,,,,,,,,,,,,,,,,,,,,,,,,,,,,,,,,,,,,,,,,,,,,,,,,,,,,,,,,,,,,,,,,,,,,,,,,,,,,,,,,,,,,,,,,,,,,,,,,,,,,,,,,,,,,,,,,,,,,,,,,,,,,,,,,,,,,,,,,,,,,,,,,,,,,,,,,,,,,,,,,,,,,,,,,,,,,,,,,,,,,,,,,,,,,,,,,,,,,,,,,,,,,,,,,,,,,,,,,,,,,,,,,,,,,,,,,,,,,,,,,,,,,,,,,,,,,,,,,,,,,,,,,,,,,,,,,,,,,,,,,,,,,,,,,,,,,,,,,,,,,,,,,,,,,,,,,,,,,,,,,,,,,,,,,,,,,,,,,,,,,,,,,,,,,,,,,,,,,,,,,,,,,,,,,,,,,,,,,,,,,,,,,,,,,,,,,,,,,,,,,,,,,,,,,,,,,,,,,,,,,,,,,,,,,,,,,,,,,,,,,,,,,,,
11,나인 토너,"19,300",닥터트웬티프로젝트,토너,300,"20대(100), 10대(75), 30대(50), 40대 이상(25)","수부지(적극 추천), 지성(추천), 복합성(추천), 중성(추천), 건성(조건부 추천)",건성(1),"보습(3), 민감성(3)","수분감, 빠른 흡수, 가벼움, 끈적임 적음, 산뜻함","데일리 케어, 메이크업 전 사용, 대용량, 향료 무첨가, 에탄올 무첨가, 실리콘 무첨가, 파라벤 무첨가","정제수, 글리세린, 2,3-부탄다이올, 판테놀, 다이프로필렌글라이콜, 1,2-헥산다이올, 하이드록시아세토페논, 에리스리돌, 베타인, 트레할로오스, 알란토인, 에틸헥실글리세린, 소듐하이알루로네이트, 아크릴레이트/C10-30알킬아크릴레이트크로스폴리머, 알지닌, 다이소듐이디티에이, 쑥잎추출물, 부틸렌글라이콜, 포타슘하이알루로네이트, 하이드롤라이즈드소듐하이알루로네이트, 로즈마리잎추출물, 자작나무수액, 트루로즈오브예리코추출물, 하이드롤라이즈드하이알루로닉애씨드, 하이알루로닉애씨드","판테놀, 베타인, 트레할로오스, 알란토인, 복합 히알루론산, 쑥잎추출물",https://dr20project.com/product/나인-토너-300ml/175/,,,,,,,,,,,,,,,,,,,,,,,,,,,,,,,,,,,,,,,,,,,,,,,,,,,,,,,,,,,,,,,,,,,,,,,,,,,,,,,,,,,,,,,,,,,,,,,,,,,,,,,,,,,,,,,,,,,,,,,,,,,,,,,,,,,,,,,,,,,,,,,,,,,,,,,,,,,,,,,,,,,,,,,,,,,,,,,,,,,,,,,,,,,,,,,,,,,,,,,,,,,,,,,,,,,,,,,,,,,,,,,,,,,,,,,,,,,,,,,,,,,,,,,,,,,,,,,,,,,,,,,,,,,,,,,,,,,,,,,,,,,,,,,,,,,,,,,,,,,,,,,,,,,,,,,,,,,,,,,,,,,,,,,,,,,,,,,,,,,,,,,,,,,,,,,,,,,,,,,,,,,,,,,,,,,,,,,,,,,,,,,,,,,,,,,,,,,,,,,,,,,,,,,,,,,,,,,,,,,,,,,,,,,,,,,,,,,,,,,,,,,,,,,,,,,,,,,,,,,,,,,,,,,,,,,,,,,,
12,하이드라 셀 부스팅 토너,"14,200",이플미,토너,400,"20대(100), 30대(75), 10대(50), 40대 이상(25)","수부지(적극 추천), 지성(추천), 복합성(추천), 중성(추천), 건성(조건부 추천)",건성(1),"보습(2), 미백/잡티(2)","수분감, 빠른 흡수, 가벼움, 끈적임 적음, 산뜻함","미백, 데일리 케어, 메이크업 전 사용, 대용량, 향료 무첨가, 에탄올 무첨가, 실리콘 무첨가, 파라벤 무첨가","정제수, 부틸렌글라이콜, 글리세린, 1,2-헥산다이올, 하이드록시아세토페논, 알란토인, 카보머, 알지닌, 다이소듐이디티에이, 녹차추출물, 소듐하이알루로네이트, 나이아신아마이드, 하이알루로닉애씨드, 하이드롤라이즈드소듐하이알루로네이트, 하이드롤라이즈드하이알루로닉애씨드, 하이드롤라이즈드클라이코사미노글리칸, 리보플라빈, 폴릭애씨드, 판테놀, 매나다이온, 소듐하이알루로네이트크로스폴리머, 소듐아세틸레이티드하이알루로네이트, 다이메틸실란올하이알루로네이트, 하이드록시프로필트라이모늄하이알루로네이트, 바이오틴, 사이아노코발아민, 아스코빅애씨드, 티아민에이치씨엘, 피리독신, 바이오플라보노이드","복합 히알루론산, 알란토인, 녹차추출물, 판테놀, 나이아신아마이드",https://www.hwahae.co.kr/goods/71966,,,,,,,,,,,,,,,,,,,,,,,,,,,,,,,,,,,,,,,,,,,,,,,,,,,,,,,,,,,,,,,,,,,,,,,,,,,,,,,,,,,,,,,,,,,,,,,,,,,,,,,,,,,,,,,,,,,,,,,,,,,,,,,,,,,,,,,,,,,,,,,,,,,,,,,,,,,,,,,,,,,,,,,,,,,,,,,,,,,,,,,,,,,,,,,,,,,,,,,,,,,,,,,,,,,,,,,,,,,,,,,,,,,,,,,,,,,,,,,,,,,,,,,,,,,,,,,,,,,,,,,,,,,,,,,,,,,,,,,,,,,,,,,,,,,,,,,,,,,,,,,,,,,,,,,,,,,,,,,,,,,,,,,,,,,,,,,,,,,,,,,,,,,,,,,,,,,,,,,,,,,,,,,,,,,,,,,,,,,,,,,,,,,,,,,,,,,,,,,,,,,,,,,,,,,,,,,,,,,,,,,,,,,,,,,,,,,,,,,,,,,,,,,,,,,,,,,,,,,,,,,,,,,,,,,,,,,,
13,세라마이드 쌀 그리미 밀크 토너,"18,400",인요에,토너,200,"30대(100), 40대 이상(75), 20대(50), 10대(25)","건성(적극 추천), 중성(추천), 복합성(추천), 수부지(조건부 추천), 지성(주의)","지성(3), 수부지(1)","보습(3), 미백/잡티(2), 탄력/주름(1), 민감성(3)","수분감, 촉촉함, 빠른 흡수, 발림성, 윤광, 무향","미백, 주름개선, 데일리 케어, 메이크업 전 사용, 향료 무첨가, 에탄올 무첨가, 파라벤 무첨가","정제수, 부틸렌글라이콜, 프로판다이올, 글리세린, 나이아신아마이드, 2,3-부탄다이올, 1,2-헥산다이올, 스핑고모나스발효추출물, 백미꽃추출물, 접시꽃추출물, 소이밀크(500ppb), 쌀추출물(300ppb), 다이프로필렌글라이콜, 트라이에틸헥사노인, 다이페닐다이메티콘, 글리세레스-26, 메틸글루세스-20, 펜틸렌글라이콜, 폴리글리세릴-10미리스테이트, 폴리아크릴레이트크로스폴리머-6, 하이드록시아세토페논, C12-14 알케스-12, 하이드롤라이즈드스클레로튬검, 카프릴릭/카프릭트라이글리세라이드, 하이드로제네이티드레시틴, 베타-글루칸, 에틸헥실글리세린, 징크락테이트, 아데노신, 스테아릭애씨드, 판테놀, 세라마이드엔피(55.5ppm), 콜레스테롤, 피토스핑고신, 세라마이드엔지(750ppb), 세라마이드엔에스(750ppb), 세라마이드에이피(500ppb), 세라마이드에이에스(500ppb), 토코페롤, 세라마이드이오피(1ppb), 세테아릴알코올, 다이소듐이디티에이","6종 세라마이드, 나이아신아마이드, 베타글루칸, 판테놀, 콜레스테롤, 피토스핑고신, 쌀추출물, 소이밀크",https://inyoe.co.kr/product/인요에-세라마이드-쌀-그리미-밀크-토너-200ml/11/,,,,,,,,,,,,,,,,,,,,,,,,,,,,,,,,,,,,,,,,,,,,,,,,,,,,,,,,,,,,,,,,,,,,,,,,,,,,,,,,,,,,,,,,,,,,,,,,,,,,,,,,,,,,,,,,,,,,,,,,,,,,,,,,,,,,,,,,,,,,,,,,,,,,,,,,,,,,,,,,,,,,,,,,,,,,,,,,,,,,,,,,,,,,,,,,,,,,,,,,,,,,,,,,,,,,,,,,,,,,,,,,,,,,,,,,,,,,,,,,,,,,,,,,,,,,,,,,,,,,,,,,,,,,,,,,,,,,,,,,,,,,,,,,,,,,,,,,,,,,,,,,,,,,,,,,,,,,,,,,,,,,,,,,,,,,,,,,,,,,,,,,,,,,,,,,,,,,,,,,,,,,,,,,,,,,,,,,,,,,,,,,,,,,,,,,,,,,,,,,,,,,,,,,,,,,,,,,,,,,,,,,,,,,,,,,,,,,,,,,,,,,,,,,,,,,,,,,,,,,,,,,,,,,,,,,,,,,
14,어성초 진정해 수분 토너,"8,900",프리메이,토너,350,"10대(100), 20대(75), 30대(50), 40대 이상(25)","지성(적극 추천), 수부지(적극 추천), 복합성(추천), 중성(조건부 추천), 건성(주의)","건성(3), 중성(1)","보습(1), 여드름(3)","빠른 흡수, 가벼움, 산뜻함, 수분감, 끈적임 적음","데일리 케어, 메이크업 전 사용, 대용량, 에탄올 무첨가, 실리콘 무첨가, 파라벤 무첨가","정제수, 약모밀추출물, 부틸렌글라이콜, 다이프로필렌글라이콜, 프로판다이올, 1,2-헥산다이올, 글리세린, 하이드록시아세토페논, 에틸헥실글리세린, 카프릴릴글라이콜, 폴리글리세릴-10라우레이트, 폴리글리세릴-4라우레이트, 카보머, 알란토인, 다이포타슘글리시리제이트, 소듐파이테이트, 소듐하이알루로네이트, 병풀잎추출물, 알지닌, 살비아오일, 마데카소사이드, 제올라이트, 루이보스잎추출물, 마조람잎추출물, 서양측백나무잎추출물, 티트리잎추출물, 로즈마리잎추출물, 병풀추출물, 살비아잎추출물, 타임추출물, 레몬밤잎추출물, 히솝추출물, 티트리추출물, 작약뿌리추출물, 녹차추출물","약모밀추출물, 병풀추출물, 마데카소사이드, 알란토인, 다이포타슘글리시리제이트, 티트리추출물, 글리세린",https://www.i-beautyleader.com/shop/item.php?it_id=8809800462757,,,,,,,,,,,,,,,,,,,,,,,,,,,,,,,,,,,,,,,,,,,,,,,,,,,,,,,,,,,,,,,,,,,,,,,,,,,,,,,,,,,,,,,,,,,,,,,,,,,,,,,,,,,,,,,,,,,,,,,,,,,,,,,,,,,,,,,,,,,,,,,,,,,,,,,,,,,,,,,,,,,,,,,,,,,,,,,,,,,,,,,,,,,,,,,,,,,,,,,,,,,,,,,,,,,,,,,,,,,,,,,,,,,,,,,,,,,,,,,,,,,,,,,,,,,,,,,,,,,,,,,,,,,,,,,,,,,,,,,,,,,,,,,,,,,,,,,,,,,,,,,,,,,,,,,,,,,,,,,,,,,,,,,,,,,,,,,,,,,,,,,,,,,,,,,,,,,,,,,,,,,,,,,,,,,,,,,,,,,,,,,,,,,,,,,,,,,,,,,,,,,,,,,,,,,,,,,,,,,,,,,,,,,,,,,,,,,,,,,,,,,,,,,,,,,,,,,,,,,,,,,,,,,,,,,,,,,,
15,플로라 글로우 로즈 리퀴드 마스크,"19,500",마몽드,토너,80,"30대(100), 20대(75), 40대 이상(50), 10대(25)","건성(적극 추천), 중성(추천), 복합성(추천), 수부지(조건부 추천), 지성(조건부 추천)","지성(1), 수부지(2)","보습(2), 모공(2), 피지/블랙헤드(2)","쫀쫀함, 빠른 흡수, 윤광, 매끈한 피부결, 수분감, 광채","파라벤 무첨가, 실리콘 무첨가, 에탄올 무첨가, 메이크업 전 사용, 데일리 케어","정제수, 부틸렌글라이콜, 글루코노락톤, 글리세린, 다이프로필렌글라이콜, 프로판다이올, 트로메타민, 판테놀, 1,2-헥산다이올, 피피지-13-데실테트라데세스-24, 폴리솔베이트80, 에틸헥실글리세린, 소듐메타포스페이트, 덱스트린, 카카오추출물, 다마스크장미꽃추출물, 소듐하이알루로네이트, 하이알루로닉애씨드, 하이드롤라이즈드식물성단백질, 프로필렌글라이콜, 토코페롤, 하이드롤라이즈드하이알루로닉애씨드, 소듐하이알루로네이트크로스폴리머, 소듐아세틸레이티드하이알루로네이트","글루코노락톤(PHA), 다마스크장미꽃추출물, 복합 히알루론산, 판테놀",https://www.amoremall.com/kr/ko/product/detail?onlineProdCode=110650001161&onlineProdSn=60774,,,,,,,,,,,,,,,,,,,,,,,,,,,,,,,,,,,,,,,,,,,,,,,,,,,,,,,,,,,,,,,,,,,,,,,,,,,,,,,,,,,,,,,,,,,,,,,,,,,,,,,,,,,,,,,,,,,,,,,,,,,,,,,,,,,,,,,,,,,,,,,,,,,,,,,,,,,,,,,,,,,,,,,,,,,,,,,,,,,,,,,,,,,,,,,,,,,,,,,,,,,,,,,,,,,,,,,,,,,,,,,,,,,,,,,,,,,,,,,,,,,,,,,,,,,,,,,,,,,,,,,,,,,,,,,,,,,,,,,,,,,,,,,,,,,,,,,,,,,,,,,,,,,,,,,,,,,,,,,,,,,,,,,,,,,,,,,,,,,,,,,,,,,,,,,,,,,,,,,,,,,,,,,,,,,,,,,,,,,,,,,,,,,,,,,,,,,,,,,,,,,,,,,,,,,,,,,,,,,,,,,,,,,,,,,,,,,,,,,,,,,,,,,,,,,,,,,,,,,,,,,,,,,,,,,,,,,,
16,리얼 히알루로닉 100 토너,"26,600",웰라쥬,토너,200,"20대(100), 30대(75), 40대 이상(50), 10대(25)","건성(적극 추천), 수부지(적극 추천), 지성(추천), 중성(추천), 복합성(추천)","건성(1), 수부지(1)",보습(3),"수분감, 빠른 흡수, 가벼움, 끈적임 적음, 산뜻함","인공향 무첨가, 합성색소 무첨가, 파라벤 무첨가, 에탄올 무첨가, 대용량, 데일리 케어, 메이크업 전 사용","하이드롤라이즈드하이알루로닉애씨드, 글리세린, 프로판다이올, 하이드로제네이티드레시틴, 소듐하이알루로네이트, 1,2-헥산다이올, 알지닌, 벤질글라이콜, 베타인, 부틸렌글라이콜, 카프릴릴/카프릭트라이글리세라이드, 시트릭애씨드, 다이메틸실란올하이알루로네이트, 다이소듐이디티에이, 에틸헥실글리세린, 글라이신, 히스티딘, 하이알루로닉애씨드, 하이드롤라이즈드글라이코사미노글리칸, 하이드롤라이즈드소듐하이알루로네이트, 하이드록시프로필트라이모늄하이알루로네이트, 라이소레시틴, 포타슘하이알루로네이트, 세린, 소듐아세틸레이티드하이알루로네이트, 소듐시트레이트, 소듐하이알루로네이트크로스폴리머, 소듐하이알루로네이트다이메틸실란올, 소듐피씨에이, 소듐스테아로일글루타메이트, 수크로오스라우레이트, 토코페롤, 정제수, 잔탄검","초저분자 히알수 93%, 복합 히알루론산, 글리세린, 베타인, 소듐피씨에이, 아미노산",https://wellage.co.kr/product/리얼-히알루로닉-100-토너-200ml/1468/,,,,,,,,,,,,,,,,,,,,,,,,,,,,,,,,,,,,,,,,,,,,,,,,,,,,,,,,,,,,,,,,,,,,,,,,,,,,,,,,,,,,,,,,,,,,,,,,,,,,,,,,,,,,,,,,,,,,,,,,,,,,,,,,,,,,,,,,,,,,,,,,,,,,,,,,,,,,,,,,,,,,,,,,,,,,,,,,,,,,,,,,,,,,,,,,,,,,,,,,,,,,,,,,,,,,,,,,,,,,,,,,,,,,,,,,,,,,,,,,,,,,,,,,,,,,,,,,,,,,,,,,,,,,,,,,,,,,,,,,,,,,,,,,,,,,,,,,,,,,,,,,,,,,,,,,,,,,,,,,,,,,,,,,,,,,,,,,,,,,,,,,,,,,,,,,,,,,,,,,,,,,,,,,,,,,,,,,,,,,,,,,,,,,,,,,,,,,,,,,,,,,,,,,,,,,,,,,,,,,,,,,,,,,,,,,,,,,,,,,,,,,,,,,,,,,,,,,,,,,,,,,,,,,,,,,,,,,
17,레드 블레미쉬 10-시카 캡슐 수딩 토너,"32,500",닥터지,토너,300,"20대(100), 10대(75), 30대(50), 40대 이상(25)","지성(적극 추천), 수부지(적극 추천), 복합성(추천), 중성(조건부 추천), 건성(주의)","건성(3), 중성(1)","보습(3), 여드름(2), 미백/잡티(2), 탄력/주름(1)","빠른 흡수, 수분감, 끈적임 적음, 알갱이, 캡슐, 쿨링감, 산뜻함","미백, 주름개선, 대용량, 파라벤 무첨가, 실리콘 무첨가, 데일리 케어","정제수, 편백수, 프로판다이올, 부틸렌글라이콜, 글리세린, 1,2-헥산다이올, 나이아신아마이드, 에리스리톨, 펜틸렌글라이콜, 스트렙토코쿠스테르모필루스발효물, 효모발효여과물, 옥수수전분, 사과즙, 백미꽃추출물, 병풀잎추출물, 비피다발효여과물, 락토바실러스발효물, 병풀꽃/잎/줄기추출물, 병풀뿌리추출물, 접시꽃추출물, 페퍼민트잎수, 병풀추출물, 판테놀, 젤란검, 알란토인, 베타인, 하이드록시아세토페논, 칼슘클로라이드, 소듐클로라이드, 아데노신, 데하이드로잔탄검, 만델릭애씨드, 트레할로오스, 셀룰로오스검, 소듐시트레이트, 메틸다이아이소프로필프로피온아마이드, 세라마이드엔피, 솔비톨, 스테아릭애씨드, 하이드로제네이티드레시틴, 실리카, 에틸헥실글리세린, 다발방패버섯추출물, 베타-글루칸, 마데카소사이드, 아시아티코사이드, 마데카식애씨드, 아시아틱애씨드","복합 병풀 성분, 판테놀, 알란토인, 세라마이드엔피, 나이아신아마이드, 만델릭애씨드, 베타글루칸",https://www.musinsa.com/products/6189724,,,,,,,,,,,,,,,,,,,,,,,,,,,,,,,,,,,,,,,,,,,,,,,,,,,,,,,,,,,,,,,,,,,,,,,,,,,,,,,,,,,,,,,,,,,,,,,,,,,,,,,,,,,,,,,,,,,,,,,,,,,,,,,,,,,,,,,,,,,,,,,,,,,,,,,,,,,,,,,,,,,,,,,,,,,,,,,,,,,,,,,,,,,,,,,,,,,,,,,,,,,,,,,,,,,,,,,,,,,,,,,,,,,,,,,,,,,,,,,,,,,,,,,,,,,,,,,,,,,,,,,,,,,,,,,,,,,,,,,,,,,,,,,,,,,,,,,,,,,,,,,,,,,,,,,,,,,,,,,,,,,,,,,,,,,,,,,,,,,,,,,,,,,,,,,,,,,,,,,,,,,,,,,,,,,,,,,,,,,,,,,,,,,,,,,,,,,,,,,,,,,,,,,,,,,,,,,,,,,,,,,,,,,,,,,,,,,,,,,,,,,,,,,,,,,,,,,,,,,,,,,,,,,,,,,,,,,,
18,다이브인 저분자 히알루론산 스킨부스터,"14,900",토리든,토너,200,"30대(100), 20대(75), 40대 이상(50), 10대(25)","건성(적극 추천), 수부지(적극 추천), 복합성(추천), 중성(추천), 지성(조건부 추천)","건성(1), 지성(2), 수부지(1)",보습(3),"수분감, 빠른 흡수, 발림성, 끈적임 적음, 촉촉함","인공향 무첨가, 합성색소 무첨가, 파라벤 무첨가, 실리콘 무첨가, 에탄올 무첨가, 데일리 케어","정제수, 부틸렌글라이콜, 글리세린, 1,2-헥산다이올, 카프릴릭/카프릭트라이글리세라이드, 말라카이트추출물, 세라마이드엔피, 피토스핑고신, 알란토인, 판테놀, 소듐하이알루로네이트, 하이드롤라이즈드하이알루로닉애씨드, 소듐아세틸레이티드하이알루로네이트, 소듐하이알루로네이트크로스폴리머, 하이드롤라이즈드소듐하이알루로네이트, 트레할로오스, 버지니아풍년화잎추출물, 캐모마일꽃추출물, 글리세레스-26, 펜틸렌글라이콜, 글리세릴아크릴레이트/아크릴릭애씨드코폴리머, 피브이엠/엠에이코폴리머, C14-22알코올, C12-20알킬글루코사이드, 아크릴레이트/C10-30알킬아크릴레이트크로스폴리머, 잔탄검, 트로메타민, 다이소듐이디티에이, 에틸헥실글리세린, 황금추출물, 모란뿌리추출물","복합 히알루론산, 세라마이드엔피, 판테놀, 알란토인, 피토스핑고신, 트레할로오스",https://www.torriden.com/goods/goods_view.php?goodsNo=59,,,,,,,,,,,,,,,,,,,,,,,,,,,,,,,,,,,,,,,,,,,,,,,,,,,,,,,,,,,,,,,,,,,,,,,,,,,,,,,,,,,,,,,,,,,,,,,,,,,,,,,,,,,,,,,,,,,,,,,,,,,,,,,,,,,,,,,,,,,,,,,,,,,,,,,,,,,,,,,,,,,,,,,,,,,,,,,,,,,,,,,,,,,,,,,,,,,,,,,,,,,,,,,,,,,,,,,,,,,,,,,,,,,,,,,,,,,,,,,,,,,,,,,,,,,,,,,,,,,,,,,,,,,,,,,,,,,,,,,,,,,,,,,,,,,,,,,,,,,,,,,,,,,,,,,,,,,,,,,,,,,,,,,,,,,,,,,,,,,,,,,,,,,,,,,,,,,,,,,,,,,,,,,,,,,,,,,,,,,,,,,,,,,,,,,,,,,,,,,,,,,,,,,,,,,,,,,,,,,,,,,,,,,,,,,,,,,,,,,,,,,,,,,,,,,,,,,,,,,,,,,,,,,,,,,,,,,,
19,녹두 모공 클리어링 라하 토너,"24,000",비플레인,토너,265,"20대(100), 10대(75), 30대(50), 40대 이상(25)","지성(적극 추천), 수부지(추천), 복합성(추천), 중성(조건부 추천), 건성(주의)","건성(3), 중성(1)","보습(2), 여드름(3), 모공(3), 피지/블랙헤드(3)","가벼움, 산뜻함, 쿨링감, 수분감, 빠른 흡수, 끈적임 적음","인공향 무첨가, 합성색소 무첨가, 파라벤 무첨가, 실리콘 무첨가, 에탄올 무첨가, 향료 무첨가, 인체 적용 시험 완료, 피부 자극 테스트 완료, 데일리 케어","정제수, 글리세린, 부틸렌글라이콜, 1,2-헥산다이올, 솔비톨, 하이드록시아세토페논, 프로판다이올, 글리세레스-25피씨에이아이소스테아레이트, 에틸헥실글리세린, 소듐시트레이트, 시트릭애씨드, 다이소듐이디티에이, 메틸다이아이소프로필프로피온아마이드, 녹두추출물, 잔탄검, 하이알루로닉애씨드, 하이드롤라이즈드하이알루로닉애씨드, 소듐하이알루로네이트, 카프릴로일살리실릭애씨드, 글루코노락톤, 녹두씨추출물, 글루코오스, 사과추출물, 밤껍질추출물, 감나무잎추출물, 파파인, 유채싹추출물, 브루셀스프라우트추출물, 해바라기싹추출물, 녹두싹추출물, 밀싹추출물, 아세틸헥사펩타이드-8, 카퍼트라이펩타이드-1, 다이펩타이드다이아미노부티로일벤질아마이드다이아세테이트, 헥사펩타이드-9, 노나펩타이드-1, 팔미토일헥사펩타이드-12, 팔미토일펜타펩타이드-4, 팔미토일테트라펩타이드-7, 팔미토일트라이펩타이드-1, 팔미토일트라이펩타이드-5, 펜타펩타이드-3, 트라이펩타이드-1","녹두추출물, 카프릴로일살리실릭애씨드(LHA), 글루코노락톤(PHA), 파파인, 복합 히알루론산",https://beplain.co.kr/shop/shopdetail.html?branduid=10739052,,,,,,,,,,,,,,,,,,,,,,,,,,,,,,,,,,,,,,,,,,,,,,,,,,,,,,,,,,,,,,,,,,,,,,,,,,,,,,,,,,,,,,,,,,,,,,,,,,,,,,,,,,,,,,,,,,,,,,,,,,,,,,,,,,,,,,,,,,,,,,,,,,,,,,,,,,,,,,,,,,,,,,,,,,,,,,,,,,,,,,,,,,,,,,,,,,,,,,,,,,,,,,,,,,,,,,,,,,,,,,,,,,,,,,,,,,,,,,,,,,,,,,,,,,,,,,,,,,,,,,,,,,,,,,,,,,,,,,,,,,,,,,,,,,,,,,,,,,,,,,,,,,,,,,,,,,,,,,,,,,,,,,,,,,,,,,,,,,,,,,,,,,,,,,,,,,,,,,,,,,,,,,,,,,,,,,,,,,,,,,,,,,,,,,,,,,,,,,,,,,,,,,,,,,,,,,,,,,,,,,,,,,,,,,,,,,,,,,,,,,,,,,,,,,,,,,,,,,,,,,,,,,,,,,,,,,,,
20,어성초 카밍 토너 스킨 부스터,"16,100",아비브,토너,200,"20대(100), 10대(75), 30대(50), 40대 이상(25)","지성(적극 추천), 수부지(적극 추천), 복합성(추천), 중성(추천), 건성(조건부 추천)",건성(1),"보습(3), 여드름(2), 민감성(3)","수분감, 빠른 흡수, 가벼움, 산뜻함, 촉촉함","향료 무첨가, 합성색소 무첨가, 파라벤 무첨가, 실리콘 무첨가, 에탄올 무첨가, 피부 자극 테스트 완료, 인체 적용 시험 완료, 데일리 케어","정제수, 글리세린, 부틸렌글라이콜, 펜틸렌글라이콜, 베타인, 1,2-헥산다이올, 자일리톨, 약모밀추출물, 판테놀, 에틸헥실글리세린, 소듐하이알루로네이트, 비피다발효용해물, 돌콩추출물, 다이소듐이디티에이, 하이드롤라이즈드하이알루로닉애씨드, 잔탄검, 옥탄다이올, 병풀추출물, 토코페롤, 인동덩굴꽃추출물, 황금추출물, 바이오사카라이드검-4, 파스향나무잎추출물","약모밀추출물, 병풀추출물, 복합 히알루론산, 판테놀, 베타인, 비피다발효용해물",https://abib.com/product/detail.html?product_no=133,,,,,,,,,,,,,,,,,,,,,,,,,,,,,,,,,,,,,,,,,,,,,,,,,,,,,,,,,,,,,,,,,,,,,,,,,,,,,,,,,,,,,,,,,,,,,,,,,,,,,,,,,,,,,,,,,,,,,,,,,,,,,,,,,,,,,,,,,,,,,,,,,,,,,,,,,,,,,,,,,,,,,,,,,,,,,,,,,,,,,,,,,,,,,,,,,,,,,,,,,,,,,,,,,,,,,,,,,,,,,,,,,,,,,,,,,,,,,,,,,,,,,,,,,,,,,,,,,,,,,,,,,,,,,,,,,,,,,,,,,,,,,,,,,,,,,,,,,,,,,,,,,,,,,,,,,,,,,,,,,,,,,,,,,,,,,,,,,,,,,,,,,,,,,,,,,,,,,,,,,,,,,,,,,,,,,,,,,,,,,,,,,,,,,,,,,,,,,,,,,,,,,,,,,,,,,,,,,,,,,,,,,,,,,,,,,,,,,,,,,,,,,,,,,,,,,,,,,,,,,,,,,,,,,,,,,,,,
21,비피다 바이옴 앰플 토너,"17,500",마녀공장,토너,400,"30대(100), 40대 이상(75), 20대(50), 10대(25)","건성(적극 추천), 수부지(적극 추천), 중성(추천), 복합성(추천), 지성(조건부 추천)",지성(2),보습(3),"촉촉함, 산뜻함, 수분감, 빠른 흡수, 끈적임 적음","향료 무첨가, 에탄올 무첨가, 실리콘 무첨가, 파라벤 무첨가, 약산성, 대용량, 데일리 케어","정제수, 부틸렌글라이콜, 글리세린, 프로판다이올, 펜틸렌글라이콜, 1,2-헥산다이올, 아이리쉬모스추출물, 사탕수수추출물, 베타인, 판테놀, 에틸헥실글리세린, 카프릴릭/카프릭트라이글리세라이드, 클로렐라 불가리스추출물, 다이소듐이디티에이, 글루코오스, 잔탄검, 하이드로제네이티드레시틴, 프룩토올리고사카라이드, 프룩토오스, 비피다발효용해물(38ppm), 세라마이드엔피, 버지니아풍년화수, 토코페롤, 알란토인, 락토바실러스/호박발효추출물, 락토바이오닉애씨드, 소듐하이알루로네이트크로스폴리머, 자일리틸글루코사이드, 안하이드로자일리톨, 하이드롤라이즈드글라이코사미노글리칸, 소듐하이알루로네이트, 쿠티박테리움 그라눌로숨발효추출여과물(10ppb), 자일리톨, 벤질글라이콜, 비피다발효여과물(2ppb), 락토바실러스발효용해물, 락토코쿠스발효용해물, 효모발효여과물, 하이드롤라이즈드하이알루로닉애씨드, 하이알루로닉애씨드, 흰버드나무껍질추출물","비피다발효용해물, 5종 프로바이오틱스, 복합 히알루론산, 판테놀, 베타인, 세라마이드엔피, 알란토인",https://www.manyo.co.kr/goods/goods_view.php?goodsNo=1326,,,,,,,,,,,,,,,,,,,,,,,,,,,,,,,,,,,,,,,,,,,,,,,,,,,,,,,,,,,,,,,,,,,,,,,,,,,,,,,,,,,,,,,,,,,,,,,,,,,,,,,,,,,,,,,,,,,,,,,,,,,,,,,,,,,,,,,,,,,,,,,,,,,,,,,,,,,,,,,,,,,,,,,,,,,,,,,,,,,,,,,,,,,,,,,,,,,,,,,,,,,,,,,,,,,,,,,,,,,,,,,,,,,,,,,,,,,,,,,,,,,,,,,,,,,,,,,,,,,,,,,,,,,,,,,,,,,,,,,,,,,,,,,,,,,,,,,,,,,,,,,,,,,,,,,,,,,,,,,,,,,,,,,,,,,,,,,,,,,,,,,,,,,,,,,,,,,,,,,,,,,,,,,,,,,,,,,,,,,,,,,,,,,,,,,,,,,,,,,,,,,,,,,,,,,,,,,,,,,,,,,,,,,,,,,,,,,,,,,,,,,,,,,,,,,,,,,,,,,,,,,,,,,,,,,,,,,,
22,시카테롤 토너,"31,200",비플레인,토너,200,"20대(100), 10대(75), 30대(50), 40대 이상(25)","지성(적극 추천), 수부지(적극 추천), 복합성(추천), 중성(추천), 건성(조건부 추천)",건성(1),"여드름(1), 민감성(1)","빠른 흡수, 가벼움, 산뜻함, 수분감, 끈적임 적음, 순한 사용감","향료 무첨가, 에탄올 무첨가, 실리콘 무첨가, 파라벤 무첨가, 데일리 케어","정제수, 프로판다이올, 병풀추출물, 1,2-헥산다이올, 베타-시토스테롤","병풀추출물, 베타시토스테롤",https://www.beplain.co.kr/index.html?branduid=139,,,,,,,,,,,,,,,,,,,,,,,,,,,,,,,,,,,,,,,,,,,,,,,,,,,,,,,,,,,,,,,,,,,,,,,,,,,,,,,,,,,,,,,,,,,,,,,,,,,,,,,,,,,,,,,,,,,,,,,,,,,,,,,,,,,,,,,,,,,,,,,,,,,,,,,,,,,,,,,,,,,,,,,,,,,,,,,,,,,,,,,,,,,,,,,,,,,,,,,,,,,,,,,,,,,,,,,,,,,,,,,,,,,,,,,,,,,,,,,,,,,,,,,,,,,,,,,,,,,,,,,,,,,,,,,,,,,,,,,,,,,,,,,,,,,,,,,,,,,,,,,,,,,,,,,,,,,,,,,,,,,,,,,,,,,,,,,,,,,,,,,,,,,,,,,,,,,,,,,,,,,,,,,,,,,,,,,,,,,,,,,,,,,,,,,,,,,,,,,,,,,,,,,,,,,,,,,,,,,,,,,,,,,,,,,,,,,,,,,,,,,,,,,,,,,,,,,,,,,,,,,,,,,,,,,,,,,,
23,아토베리어365 캡슐 토너,"24,000",에스트라,토너,300,"30대(100), 40대 이상(75), 20대(50), 10대(25)","건성(적극 추천), 수부지(추천), 중성(추천), 복합성(추천), 지성(조건부 추천)",지성(1),"보습(3), 민감성(2)","수분감, 촉촉함, 빠른 흡수, 매끈한 피부결, 쿨링감, 캡슐","극민감 테스트 완료, 논코메도제닉 테스트 완료, 피부과 테스트 완료, 인공향 무첨가, 합성색소 무첨가, 실리콘 무첨가, 파라벤 무첨가, 데일리 케어","정제수, 부틸렌글라이콜, 글리세린, 프로필렌글라이콜, 1,2-헥산다이올, 글루코노락톤, 에틸헥실글리세린, 칼슘클로라이드, 만니톨, 셀룰로오스, 셀룰로오스검, 트로메타민, 세틸-피지하이드록시에틸팔미타마이드, 스테아릭애씨드, 젤란검, 소듐시트레이트, 소듐글루코네이트, 벤조익애씨드, 세라마이드엔피, 하이드로제네이티드레시틴, 소듐벤조에이트, 실리카, 콜레스테롤, 스핑고리피드, 소듐하이알루로네이트, 하이드록시프로필메틸셀룰로우스, 토코페롤","세라마이드엔피, 유사 세라마이드, 콜레스테롤, 스핑고리피드, 히알루론산, 글루코노락톤",https://www.amoremall.com/kr/ko/product/detail?onlineProdCode=150100000685&onlineProdSn=69857,,,,,,,,,,,,,,,,,,,,,,,,,,,,,,,,,,,,,,,,,,,,,,,,,,,,,,,,,,,,,,,,,,,,,,,,,,,,,,,,,,,,,,,,,,,,,,,,,,,,,,,,,,,,,,,,,,,,,,,,,,,,,,,,,,,,,,,,,,,,,,,,,,,,,,,,,,,,,,,,,,,,,,,,,,,,,,,,,,,,,,,,,,,,,,,,,,,,,,,,,,,,,,,,,,,,,,,,,,,,,,,,,,,,,,,,,,,,,,,,,,,,,,,,,,,,,,,,,,,,,,,,,,,,,,,,,,,,,,,,,,,,,,,,,,,,,,,,,,,,,,,,,,,,,,,,,,,,,,,,,,,,,,,,,,,,,,,,,,,,,,,,,,,,,,,,,,,,,,,,,,,,,,,,,,,,,,,,,,,,,,,,,,,,,,,,,,,,,,,,,,,,,,,,,,,,,,,,,,,,,,,,,,,,,,,,,,,,,,,,,,,,,,,,,,,,,,,,,,,,,,,,,,,,,,,,,,,,
24,하이드라비오 토너,"29,500",바이오더마,토너,250,"30대(100), 20대(75), 40대 이상(50), 10대(25)","건성(적극 추천), 수부지(적극 추천), 중성(추천), 복합성(추천), 지성(조건부 추천)",지성(1),보습(2),"수분감, 촉촉함, 산뜻함, 빠른 흡수","에탄올 무첨가, 실리콘 무첨가, 파라벤 무첨가, 데일리 케어","정제수, 글리세린, 폴리솔베이트20, 다이소듐이디티에이, 세트리모늄브로마이드, 나이아신아마이드, 자일리톨, 알란토인, 프룩토올리고사카라이드, 만니톨, 헥실데칸올, 소듐하이드록사이드, 시트릭애씨드, 람노오스, 사과씨추출물, 유채스테롤, 토코페롤, 향료","글리세린, 나이아신아마이드, 자일리톨, 알란토인, 아쿠아지니움 복합체",https://naosmall.kr/product/바이오더마-하이드라비오-토너-250ml/1305/,,,,,,,,,,,,,,,,,,,,,,,,,,,,,,,,,,,,,,,,,,,,,,,,,,,,,,,,,,,,,,,,,,,,,,,,,,,,,,,,,,,,,,,,,,,,,,,,,,,,,,,,,,,,,,,,,,,,,,,,,,,,,,,,,,,,,,,,,,,,,,,,,,,,,,,,,,,,,,,,,,,,,,,,,,,,,,,,,,,,,,,,,,,,,,,,,,,,,,,,,,,,,,,,,,,,,,,,,,,,,,,,,,,,,,,,,,,,,,,,,,,,,,,,,,,,,,,,,,,,,,,,,,,,,,,,,,,,,,,,,,,,,,,,,,,,,,,,,,,,,,,,,,,,,,,,,,,,,,,,,,,,,,,,,,,,,,,,,,,,,,,,,,,,,,,,,,,,,,,,,,,,,,,,,,,,,,,,,,,,,,,,,,,,,,,,,,,,,,,,,,,,,,,,,,,,,,,,,,,,,,,,,,,,,,,,,,,,,,,,,,,,,,,,,,,,,,,,,,,,,,,,,,,,,,,,,,,,
25,크림 스킨 세라펩타이드™ 리파이너,"26,400",라네즈,토너,170,"40대 이상(100), 30대(75), 20대(50), 10대(25)","건성(적극 추천), 중성(추천), 복합성(추천), 수부지(조건부 추천), 지성(주의)","지성(3), 수부지(1)","보습(3), 탄력/주름(2)","촉촉함, 수분감, 윤광, 빠른 흡수, 발림성, 매끈한 피부결","피부과 테스트 완료, 인체 적용 시험 완료, 탄력 개선, 리필 가능, 재활용, 데일리 케어, 메이크업 전 사용, 겨울용","정제수, 부틸렌글라이콜, 글리세린, 메도우폼씨오일, 아이소펜틸다이올, 1,2-헥산다이올, 스쿠알란, 폴리글리세릴-10 스테아레이트, 글리세릴스테아레이트시트레이트, 소듐스테아로일글루타메이트, 이눌린라우릴카바메이트, 글리세릴카프릴레이트, 에틸헥실글리세린, 프로판다이올, 다이소듐이디티에이, 카보머, 만니톨, 아크릴레이트/ 스테아릴메타크릴레이트코폴리머, 흰목이버섯포자낭과추출물, 하이알루로닉애씨드, 녹차추출물, 잔탄검, 세라마이드엔피, 동백나무꽃추출물, 토코페롤, 아세틸테트라펩타이드-11","세라마이드엔피, 메도우폼씨오일, 스쿠알란, 아세틸테트라펩타이드-11, 흰목이버섯추출물, 히알루론산",https://www.laneige.com/product/크림-스킨-세라펩타이드-리파이너/65/,,,,,,,,,,,,,,,,,,,,,,,,,,,,,,,,,,,,,,,,,,,,,,,,,,,,,,,,,,,,,,,,,,,,,,,,,,,,,,,,,,,,,,,,,,,,,,,,,,,,,,,,,,,,,,,,,,,,,,,,,,,,,,,,,,,,,,,,,,,,,,,,,,,,,,,,,,,,,,,,,,,,,,,,,,,,,,,,,,,,,,,,,,,,,,,,,,,,,,,,,,,,,,,,,,,,,,,,,,,,,,,,,,,,,,,,,,,,,,,,,,,,,,,,,,,,,,,,,,,,,,,,,,,,,,,,,,,,,,,,,,,,,,,,,,,,,,,,,,,,,,,,,,,,,,,,,,,,,,,,,,,,,,,,,,,,,,,,,,,,,,,,,,,,,,,,,,,,,,,,,,,,,,,,,,,,,,,,,,,,,,,,,,,,,,,,,,,,,,,,,,,,,,,,,,,,,,,,,,,,,,,,,,,,,,,,,,,,,,,,,,,,,,,,,,,,,,,,,,,,,,,,,,,,,,,,,,,,
26,하이드라비오 에센스 로션,"23,200",바이오더마,토너,200,"30대(100), 20대(75), 40대 이상(50), 10대(25)","건성(적극 추천), 수부지(추천), 중성(추천), 복합성(추천), 지성(조건부 추천)","건성(1), 지성(1)","보습(2), 여드름(2), 피지/블랙헤드(2), 미백/잡티(2)","수분감, 촉촉함, 광채, 빠른 흡수, 발림성","미백, 에탄올 무첨가, 실리콘 무첨가, 파라벤 무첨가, 데일리 케어, 메이크업 전 사용","정제수,메틸프로판다이올,나이아신아마이드,피피지-26-부테스-26,피이지-40하이드로제네이티드캐스터오일,소듐피씨에이,다이소듐이디티에이,살리실릭애씨드,하이드록시에틸셀룰로오스,만니톨,소듐시트레이트,토코페릴아세테이트,자일리톨,헥실데칸올,세틸리도늄브로마이드,향료,벤조트라이아졸릴도데실-p-크레졸,람노오스,소듐하이드록사이드,사과씨추출물,유채스테롤,토코페롤","나이아신아마이드, 소듐피씨에이, 살리실릭애씨드, 자일리톨, 토코페릴아세테이트, 아쿠아지니움 복합체",https://naosmall.kr/,,,,,,,,,,,,,,,,,,,,,,,,,,,,,,,,,,,,,,,,,,,,,,,,,,,,,,,,,,,,,,,,,,,,,,,,,,,,,,,,,,,,,,,,,,,,,,,,,,,,,,,,,,,,,,,,,,,,,,,,,,,,,,,,,,,,,,,,,,,,,,,,,,,,,,,,,,,,,,,,,,,,,,,,,,,,,,,,,,,,,,,,,,,,,,,,,,,,,,,,,,,,,,,,,,,,,,,,,,,,,,,,,,,,,,,,,,,,,,,,,,,,,,,,,,,,,,,,,,,,,,,,,,,,,,,,,,,,,,,,,,,,,,,,,,,,,,,,,,,,,,,,,,,,,,,,,,,,,,,,,,,,,,,,,,,,,,,,,,,,,,,,,,,,,,,,,,,,,,,,,,,,,,,,,,,,,,,,,,,,,,,,,,,,,,,,,,,,,,,,,,,,,,,,,,,,,,,,,,,,,,,,,,,,,,,,,,,,,,,,,,,,,,,,,,,,,,,,,,,,,,,,,,,,,,,,,,,,
27,1번 진정 맑게담은 청초토너,"18,200",넘버즈인,토너,300,"20대(100), 10대(75), 30대(50), 40대 이상(25)","수부지(적극 추천), 지성(추천), 복합성(추천), 중성(추천), 건성(조건부 추천)",건성(1),"보습(2), 민감성(3)","수분감, 쿨링감, 촉촉함, 순한 사용감, 가벼움, 빠른 흡수","향료 무첨가, 에탄올 무첨가, 실리콘 무첨가, 파라벤 무첨가, 데일리 케어, 대용량","정제수, 1,2-헥산다이올, 다이프로필렌글라이콜, 프로판다이올, 부틸렌글라이콜, 글리세린, 감초뿌리추출물, 약모밀추출물, 카보머, 병풀추출물, 하이드록시에틸셀룰로오스, 알지닌, 알란토인, 다이소듐이디티에이, 하수오전초추출물, 베타인, 히아신스전초추출물, 판테놀, 알바수련꽃추출물","감초뿌리추출물, 약모밀추출물, 병풀추출물, 판테놀, 알란토인, 베타인",https://numbuzin.com/product/1번-진정-맑게담은-청초토너-300ml/24/,,,,,,,,,,,,,,,,,,,,,,,,,,,,,,,,,,,,,,,,,,,,,,,,,,,,,,,,,,,,,,,,,,,,,,,,,,,,,,,,,,,,,,,,,,,,,,,,,,,,,,,,,,,,,,,,,,,,,,,,,,,,,,,,,,,,,,,,,,,,,,,,,,,,,,,,,,,,,,,,,,,,,,,,,,,,,,,,,,,,,,,,,,,,,,,,,,,,,,,,,,,,,,,,,,,,,,,,,,,,,,,,,,,,,,,,,,,,,,,,,,,,,,,,,,,,,,,,,,,,,,,,,,,,,,,,,,,,,,,,,,,,,,,,,,,,,,,,,,,,,,,,,,,,,,,,,,,,,,,,,,,,,,,,,,,,,,,,,,,,,,,,,,,,,,,,,,,,,,,,,,,,,,,,,,,,,,,,,,,,,,,,,,,,,,,,,,,,,,,,,,,,,,,,,,,,,,,,,,,,,,,,,,,,,,,,,,,,,,,,,,,,,,,,,,,,,,,,,,,,,,,,,,,,,,,,,,,,
28,티트리 시카 수딩 토너,"13,500",브링그린,토너,250,"10대(100), 20대(75), 30대(50), 40대 이상(25)","지성(적극 추천), 수부지(적극 추천), 복합성(추천), 중성(조건부 추천), 건성(주의)","건성(3), 중성(1)","보습(2), 여드름(3), 피지/블랙헤드(2)","촉촉함, 순한 사용감, 쿨링감, 수분감, 가벼움, 산뜻함","피부 자극 테스트 완료, 여드름성, 데일리 케어, 향료 무첨가, 에탄올 무첨가, 실리콘 무첨가, 파라벤 무첨가","정제수, 다이프로필렌글라이콜, 1,2-헥산다이올, 부틸렌글라이콜, 티트리추출물, 티트리잎수, 베타인, 판테놀, 티트리잎추출물, 옥틸도데세스-16, 소듐시트레이트, 시트릭애씨드, 티트리잎오일, 티트리꽃/잎/줄기추출물, 베타인살리실레이트, 병풀추출물, 잔탄검","5중 티트리 복합체, 병풀추출물, 판테놀, 베타인, 베타인살리실레이트",https://www.oliveyoung.co.kr/store/goods/getGoodsDetail.do?goodsNo=A000000189181,,,,,,,,,,,,,,,,,,,,,,,,,,,,,,,,,,,,,,,,,,,,,,,,,,,,,,,,,,,,,,,,,,,,,,,,,,,,,,,,,,,,,,,,,,,,,,,,,,,,,,,,,,,,,,,,,,,,,,,,,,,,,,,,,,,,,,,,,,,,,,,,,,,,,,,,,,,,,,,,,,,,,,,,,,,,,,,,,,,,,,,,,,,,,,,,,,,,,,,,,,,,,,,,,,,,,,,,,,,,,,,,,,,,,,,,,,,,,,,,,,,,,,,,,,,,,,,,,,,,,,,,,,,,,,,,,,,,,,,,,,,,,,,,,,,,,,,,,,,,,,,,,,,,,,,,,,,,,,,,,,,,,,,,,,,,,,,,,,,,,,,,,,,,,,,,,,,,,,,,,,,,,,,,,,,,,,,,,,,,,,,,,,,,,,,,,,,,,,,,,,,,,,,,,,,,,,,,,,,,,,,,,,,,,,,,,,,,,,,,,,,,,,,,,,,,,,,,,,,,,,,,,,,,,,,,,,,,
29,오리지널 웰빙 녹차스킨,"4,300",시드물,토너,150,"20대(100), 10대(75), 30대(50), 40대 이상(25)","지성(적극 추천), 수부지(적극 추천), 중성(추천), 복합성(추천), 건성(조건부 추천)",건성(1),보습(2),"촉촉함, 수분감, 산뜻함, 가벼움","향료 무첨가, 에탄올 무첨가, 약산성, 데일리 케어","정제수,글리세린,녹차수(제주산,5%),부틸렌글라이콜,1,2-헥산다이올,알로에베라잎즙,에피갈로카테킨갈레이트,소듐하이알루로네이트, 폴리글루타믹애씨드,알란토인,토코페릴아세테이트,하이드롤라이즈드콜라겐,녹차추출물(0.5%),로즈마리잎추출물, 병풀추출물,마트리카리아꽃추출물,황금추출물,호장근뿌리추출물,폴리솔베이트20, 라벤더오일,카보머,알지닌","제주 녹차수 5%, 녹차추출물 0.5%, 글리세린, 알로에베라잎즙, 히알루론산, 폴리글루타믹애씨드, 알란토인",https://www.sidmool.com/shop/shopdetail.html?branduid=99,,,,,,,,,,,,,,,,,,,,,,,,,,,,,,,,,,,,,,,,,,,,,,,,,,,,,,,,,,,,,,,,,,,,,,,,,,,,,,,,,,,,,,,,,,,,,,,,,,,,,,,,,,,,,,,,,,,,,,,,,,,,,,,,,,,,,,,,,,,,,,,,,,,,,,,,,,,,,,,,,,,,,,,,,,,,,,,,,,,,,,,,,,,,,,,,,,,,,,,,,,,,,,,,,,,,,,,,,,,,,,,,,,,,,,,,,,,,,,,,,,,,,,,,,,,,,,,,,,,,,,,,,,,,,,,,,,,,,,,,,,,,,,,,,,,,,,,,,,,,,,,,,,,,,,,,,,,,,,,,,,,,,,,,,,,,,,,,,,,,,,,,,,,,,,,,,,,,,,,,,,,,,,,,,,,,,,,,,,,,,,,,,,,,,,,,,,,,,,,,,,,,,,,,,,,,,,,,,,,,,,,,,,,,,,,,,,,,,,,,,,,,,,,,,,,,,,,,,,,,,,,,,,,,,,,,,,,,
30,세라마이드 릴리프 하이드레이션 토너,"20,000",YBK,토너,120,"30대(100), 40대 이상(75), 20대(50), 10대(25)","건성(적극 추천), 수부지(적극 추천), 중성(추천), 복합성(추천), 지성(조건부 추천)",지성(2),"보습(3), 민감성(3)","촉촉함, 수분감, 산뜻함, 캡슐, 매끈한 피부결","약산성, 피부 자극 테스트 완료, 향료 무첨가, 에탄올 무첨가, 실리콘 무첨가, 파라벤 무첨가, 데일리 케어","병풀추출물, 1,2-헥산다이올, 글리세린, 프로판다이올, 정제수, 부틸렌글라이콜, 세라마이드엔피, 세라마이드엔에스, 세라마이드에이에스, 세라마이드에이피, 세라마이드이오피, 마데카소사이드, 아시아티코사이드, 아시아틱애씨드, 마데카식애씨드, 연꽃꽃추출물, 개똥쑥추출물, 쌀추출물, 효모발효물, 소듐하이알루로네이트, 포타슘하이알루로네이트, 하이알루로닉애씨드, 하이드롤라이즈드하이알루로닉애씨드, 소듐아세틸레이티드하이알루로네이트, 하이드록시프로필트라이모늄하이알루로네이트, 소듐하이알루로네이트크로스폴리머, 다이메틸실란올하이알루로네이트, 판테놀, 베타인, 옥틸도데세스-16, 알란토인, 하이드로제네이티드레시틴, 세테아릴알코올, 스테아릭애씨드, 다이소듐이디티에이, 스쿠알란, 에틸헥실글리세린, 콜레스테롤, 피토스핑고신","5종 세라마이드, 병풀추출물, 병풀 유효성분 4종, 복합 히알루론산, 판테놀, 베타인, 스쿠알란, 콜레스테롤, 피토스핑고신",https://ybk-cosmetics.com/product/세라마이드-릴리프-하이드레이션-토너-120ml/10/,,,,,,,,,,,,,,,,,,,,,,,,,,,,,,,,,,,,,,,,,,,,,,,,,,,,,,,,,,,,,,,,,,,,,,,,,,,,,,,,,,,,,,,,,,,,,,,,,,,,,,,,,,,,,,,,,,,,,,,,,,,,,,,,,,,,,,,,,,,,,,,,,,,,,,,,,,,,,,,,,,,,,,,,,,,,,,,,,,,,,,,,,,,,,,,,,,,,,,,,,,,,,,,,,,,,,,,,,,,,,,,,,,,,,,,,,,,,,,,,,,,,,,,,,,,,,,,,,,,,,,,,,,,,,,,,,,,,,,,,,,,,,,,,,,,,,,,,,,,,,,,,,,,,,,,,,,,,,,,,,,,,,,,,,,,,,,,,,,,,,,,,,,,,,,,,,,,,,,,,,,,,,,,,,,,,,,,,,,,,,,,,,,,,,,,,,,,,,,,,,,,,,,,,,,,,,,,,,,,,,,,,,,,,,,,,,,,,,,,,,,,,,,,,,,,,,,,,,,,,,,,,,,,,,,,,,,,,
31,아토베리어365 크림,"24,750",에스트라,크림,80,"40대 이상(100), 30대(75), 20대(50), 10대(25)","건성(적극 추천), 복합성(추천), 수부지(추천), 중성(추천), 지성(조건부 추천)",지성(2),보습(3),"촉촉함, 빠른 흡수, 발림성, 겉돌지 않음, 캡슐","피부과 테스트 완료, 데일리 케어, 인공향 무첨가, 합성색소 무첨가, 튜브형","정제수, 부틸렌글라이콜, 글리세린, 부틸렌글라이콜다이카프릴레이트/다이카프레이트, 세틸에틸헥사노에이트, 스쿠알란, 펜타에리스리틸테트라아이소스테아레이트, 다이카프릴릴카보네이트, 베헤닐알코올, 다이메티콘, 하이드록시프로필비스팔미타마이드엠이에이, 스테아릭애씨드, 베타인, 만니톨, C14-22알코올, 팔미틱애씨드, 하이드록시프로필비스라우라마이드엠이에이, 아라키딜알코올, 콜레스테롤, 폴리아크릴레이트-13, C12-20알킬글루코사이드, 알란토인, 아라키딜글루코사이드, 나이아신아마이드, 세라마이드엔피, 글리세릴카프릴레이트, 에틸헥실글리세린, 하이드로제네이티드폴리아이소부텐, 카보머, 트로메타민, 다이메티콘올, 폴리글리세릴-10라우레이트, 하이드로제네이티드레시틴, 에틸헥실팔미테이트, 아크릴레이트/암모늄메타크릴레이트코폴리머, 솔비탄아이소스테아레이트, 실리카, 피토스핑고신, 스핑고리피드, 아라키딕애씨드, 토코페롤, 올레익애씨드","세라마이드엔피, 유사 세라마이드, 콜레스테롤, 스쿠알란, 판테놀, 알란토인",https://www.hwahae.co.kr/goods/에스트라-아토베리어365-크림-80ml-3개-PLUS크림30ml-2PLUS로션30ml-2PLUS에센스25mlPLUS증정/70740?goods_tab=review_ingredients,,,,,,,,,,,,,,,,,,,,,,,,,,,,,,,,,,,,,,,,,,,,,,,,,,,,,,,,,,,,,,,,,,,,,,,,,,,,,,,,,,,,,,,,,,,,,,,,,,,,,,,,,,,,,,,,,,,,,,,,,,,,,,,,,,,,,,,,,,,,,,,,,,,,,,,,,,,,,,,,,,,,,,,,,,,,,,,,,,,,,,,,,,,,,,,,,,,,,,,,,,,,,,,,,,,,,,,,,,,,,,,,,,,,,,,,,,,,,,,,,,,,,,,,,,,,,,,,,,,,,,,,,,,,,,,,,,,,,,,,,,,,,,,,,,,,,,,,,,,,,,,,,,,,,,,,,,,,,,,,,,,,,,,,,,,,,,,,,,,,,,,,,,,,,,,,,,,,,,,,,,,,,,,,,,,,,,,,,,,,,,,,,,,,,,,,,,,,,,,,,,,,,,,,,,,,,,,,,,,,,,,,,,,,,,,,,,,,,,,,,,,,,,,,,,,,,,,,,,,,,,,,,,,,,,,,,,,,
32,리얼 히알루로닉 수딩 크림,"21,400",웰라쥬,크림,80,"20대(100), 30대(75), 40대 이상(50), 10대(25)","지성(적극 추천), 수부지(적극 추천), 복합성(추천), 중성(추천), 건성(조건부 추천)",건성(2),"보습(3), 탄력/주름(2)","가벼움, 빠른 흡수, 산뜻함, 촉촉함, 끈적임 적음, 수분감, 쿨링감","주름개선, 데일리 케어, 메이크업 전 사용, 튜브형","정제수, 부틸렌글라이콜, 글리세린, 1,2-헥산다이올, 나이아신아마이드, 하이드로제네이티드다이데센, 판테놀, 세테아릴알코올, 세틸에틸헥사노에이트, 트레할로오스, 메틸트라이메티콘, 비닐다이메티콘, 올리브오일폴리글리세릴-6에스터, 알지닌, 카보머, 소듐스테아로일락틸레이트, 하이드록시에틸아크릴레이트/소듐아크릴로일다이메틸타우레이트코폴리머, 하이드록시아세토페논, 에틸헥실글리세린, 알란토인, 아데노신, 트라이소듐에틸렌다이아민다이석시네이트, 다이소듐이디티에이, 소듐폴리아크릴레이트, 피브이엠/엠에이코폴리머, 솔비탄아이소스테아레이트, 말라카이트추출물, 소듐디엔에이, 프로판다이올, 토코페롤, 하이드롤라이즈드하이알루로닉애씨드(1ppm), 다이메틸아이소소바이드, 하이드로제네이티드레시틴, 소듐하이알루로네이트크로스폴리머(0.1981ppm), 시트릭애씨드, 카프릴릭/카프릭트라이글리세라이드, 수크로오스라우레이트, 올레일알코올, 소듐스테아로일글루타메이트, 암모늄아크릴로일다이메틸타우레이트/브이피코폴리머, 글라이신, 세린, 히스티딘, 돌콩추출물, 리솔레시틴, 플로레틴, 테트라하이드로피페린, 벤질글라이콜, 하이드롤라이즈드글라이코사미노글리칸, 소듐하이알루로네이트(0.52ppb), 하이드록시프로필트라이모늄하이알루로네이트(0.012ppb), 하이알루로닉애씨드(0.001ppb), 소듐아세틸레이티드하이알루로네이트(0.0002ppb)","히알루론산 복합체, 나이아신아마이드, 판테놀, 알란토인, 소듐디엔에이, 트레할로오스",https://www.hwahae.co.kr/goods/웰라쥬-only화해-리얼-히알루로닉-수딩크림-80ml-PLUS블루-앰플-마스크-2매-증정/75134?goods_tab=review_ingredients,,,,,,,,,,,,,,,,,,,,,,,,,,,,,,,,,,,,,,,,,,,,,,,,,,,,,,,,,,,,,,,,,,,,,,,,,,,,,,,,,,,,,,,,,,,,,,,,,,,,,,,,,,,,,,,,,,,,,,,,,,,,,,,,,,,,,,,,,,,,,,,,,,,,,,,,,,,,,,,,,,,,,,,,,,,,,,,,,,,,,,,,,,,,,,,,,,,,,,,,,,,,,,,,,,,,,,,,,,,,,,,,,,,,,,,,,,,,,,,,,,,,,,,,,,,,,,,,,,,,,,,,,,,,,,,,,,,,,,,,,,,,,,,,,,,,,,,,,,,,,,,,,,,,,,,,,,,,,,,,,,,,,,,,,,,,,,,,,,,,,,,,,,,,,,,,,,,,,,,,,,,,,,,,,,,,,,,,,,,,,,,,,,,,,,,,,,,,,,,,,,,,,,,,,,,,,,,,,,,,,,,,,,,,,,,,,,,,,,,,,,,,,,,,,,,,,,,,,,,,,,,,,,,,,,,,,,,,
33,아쿠아 스쿠알란 수분크림,"28,900",에스네이처,크림,80,"30대(100), 20대(75), 40대 이상(50), 10대(25)","건성(적극 추천), 수부지(적극 추천), 복합성(추천), 중성(추천), 지성(조건부 추천)",지성(2),보습(3),"촉촉함, 쫀쫀함, 빠른 흡수, 수분감, 윤광, 무향","피부 자극 테스트 완료, 데일리 케어, 튜브형","정제수, 스쿠알란(150,000ppm), 글리세린, 1,2-헥산다이올, 베타인, 판테놀, 소듐하이알루로네이트, 하이드롤라이즈드콜라겐, 하이드록시프로필트라이모늄하이알루로네이트, 하이드롤라이즈드하이알루로닉애씨드, 소듐아세틸레이티드하이알루로네이트, 아세틸헥사펩타이드-8, 아데노신, 하이알루로닉애씨드, 하이드롤라이즈드소듐하이알루로네이트, 소듐하이알루로네이트크로스폴리머, 포타슘하이알루로네이트, 아크릴레이트/C10-30알킬아크릴레이트크로스폴리머, 알지닌, 알란토인, 자일리틸글루코사이드, 안하이드로자일리톨, 자일리톨, 글루코오스, 부틸렌글라이콜, 암모늄아크릴로일다이메틸타우레이트/브이피코폴리머, 카프릴릴글라이콜","스쿠알란(150,000ppm), 히알루론산 복합체, 판테놀, 베타인, 알란토인, 하이드롤라이즈드콜라겐",https://www.hwahae.co.kr/goods/에스네이처-only화해-아쿠아-스쿠알란-수분크림-80ml-더블PLUS세럼-10ml-세트/45194?goods_tab=review_ingredients,,,,,,,,,,,,,,,,,,,,,,,,,,,,,,,,,,,,,,,,,,,,,,,,,,,,,,,,,,,,,,,,,,,,,,,,,,,,,,,,,,,,,,,,,,,,,,,,,,,,,,,,,,,,,,,,,,,,,,,,,,,,,,,,,,,,,,,,,,,,,,,,,,,,,,,,,,,,,,,,,,,,,,,,,,,,,,,,,,,,,,,,,,,,,,,,,,,,,,,,,,,,,,,,,,,,,,,,,,,,,,,,,,,,,,,,,,,,,,,,,,,,,,,,,,,,,,,,,,,,,,,,,,,,,,,,,,,,,,,,,,,,,,,,,,,,,,,,,,,,,,,,,,,,,,,,,,,,,,,,,,,,,,,,,,,,,,,,,,,,,,,,,,,,,,,,,,,,,,,,,,,,,,,,,,,,,,,,,,,,,,,,,,,,,,,,,,,,,,,,,,,,,,,,,,,,,,,,,,,,,,,,,,,,,,,,,,,,,,,,,,,,,,,,,,,,,,,,,,,,,,,,,,,,,,,,,,,,
34,다이브인 저분자 히알루론산 수딩 크림,"18,500",토리든,크림,100,"20대(100), 30대(75), 10대(50), 40대 이상(25)","수부지(적극 추천), 지성(추천), 복합성(추천), 중성(추천), 건성(조건부 추천)",건성(2),"보습(3), 민감성(3)","가벼움, 촉촉함, 빠른 흡수, 수분감, 쿨링감, 끈적임 적음","비건 인증, 약산성, 피부 자극 테스트 완료, 데일리 케어, 메이크업 전 사용, 튜브형","정제수, 부틸렌글라이콜, 글리세린, 1,2-헥산다이올, 하이드로제네이티드다이데센, 카프릴릭/카프릭트라이글리세라이드, 판테놀, 소듐하이알루로네이트, 소듐하이알루로네이트크로스폴리머, 하이드롤라이즈드소듐하이알루로네이트, 소듐아세틸레이티드하이알루로네이트, 하이드롤라이즈드하이알루로닉애씨드(500ppm), 알란토인, 엑토인, 감초추출물, 트레할로오스, 버지니아풍년화추출물, 글리세릴아크릴레이트/아크릴릭애씨드코폴리머, 피브이엠/엠에이코폴리머, 하이드록시에틸아크릴레이트/소듐아크릴로일다이메틸타우레이트코폴리머, 2,3-부탄다이올, 세테아릴알코올, C14-22알코올, C12-20알킬글루코사이드, 펜틸렌글라이콜, 솔비탄아이소스테아레이트, 카프릴릴메티콘, 클레리추출물, 라벤더꽃추출물, 히아신스전초추출물, 마트리카리아꽃추출물, 수레국화꽃추출물, 보리지추출물, 다이소듐이디티에이, 카보머, 트로메타민, 잔탄검, 글루타티온, 말라카이트추출물, 글루코닉애씨드, 에틸헥실글리세린","히알루론산 복합체, 판테놀, 알란토인, 엑토인, 감초추출물, 트레할로오스",https://www.hwahae.co.kr/goods/토리든-다이브인-저분자-히알루론산-수딩-크림-100ml-튜브형-소비기한-2028-02/79315?goods_tab=review_ingredients,,,,,,,,,,,,,,,,,,,,,,,,,,,,,,,,,,,,,,,,,,,,,,,,,,,,,,,,,,,,,,,,,,,,,,,,,,,,,,,,,,,,,,,,,,,,,,,,,,,,,,,,,,,,,,,,,,,,,,,,,,,,,,,,,,,,,,,,,,,,,,,,,,,,,,,,,,,,,,,,,,,,,,,,,,,,,,,,,,,,,,,,,,,,,,,,,,,,,,,,,,,,,,,,,,,,,,,,,,,,,,,,,,,,,,,,,,,,,,,,,,,,,,,,,,,,,,,,,,,,,,,,,,,,,,,,,,,,,,,,,,,,,,,,,,,,,,,,,,,,,,,,,,,,,,,,,,,,,,,,,,,,,,,,,,,,,,,,,,,,,,,,,,,,,,,,,,,,,,,,,,,,,,,,,,,,,,,,,,,,,,,,,,,,,,,,,,,,,,,,,,,,,,,,,,,,,,,,,,,,,,,,,,,,,,,,,,,,,,,,,,,,,,,,,,,,,,,,,,,,,,,,,,,,,,,,,,,,
35,PDRN 히알루론산 100 수분 크림,"19,500",아누아,크림,60,"30대(100), 40대 이상(75), 20대(50), 10대(25)","건성(적극 추천), 수부지(적극 추천), 복합성(추천), 중성(추천), 지성(조건부 추천)",지성(2),"보습(3), 미백/잡티(2), 탄력/주름(2)","산뜻함, 빠른 흡수, 수분감, 윤광, 광채, 끈적임 적음, 쿨링감","데일리 케어, 메이크업 전 사용, 튜브형","정제수, 스쿠알란, 글리세린, 나이아신아마이드, 펜틸렌글라이콜, 1,2-헥산다이올, 소듐디엔에이(1,000ppm), 하이드롤라이즈드콜라겐(1,000ppm), 소듐하이알루로네이트(600ppm), 인도멀구슬나무잎추출물, 하이드롤라이즈드하이알루로닉애씨드(300ppm), 인도멀구슬나무꽃추출물, 아이비고드열매추출물, 하이알루로닉애씨드(100ppm), 알로에베라꽃추출물, 가지열매추출물, 홀리바질잎추출물, 참산호말추출물, 울금뿌리추출물, 병풀잎추출물, 다이페닐실록시페닐트라이메티콘, 피씨에이다이메티콘, 부틸렌글라이콜, 프로판다이올, 암모늄아크릴로일다이메틸타우레이트/브이피코폴리머, 다이글리세린, 하이드록시에틸아크릴레이트/소듐아크릴로일다이메틸타우레이트코폴리머, 아크릴레이트/C10-30알킬아크릴레이트크로스폴리머, C12-20알킬글루코사이드, 메틸프로판다이올, 에틸헥실글리세린, 아데노신, 소듐파이테이트, 아미노메틸프로판다이올, 피브이엠/엠에이코폴리머, 마데카소사이드, C12-13알케스-9, 다이메틸실란올하이알루로네이트(750ppb), 하이드롤라이즈드소듐하이알루로네이트(750ppb), 아시아티코사이드, 포타슘하이알루로네이트(500ppb), 하이드록시프로필트라이모늄하이알루로네이트(400ppb), 소듐하이알루로네이트크로스폴리머(400ppb), 소듐하이알루로네이트다이메틸실란올(250ppb), 소듐아세틸레이티드하이알루로네이트(200ppb), 베헤닐알코올, C14-22알코올, 카보머","소듐디엔에이(1,000ppm), 히알루론산 복합체, 스쿠알란, 하이드롤라이즈드콜라겐(1,000ppm), 나이아신아마이드, 병풀 유효 성분",https://www.hwahae.co.kr/goods/아누아-only화해-피디알엔-히알루론산캡슐-100-크림-기획-60mlPLUS10mlPLUS마스크팩-2매/70767?goods_tab=review_ingredients,,,,,,,,,,,,,,,,,,,,,,,,,,,,,,,,,,,,,,,,,,,,,,,,,,,,,,,,,,,,,,,,,,,,,,,,,,,,,,,,,,,,,,,,,,,,,,,,,,,,,,,,,,,,,,,,,,,,,,,,,,,,,,,,,,,,,,,,,,,,,,,,,,,,,,,,,,,,,,,,,,,,,,,,,,,,,,,,,,,,,,,,,,,,,,,,,,,,,,,,,,,,,,,,,,,,,,,,,,,,,,,,,,,,,,,,,,,,,,,,,,,,,,,,,,,,,,,,,,,,,,,,,,,,,,,,,,,,,,,,,,,,,,,,,,,,,,,,,,,,,,,,,,,,,,,,,,,,,,,,,,,,,,,,,,,,,,,,,,,,,,,,,,,,,,,,,,,,,,,,,,,,,,,,,,,,,,,,,,,,,,,,,,,,,,,,,,,,,,,,,,,,,,,,,,,,,,,,,,,,,,,,,,,,,,,,,,,,,,,,,,,,,,,,,,,,,,,,,,,,,,,,,,,,,,,,,,,,
36,다이브인 저분자 히알루론산 크림,"₩18,500",토리든,크림,100,"20대(100), 10대(75), 30대(50), 40대 이상(25)","수부지(적극 추천), 지성(추천), 복합성(추천), 중성(추천), 건성(조건부 추천)",건성(1),"보습(2), 탄력/주름(2)","가벼움, 촉촉함, 빠른 흡수, 수분감, 끈적임 적음","비건 인증, 약산성, 피부 자극 테스트 완료, 데일리 케어, 메이크업 전 사용, 튜브형","정제수, 부틸렌글라이콜, 글리세린, 1,2-헥산다이올, 하이드로제네이티드다이데센, 카프릴릭/카프릭트라이글리세라이드, 판테놀, 소듐하이알루로네이트, 소듐하이알루로네이트크로스폴리머, 하이드롤라이즈드소듐하이알루로네이트, 소듐아세틸레이티드하이알루로네이트, 하이드롤라이즈드하이알루로닉애씨드(500ppm), 알란토인, 엑토인, 감초추출물, 트레할로오스, 버지니아풍년화추출물, 글리세릴아크릴레이트/아크릴릭애씨드코폴리머, 피브이엠/엠에이코폴리머, 하이드록시에틸아크릴레이트/소듐아크릴로일다이메틸타우레이트코폴리머, 2,3-부탄다이올, 세테아릴알코올, C14-22알코올, C12-20알킬글루코사이드, 펜틸렌글라이콜, 솔비탄아이소스테아레이트, 카프릴릴메티콘, 클레리추출물, 라벤더꽃추출물, 히아신스전초추출물, 마트리카리아꽃추출물, 수레국화꽃추출물, 보리지추출물, 다이소듐이디티에이, 카보머, 트로메타민, 잔탄검, 글루타티온, 말라카이트추출물, 글루코닉애씨드, 에틸헥실글리세린","5D 복합 저분자 히알루론산, 알란토인, 올리고펩타이드-1",https://www.hwahae.co.kr/goods/토리든-only화해-다이브인-저분자-히알루론산-크림100ml기획-PLUS세럼10mlPLUS클렌징30ml/46604?goods_tab=review_ingredients,,,,,,,,,,,,,,,,,,,,,,,,,,,,,,,,,,,,,,,,,,,,,,,36,다이브인 저분자 히알루론산 크림,"₩18,500",토리든,크림,"지성, 건성, 중성, 복합성, 수부지",100,"30대(1), 20대(2), 40대 이상(3), 10대(4)","보습, 수분, 진정","정제수, 부틸렌글라이콜, 글리세린, 1,2-헥산다이올, 하이드로제네이티드다이데센, 카프릴릭/카프릭트라이글리세라이드, 판테놀, 소듐하이알루로네이트, 소듐하이알루로네이트크로스폴리머, 하이드롤라이즈드소듐하이알루로네이트, 소듐아세틸레이티드하이알루로네이트, 하이드롤라이즈드하이알루로닉애씨드(500ppm), 알란토인, 엑토인, 감초추출물, 트레할로오스, 버지니아풍년화추출물, 글리세릴아크릴레이트/아크릴릭애씨드코폴리머, 피브이엠/엠에이코폴리머, 하이드록시에틸아크릴레이트/소듐아크릴로일다이메틸타우레이트코폴리머, 2,3-부탄다이올, 세테아릴알코올, C14-22알코올, C12-20알킬글루코사이드, 펜틸렌글라이콜, 솔비탄아이소스테아레이트, 카프릴릴메티콘, 클레리추출물, 라벤더꽃추출물, 히아신스전초추출물, 마트리카리아꽃추출물, 수레국화꽃추출물, 보리지추출물, 다이소듐이디티에이, 카보머, 트로메타민, 잔탄검, 글루타티온, 말라카이트추출물, 글루코닉애씨드, 에틸헥실글리세린","5D 복합 저분자 히알루론산, 알란토인, 올리고펩타이드-1",,"수분감, 촉촉함","비건 인증, 약산성 포뮬러, 피부 자극 테스트",https://www.hwahae.co.kr/goods/토리든-only화해-다이브인-저분자-히알루론산-크림100ml기획-PLUS세럼10mlPLUS클렌징30ml/46604?goods_tab=review_ingredients,,중복·제품명 수정 필요,높음,"수부지(적극 추천), 지성(추천), 복합성(추천), 중성(추천), 건성(조건부 추천)","보습/수분, 트러블 진정",버지니아풍년화잎추출물과 식물추출물에 민감한 피부는 자극 여부 확인. 건성은 겨울철 보습막 보완 권장,"히알루론산 복합체, 판테놀, 알란토인, 엑토인, 감초추출물, 트레할로오스",제품명을 현재 확인되는 다이브인 저분자 히알루론산 수딩 크림으로 통일 권장. 전성분에 없는 올리고펩타이드-1 삭제. 34번과 동일 제품으로 판단되므로 두 행 중 하나 삭제 권장,"34번과 브랜드·가격·용량뿐 아니라 전성분까지 동일하며, 공식몰도 100ml 수딩 크림으로 판매함. 별도 제품으로 유지할 근거가 부족함","토리든 공식 제품 정보, 토리든 공식 튜브형 제품 정보","가벼움, 촉촉함, 빠른 흡수, 수분감, 끈적임 적음","비건 인증, 약산성, 피부 자극 테스트 완료, 데일리 케어, 메이크업 전 사용, 튜브형",,,,,36,다이브인 저분자 히알루론산 크림,"₩18,500",토리든,크림,"지성, 건성, 중성, 복합성, 수부지",100,"30대(1), 20대(2), 40대 이상(3), 10대(4)","보습, 수분, 진정","정제수, 부틸렌글라이콜, 글리세린, 1,2-헥산다이올, 하이드로제네이티드다이데센, 카프릴릭/카프릭트라이글리세라이드, 판테놀, 소듐하이알루로네이트, 소듐하이알루로네이트크로스폴리머, 하이드롤라이즈드소듐하이알루로네이트, 소듐아세틸레이티드하이알루로네이트, 하이드롤라이즈드하이알루로닉애씨드(500ppm), 알란토인, 엑토인, 감초추출물, 트레할로오스, 버지니아풍년화추출물, 글리세릴아크릴레이트/아크릴릭애씨드코폴리머, 피브이엠/엠에이코폴리머, 하이드록시에틸아크릴레이트/소듐아크릴로일다이메틸타우레이트코폴리머, 2,3-부탄다이올, 세테아릴알코올, C14-22알코올, C12-20알킬글루코사이드, 펜틸렌글라이콜, 솔비탄아이소스테아레이트, 카프릴릴메티콘, 클레리추출물, 라벤더꽃추출물, 히아신스전초추출물, 마트리카리아꽃추출물, 수레국화꽃추출물, 보리지추출물, 다이소듐이디티에이, 카보머, 트로메타민, 잔탄검, 글루타티온, 말라카이트추출물, 글루코닉애씨드, 에틸헥실글리세린","5D 복합 저분자 히알루론산, 알란토인, 올리고펩타이드-1",,"수분감, 촉촉함","비건 인증, 약산성 포뮬러, 피부 자극 테스트",https://www.hwahae.co.kr/goods/토리든-only화해-다이브인-저분자-히알루론산-크림100ml기획-PLUS세럼10mlPLUS클렌징30ml/46604?goods_tab=review_ingredients,,중복·제품명 수정 필요,높음,"수부지(적극 추천), 지성(추천), 복합성(추천), 중성(추천), 건성(조건부 추천)","보습/수분, 트러블 진정",버지니아풍년화잎추출물과 식물추출물에 민감한 피부는 자극 여부 확인. 건성은 겨울철 보습막 보완 권장,"히알루론산 복합체, 판테놀, 알란토인, 엑토인, 감초추출물, 트레할로오스",제품명을 현재 확인되는 다이브인 저분자 히알루론산 수딩 크림으로 통일 권장. 전성분에 없는 올리고펩타이드-1 삭제. 34번과 동일 제품으로 판단되므로 두 행 중 하나 삭제 권장,"34번과 브랜드·가격·용량뿐 아니라 전성분까지 동일하며, 공식몰도 100ml 수딩 크림으로 판매함. 별도 제품으로 유지할 근거가 부족함","토리든 공식 제품 정보, 토리든 공식 튜브형 제품 정보","가벼움, 촉촉함, 빠른 흡수, 수분감, 끈적임 적음","비건 인증, 약산성, 피부 자극 테스트 완료, 데일리 케어, 메이크업 전 사용, 튜브형",,,,,36,다이브인 저분자 히알루론산 크림,"₩18,500",토리든,크림,"지성, 건성, 중성, 복합성, 수부지",100,"30대(1), 20대(2), 40대 이상(3), 10대(4)","보습, 수분, 진정","정제수, 부틸렌글라이콜, 글리세린, 1,2-헥산다이올, 하이드로제네이티드다이데센, 카프릴릭/카프릭트라이글리세라이드, 판테놀, 소듐하이알루로네이트, 소듐하이알루로네이트크로스폴리머, 하이드롤라이즈드소듐하이알루로네이트, 소듐아세틸레이티드하이알루로네이트, 하이드롤라이즈드하이알루로닉애씨드(500ppm), 알란토인, 엑토인, 감초추출물, 트레할로오스, 버지니아풍년화추출물, 글리세릴아크릴레이트/아크릴릭애씨드코폴리머, 피브이엠/엠에이코폴리머, 하이드록시에틸아크릴레이트/소듐아크릴로일다이메틸타우레이트코폴리머, 2,3-부탄다이올, 세테아릴알코올, C14-22알코올, C12-20알킬글루코사이드, 펜틸렌글라이콜, 솔비탄아이소스테아레이트, 카프릴릴메티콘, 클레리추출물, 라벤더꽃추출물, 히아신스전초추출물, 마트리카리아꽃추출물, 수레국화꽃추출물, 보리지추출물, 다이소듐이디티에이, 카보머, 트로메타민, 잔탄검, 글루타티온, 말라카이트추출물, 글루코닉애씨드, 에틸헥실글리세린","5D 복합 저분자 히알루론산, 알란토인, 올리고펩타이드-1",,"수분감, 촉촉함","비건 인증, 약산성 포뮬러, 피부 자극 테스트",https://www.hwahae.co.kr/goods/토리든-only화해-다이브인-저분자-히알루론산-크림100ml기획-PLUS세럼10mlPLUS클렌징30ml/46604?goods_tab=review_ingredients,,중복·제품명 수정 필요,높음,"수부지(적극 추천), 지성(추천), 복합성(추천), 중성(추천), 건성(조건부 추천)","보습/수분, 트러블 진정",버지니아풍년화잎추출물과 식물추출물에 민감한 피부는 자극 여부 확인. 건성은 겨울철 보습막 보완 권장,"히알루론산 복합체, 판테놀, 알란토인, 엑토인, 감초추출물, 트레할로오스",제품명을 현재 확인되는 다이브인 저분자 히알루론산 수딩 크림으로 통일 권장. 전성분에 없는 올리고펩타이드-1 삭제. 34번과 동일 제품으로 판단되므로 두 행 중 하나 삭제 권장,"34번과 브랜드·가격·용량뿐 아니라 전성분까지 동일하며, 공식몰도 100ml 수딩 크림으로 판매함. 별도 제품으로 유지할 근거가 부족함","토리든 공식 제품 정보, 토리든 공식 튜브형 제품 정보","가벼움, 촉촉함, 빠른 흡수, 수분감, 끈적임 적음","비건 인증, 약산성, 피부 자극 테스트 완료, 데일리 케어, 메이크업 전 사용, 튜브형",,,,,36,다이브인 저분자 히알루론산 크림,"₩18,500",토리든,크림,"지성, 건성, 중성, 복합성, 수부지",100,"30대(1), 20대(2), 40대 이상(3), 10대(4)","보습, 수분, 진정","정제수, 부틸렌글라이콜, 글리세린, 1,2-헥산다이올, 하이드로제네이티드다이데센, 카프릴릭/카프릭트라이글리세라이드, 판테놀, 소듐하이알루로네이트, 소듐하이알루로네이트크로스폴리머, 하이드롤라이즈드소듐하이알루로네이트, 소듐아세틸레이티드하이알루로네이트, 하이드롤라이즈드하이알루로닉애씨드(500ppm), 알란토인, 엑토인, 감초추출물, 트레할로오스, 버지니아풍년화추출물, 글리세릴아크릴레이트/아크릴릭애씨드코폴리머, 피브이엠/엠에이코폴리머, 하이드록시에틸아크릴레이트/소듐아크릴로일다이메틸타우레이트코폴리머, 2,3-부탄다이올, 세테아릴알코올, C14-22알코올, C12-20알킬글루코사이드, 펜틸렌글라이콜, 솔비탄아이소스테아레이트, 카프릴릴메티콘, 클레리추출물, 라벤더꽃추출물, 히아신스전초추출물, 마트리카리아꽃추출물, 수레국화꽃추출물, 보리지추출물, 다이소듐이디티에이, 카보머, 트로메타민, 잔탄검, 글루타티온, 말라카이트추출물, 글루코닉애씨드, 에틸헥실글리세린","5D 복합 저분자 히알루론산, 알란토인, 올리고펩타이드-1",,"수분감, 촉촉함","비건 인증, 약산성 포뮬러, 피부 자극 테스트",https://www.hwahae.co.kr/goods/토리든-only화해-다이브인-저분자-히알루론산-크림100ml기획-PLUS세럼10mlPLUS클렌징30ml/46604?goods_tab=review_ingredients,,중복·제품명 수정 필요,높음,"수부지(적극 추천), 지성(추천), 복합성(추천), 중성(추천), 건성(조건부 추천)","보습/수분, 트러블 진정",버지니아풍년화잎추출물과 식물추출물에 민감한 피부는 자극 여부 확인. 건성은 겨울철 보습막 보완 권장,"히알루론산 복합체, 판테놀, 알란토인, 엑토인, 감초추출물, 트레할로오스",제품명을 현재 확인되는 다이브인 저분자 히알루론산 수딩 크림으로 통일 권장. 전성분에 없는 올리고펩타이드-1 삭제. 34번과 동일 제품으로 판단되므로 두 행 중 하나 삭제 권장,"34번과 브랜드·가격·용량뿐 아니라 전성분까지 동일하며, 공식몰도 100ml 수딩 크림으로 판매함. 별도 제품으로 유지할 근거가 부족함","토리든 공식 제품 정보, 토리든 공식 튜브형 제품 정보","가벼움, 촉촉함, 빠른 흡수, 수분감, 끈적임 적음","비건 인증, 약산성, 피부 자극 테스트 완료, 데일리 케어, 메이크업 전 사용, 튜브형",,,,,36,다이브인 저분자 히알루론산 크림,"₩18,500",토리든,크림,"지성, 건성, 중성, 복합성, 수부지",100,"30대(1), 20대(2), 40대 이상(3), 10대(4)","보습, 수분, 진정","정제수, 부틸렌글라이콜, 글리세린, 1,2-헥산다이올, 하이드로제네이티드다이데센, 카프릴릭/카프릭트라이글리세라이드, 판테놀, 소듐하이알루로네이트, 소듐하이알루로네이트크로스폴리머, 하이드롤라이즈드소듐하이알루로네이트, 소듐아세틸레이티드하이알루로네이트, 하이드롤라이즈드하이알루로닉애씨드(500ppm), 알란토인, 엑토인, 감초추출물, 트레할로오스, 버지니아풍년화추출물, 글리세릴아크릴레이트/아크릴릭애씨드코폴리머, 피브이엠/엠에이코폴리머, 하이드록시에틸아크릴레이트/소듐아크릴로일다이메틸타우레이트코폴리머, 2,3-부탄다이올, 세테아릴알코올, C14-22알코올, C12-20알킬글루코사이드, 펜틸렌글라이콜, 솔비탄아이소스테아레이트, 카프릴릴메티콘, 클레리추출물, 라벤더꽃추출물, 히아신스전초추출물, 마트리카리아꽃추출물, 수레국화꽃추출물, 보리지추출물, 다이소듐이디티에이, 카보머, 트로메타민, 잔탄검, 글루타티온, 말라카이트추출물, 글루코닉애씨드, 에틸헥실글리세린","5D 복합 저분자 히알루론산, 알란토인, 올리고펩타이드-1",,"수분감, 촉촉함","비건 인증, 약산성 포뮬러, 피부 자극 테스트",https://www.hwahae.co.kr/goods/토리든-only화해-다이브인-저분자-히알루론산-크림100ml기획-PLUS세럼10mlPLUS클렌징30ml/46604?goods_tab=review_ingredients,,중복·제품명 수정 필요,높음,"수부지(적극 추천), 지성(추천), 복합성(추천), 중성(추천), 건성(조건부 추천)","보습/수분, 트러블 진정",버지니아풍년화잎추출물과 식물추출물에 민감한 피부는 자극 여부 확인. 건성은 겨울철 보습막 보완 권장,"히알루론산 복합체, 판테놀, 알란토인, 엑토인, 감초추출물, 트레할로오스",제품명을 현재 확인되는 다이브인 저분자 히알루론산 수딩 크림으로 통일 권장. 전성분에 없는 올리고펩타이드-1 삭제. 34번과 동일 제품으로 판단되므로 두 행 중 하나 삭제 권장,"34번과 브랜드·가격·용량뿐 아니라 전성분까지 동일하며, 공식몰도 100ml 수딩 크림으로 판매함. 별도 제품으로 유지할 근거가 부족함","토리든 공식 제품 정보, 토리든 공식 튜브형 제품 정보","가벼움, 촉촉함, 빠른 흡수, 수분감, 끈적임 적음","비건 인증, 약산성, 피부 자극 테스트 완료, 데일리 케어, 메이크업 전 사용, 튜브형",,,,,36,다이브인 저분자 히알루론산 크림,"₩18,500",토리든,크림,"지성, 건성, 중성, 복합성, 수부지",100,"30대(1), 20대(2), 40대 이상(3), 10대(4)","보습, 수분, 진정","정제수, 부틸렌글라이콜, 글리세린, 1,2-헥산다이올, 하이드로제네이티드다이데센, 카프릴릭/카프릭트라이글리세라이드, 판테놀, 소듐하이알루로네이트, 소듐하이알루로네이트크로스폴리머, 하이드롤라이즈드소듐하이알루로네이트, 소듐아세틸레이티드하이알루로네이트, 하이드롤라이즈드하이알루로닉애씨드(500ppm), 알란토인, 엑토인, 감초추출물, 트레할로오스, 버지니아풍년화추출물, 글리세릴아크릴레이트/아크릴릭애씨드코폴리머, 피브이엠/엠에이코폴리머, 하이드록시에틸아크릴레이트/소듐아크릴로일다이메틸타우레이트코폴리머, 2,3-부탄다이올, 세테아릴알코올, C14-22알코올, C12-20알킬글루코사이드, 펜틸렌글라이콜, 솔비탄아이소스테아레이트, 카프릴릴메티콘, 클레리추출물, 라벤더꽃추출물, 히아신스전초추출물, 마트리카리아꽃추출물, 수레국화꽃추출물, 보리지추출물, 다이소듐이디티에이, 카보머, 트로메타민, 잔탄검, 글루타티온, 말라카이트추출물, 글루코닉애씨드, 에틸헥실글리세린","5D 복합 저분자 히알루론산, 알란토인, 올리고펩타이드-1",,"수분감, 촉촉함","비건 인증, 약산성 포뮬러, 피부 자극 테스트",https://www.hwahae.co.kr/goods/토리든-only화해-다이브인-저분자-히알루론산-크림100ml기획-PLUS세럼10mlPLUS클렌징30ml/46604?goods_tab=review_ingredients,,중복·제품명 수정 필요,높음,"수부지(적극 추천), 지성(추천), 복합성(추천), 중성(추천), 건성(조건부 추천)","보습/수분, 트러블 진정",버지니아풍년화잎추출물과 식물추출물에 민감한 피부는 자극 여부 확인. 건성은 겨울철 보습막 보완 권장,"히알루론산 복합체, 판테놀, 알란토인, 엑토인, 감초추출물, 트레할로오스",제품명을 현재 확인되는 다이브인 저분자 히알루론산 수딩 크림으로 통일 권장. 전성분에 없는 올리고펩타이드-1 삭제. 34번과 동일 제품으로 판단되므로 두 행 중 하나 삭제 권장,"34번과 브랜드·가격·용량뿐 아니라 전성분까지 동일하며, 공식몰도 100ml 수딩 크림으로 판매함. 별도 제품으로 유지할 근거가 부족함","토리든 공식 제품 정보, 토리든 공식 튜브형 제품 정보","가벼움, 촉촉함, 빠른 흡수, 수분감, 끈적임 적음","비건 인증, 약산성, 피부 자극 테스트 완료, 데일리 케어, 메이크업 전 사용, 튜브형",,,,,36,다이브인 저분자 히알루론산 크림,"₩18,500",토리든,크림,"지성, 건성, 중성, 복합성, 수부지",100,"30대(1), 20대(2), 40대 이상(3), 10대(4)","보습, 수분, 진정","정제수, 부틸렌글라이콜, 글리세린, 1,2-헥산다이올, 하이드로제네이티드다이데센, 카프릴릭/카프릭트라이글리세라이드, 판테놀, 소듐하이알루로네이트, 소듐하이알루로네이트크로스폴리머, 하이드롤라이즈드소듐하이알루로네이트, 소듐아세틸레이티드하이알루로네이트, 하이드롤라이즈드하이알루로닉애씨드(500ppm), 알란토인, 엑토인, 감초추출물, 트레할로오스, 버지니아풍년화추출물, 글리세릴아크릴레이트/아크릴릭애씨드코폴리머, 피브이엠/엠에이코폴리머, 하이드록시에틸아크릴레이트/소듐아크릴로일다이메틸타우레이트코폴리머, 2,3-부탄다이올, 세테아릴알코올, C14-22알코올, C12-20알킬글루코사이드, 펜틸렌글라이콜, 솔비탄아이소스테아레이트, 카프릴릴메티콘, 클레리추출물, 라벤더꽃추출물, 히아신스전초추출물, 마트리카리아꽃추출물, 수레국화꽃추출물, 보리지추출물, 다이소듐이디티에이, 카보머, 트로메타민, 잔탄검, 글루타티온, 말라카이트추출물, 글루코닉애씨드, 에틸헥실글리세린","5D 복합 저분자 히알루론산, 알란토인, 올리고펩타이드-1",,"수분감, 촉촉함","비건 인증, 약산성 포뮬러, 피부 자극 테스트",https://www.hwahae.co.kr/goods/토리든-only화해-다이브인-저분자-히알루론산-크림100ml기획-PLUS세럼10mlPLUS클렌징30ml/46604?goods_tab=review_ingredients,,중복·제품명 수정 필요,높음,"수부지(적극 추천), 지성(추천), 복합성(추천), 중성(추천), 건성(조건부 추천)","보습/수분, 트러블 진정",버지니아풍년화잎추출물과 식물추출물에 민감한 피부는 자극 여부 확인. 건성은 겨울철 보습막 보완 권장,"히알루론산 복합체, 판테놀, 알란토인, 엑토인, 감초추출물, 트레할로오스",제품명을 현재 확인되는 다이브인 저분자 히알루론산 수딩 크림으로 통일 권장. 전성분에 없는 올리고펩타이드-1 삭제. 34번과 동일 제품으로 판단되므로 두 행 중 하나 삭제 권장,"34번과 브랜드·가격·용량뿐 아니라 전성분까지 동일하며, 공식몰도 100ml 수딩 크림으로 판매함. 별도 제품으로 유지할 근거가 부족함","토리든 공식 제품 정보, 토리든 공식 튜브형 제품 정보","가벼움, 촉촉함, 빠른 흡수, 수분감, 끈적임 적음","비건 인증, 약산성, 피부 자극 테스트 완료, 데일리 케어, 메이크업 전 사용, 튜브형",,,,,36,다이브인 저분자 히알루론산 크림,"₩18,500",토리든,크림,"지성, 건성, 중성, 복합성, 수부지",100,"30대(1), 20대(2), 40대 이상(3), 10대(4)","보습, 수분, 진정","정제수, 부틸렌글라이콜, 글리세린, 1,2-헥산다이올, 하이드로제네이티드다이데센, 카프릴릭/카프릭트라이글리세라이드, 판테놀, 소듐하이알루로네이트, 소듐하이알루로네이트크로스폴리머, 하이드롤라이즈드소듐하이알루로네이트, 소듐아세틸레이티드하이알루로네이트, 하이드롤라이즈드하이알루로닉애씨드(500ppm), 알란토인, 엑토인, 감초추출물, 트레할로오스, 버지니아풍년화추출물, 글리세릴아크릴레이트/아크릴릭애씨드코폴리머, 피브이엠/엠에이코폴리머, 하이드록시에틸아크릴레이트/소듐아크릴로일다이메틸타우레이트코폴리머, 2,3-부탄다이올, 세테아릴알코올, C14-22알코올, C12-20알킬글루코사이드, 펜틸렌글라이콜, 솔비탄아이소스테아레이트, 카프릴릴메티콘, 클레리추출물, 라벤더꽃추출물, 히아신스전초추출물, 마트리카리아꽃추출물, 수레국화꽃추출물, 보리지추출물, 다이소듐이디티에이, 카보머, 트로메타민, 잔탄검, 글루타티온, 말라카이트추출물, 글루코닉애씨드, 에틸헥실글리세린","5D 복합 저분자 히알루론산, 알란토인, 올리고펩타이드-1",,"수분감, 촉촉함","비건 인증, 약산성 포뮬러, 피부 자극 테스트",https://www.hwahae.co.kr/goods/토리든-only화해-다이브인-저분자-히알루론산-크림100ml기획-PLUS세럼10mlPLUS클렌징30ml/46604?goods_tab=review_ingredients,,중복·제품명 수정 필요,높음,"수부지(적극 추천), 지성(추천), 복합성(추천), 중성(추천), 건성(조건부 추천)","보습/수분, 트러블 진정",버지니아풍년화잎추출물과 식물추출물에 민감한 피부는 자극 여부 확인. 건성은 겨울철 보습막 보완 권장,"히알루론산 복합체, 판테놀, 알란토인, 엑토인, 감초추출물, 트레할로오스",제품명을 현재 확인되는 다이브인 저분자 히알루론산 수딩 크림으로 통일 권장. 전성분에 없는 올리고펩타이드-1 삭제. 34번과 동일 제품으로 판단되므로 두 행 중 하나 삭제 권장,"34번과 브랜드·가격·용량뿐 아니라 전성분까지 동일하며, 공식몰도 100ml 수딩 크림으로 판매함. 별도 제품으로 유지할 근거가 부족함","토리든 공식 제품 정보, 토리든 공식 튜브형 제품 정보","가벼움, 촉촉함, 빠른 흡수, 수분감, 끈적임 적음","비건 인증, 약산성, 피부 자극 테스트 완료, 데일리 케어, 메이크업 전 사용, 튜브형",,,,,36,다이브인 저분자 히알루론산 크림,"₩18,500",토리든,크림,"지성, 건성, 중성, 복합성, 수부지",100,"30대(1), 20대(2), 40대 이상(3), 10대(4)","보습, 수분, 진정","정제수, 부틸렌글라이콜, 글리세린, 1,2-헥산다이올, 하이드로제네이티드다이데센, 카프릴릭/카프릭트라이글리세라이드, 판테놀, 소듐하이알루로네이트, 소듐하이알루로네이트크로스폴리머, 하이드롤라이즈드소듐하이알루로네이트, 소듐아세틸레이티드하이알루로네이트, 하이드롤라이즈드하이알루로닉애씨드(500ppm), 알란토인, 엑토인, 감초추출물, 트레할로오스, 버지니아풍년화추출물, 글리세릴아크릴레이트/아크릴릭애씨드코폴리머, 피브이엠/엠에이코폴리머, 하이드록시에틸아크릴레이트/소듐아크릴로일다이메틸타우레이트코폴리머, 2,3-부탄다이올, 세테아릴알코올, C14-22알코올, C12-20알킬글루코사이드, 펜틸렌글라이콜, 솔비탄아이소스테아레이트, 카프릴릴메티콘, 클레리추출물, 라벤더꽃추출물, 히아신스전초추출물, 마트리카리아꽃추출물, 수레국화꽃추출물, 보리지추출물, 다이소듐이디티에이, 카보머, 트로메타민, 잔탄검, 글루타티온, 말라카이트추출물, 글루코닉애씨드, 에틸헥실글리세린","5D 복합 저분자 히알루론산, 알란토인, 올리고펩타이드-1",,"수분감, 촉촉함","비건 인증, 약산성 포뮬러, 피부 자극 테스트",https://www.hwahae.co.kr/goods/토리든-only화해-다이브인-저분자-히알루론산-크림100ml기획-PLUS세럼10mlPLUS클렌징30ml/46604?goods_tab=review_ingredients,,중복·제품명 수정 필요,높음,"수부지(적극 추천), 지성(추천), 복합성(추천), 중성(추천), 건성(조건부 추천)","보습/수분, 트러블 진정",버지니아풍년화잎추출물과 식물추출물에 민감한 피부는 자극 여부 확인. 건성은 겨울철 보습막 보완 권장,"히알루론산 복합체, 판테놀, 알란토인, 엑토인, 감초추출물, 트레할로오스",제품명을 현재 확인되는 다이브인 저분자 히알루론산 수딩 크림으로 통일 권장. 전성분에 없는 올리고펩타이드-1 삭제. 34번과 동일 제품으로 판단되므로 두 행 중 하나 삭제 권장,"34번과 브랜드·가격·용량뿐 아니라 전성분까지 동일하며, 공식몰도 100ml 수딩 크림으로 판매함. 별도 제품으로 유지할 근거가 부족함","토리든 공식 제품 정보, 토리든 공식 튜브형 제품 정보","가벼움, 촉촉함, 빠른 흡수, 수분감, 끈적임 적음","비건 인증, 약산성, 피부 자극 테스트 완료, 데일리 케어, 메이크업 전 사용, 튜브형",,,,,36,다이브인 저분자 히알루론산 크림,"₩18,500",토리든,크림,"지성, 건성, 중성, 복합성, 수부지",100,"30대(1), 20대(2), 40대 이상(3), 10대(4)","보습, 수분, 진정","정제수, 부틸렌글라이콜, 글리세린, 1,2-헥산다이올, 하이드로제네이티드다이데센, 카프릴릭/카프릭트라이글리세라이드, 판테놀, 소듐하이알루로네이트, 소듐하이알루로네이트크로스폴리머, 하이드롤라이즈드소듐하이알루로네이트, 소듐아세틸레이티드하이알루로네이트, 하이드롤라이즈드하이알루로닉애씨드(500ppm), 알란토인, 엑토인, 감초추출물, 트레할로오스, 버지니아풍년화추출물, 글리세릴아크릴레이트/아크릴릭애씨드코폴리머, 피브이엠/엠에이코폴리머, 하이드록시에틸아크릴레이트/소듐아크릴로일다이메틸타우레이트코폴리머, 2,3-부탄다이올, 세테아릴알코올, C14-22알코올, C12-20알킬글루코사이드, 펜틸렌글라이콜, 솔비탄아이소스테아레이트, 카프릴릴메티콘, 클레리추출물, 라벤더꽃추출물, 히아신스전초추출물, 마트리카리아꽃추출물, 수레국화꽃추출물, 보리지추출물, 다이소듐이디티에이, 카보머, 트로메타민, 잔탄검, 글루타티온, 말라카이트추출물, 글루코닉애씨드, 에틸헥실글리세린","5D 복합 저분자 히알루론산, 알란토인, 올리고펩타이드-1",,"수분감, 촉촉함","비건 인증, 약산성 포뮬러, 피부 자극 테스트",https://www.hwahae.co.kr/goods/토리든-only화해-다이브인-저분자-히알루론산-크림100ml기획-PLUS세럼10mlPLUS클렌징30ml/46604?goods_tab=review_ingredients,,중복·제품명 수정 필요,높음,"수부지(적극 추천), 지성(추천), 복합성(추천), 중성(추천), 건성(조건부 추천)","보습/수분, 트러블 진정",버지니아풍년화잎추출물과 식물추출물에 민감한 피부는 자극 여부 확인. 건성은 겨울철 보습막 보완 권장,"히알루론산 복합체, 판테놀, 알란토인, 엑토인, 감초추출물, 트레할로오스",제품명을 현재 확인되는 다이브인 저분자 히알루론산 수딩 크림으로 통일 권장. 전성분에 없는 올리고펩타이드-1 삭제. 34번과 동일 제품으로 판단되므로 두 행 중 하나 삭제 권장,"34번과 브랜드·가격·용량뿐 아니라 전성분까지 동일하며, 공식몰도 100ml 수딩 크림으로 판매함. 별도 제품으로 유지할 근거가 부족함","토리든 공식 제품 정보, 토리든 공식 튜브형 제품 정보","가벼움, 촉촉함, 빠른 흡수, 수분감, 끈적임 적음","비건 인증, 약산성, 피부 자극 테스트 완료, 데일리 케어, 메이크업 전 사용, 튜브형",,,,,36,다이브인 저분자 히알루론산 크림,"₩18,500",토리든,크림,"지성, 건성, 중성, 복합성, 수부지",100,"30대(1), 20대(2), 40대 이상(3), 10대(4)","보습, 수분, 진정","정제수, 부틸렌글라이콜, 글리세린, 1,2-헥산다이올, 하이드로제네이티드다이데센, 카프릴릭/카프릭트라이글리세라이드, 판테놀, 소듐하이알루로네이트, 소듐하이알루로네이트크로스폴리머, 하이드롤라이즈드소듐하이알루로네이트, 소듐아세틸레이티드하이알루로네이트, 하이드롤라이즈드하이알루로닉애씨드(500ppm), 알란토인, 엑토인, 감초추출물, 트레할로오스, 버지니아풍년화추출물, 글리세릴아크릴레이트/아크릴릭애씨드코폴리머, 피브이엠/엠에이코폴리머, 하이드록시에틸아크릴레이트/소듐아크릴로일다이메틸타우레이트코폴리머, 2,3-부탄다이올, 세테아릴알코올, C14-22알코올, C12-20알킬글루코사이드, 펜틸렌글라이콜, 솔비탄아이소스테아레이트, 카프릴릴메티콘, 클레리추출물, 라벤더꽃추출물, 히아신스전초추출물, 마트리카리아꽃추출물, 수레국화꽃추출물, 보리지추출물, 다이소듐이디티에이, 카보머, 트로메타민, 잔탄검, 글루타티온, 말라카이트추출물, 글루코닉애씨드, 에틸헥실글리세린","5D 복합 저분자 히알루론산, 알란토인, 올리고펩타이드-1",,"수분감, 촉촉함","비건 인증, 약산성 포뮬러, 피부 자극 테스트",https://www.hwahae.co.kr/goods/토리든-only화해-다이브인-저분자-히알루론산-크림100ml기획-PLUS세럼10mlPLUS클렌징30ml/46604?goods_tab=review_ingredients,,중복·제품명 수정 필요,높음,"수부지(적극 추천), 지성(추천), 복합성(추천), 중성(추천), 건성(조건부 추천)","보습/수분, 트러블 진정",버지니아풍년화잎추출물과 식물추출물에 민감한 피부는 자극 여부 확인. 건성은 겨울철 보습막 보완 권장,"히알루론산 복합체, 판테놀, 알란토인, 엑토인, 감초추출물, 트레할로오스",제품명을 현재 확인되는 다이브인 저분자 히알루론산 수딩 크림으로 통일 권장. 전성분에 없는 올리고펩타이드-1 삭제. 34번과 동일 제품으로 판단되므로 두 행 중 하나 삭제 권장,"34번과 브랜드·가격·용량뿐 아니라 전성분까지 동일하며, 공식몰도 100ml 수딩 크림으로 판매함. 별도 제품으로 유지할 근거가 부족함","토리든 공식 제품 정보, 토리든 공식 튜브형 제품 정보","가벼움, 촉촉함, 빠른 흡수, 수분감, 끈적임 적음","비건 인증, 약산성, 피부 자극 테스트 완료, 데일리 케어, 메이크업 전 사용, 튜브형",,,,,36,다이브인 저분자 히알루론산 크림,"₩18,500",토리든,크림,"지성, 건성, 중성, 복합성, 수부지",100,"30대(1), 20대(2), 40대 이상(3), 10대(4)","보습, 수분, 진정","정제수, 부틸렌글라이콜, 글리세린, 1,2-헥산다이올, 하이드로제네이티드다이데센, 카프릴릭/카프릭트라이글리세라이드, 판테놀, 소듐하이알루로네이트, 소듐하이알루로네이트크로스폴리머, 하이드롤라이즈드소듐하이알루로네이트, 소듐아세틸레이티드하이알루로네이트, 하이드롤라이즈드하이알루로닉애씨드(500ppm), 알란토인, 엑토인, 감초추출물, 트레할로오스, 버지니아풍년화추출물, 글리세릴아크릴레이트/아크릴릭애씨드코폴리머, 피브이엠/엠에이코폴리머, 하이드록시에틸아크릴레이트/소듐아크릴로일다이메틸타우레이트코폴리머, 2,3-부탄다이올, 세테아릴알코올, C14-22알코올, C12-20알킬글루코사이드, 펜틸렌글라이콜, 솔비탄아이소스테아레이트, 카프릴릴메티콘, 클레리추출물, 라벤더꽃추출물, 히아신스전초추출물, 마트리카리아꽃추출물, 수레국화꽃추출물, 보리지추출물, 다이소듐이디티에이, 카보머, 트로메타민, 잔탄검, 글루타티온, 말라카이트추출물, 글루코닉애씨드, 에틸헥실글리세린","5D 복합 저분자 히알루론산, 알란토인, 올리고펩타이드-1",,"수분감, 촉촉함","비건 인증, 약산성 포뮬러, 피부 자극 테스트",https://www.hwahae.co.kr/goods/토리든-only화해-다이브인-저분자-히알루론산-크림100ml기획-PLUS세럼10mlPLUS클렌징30ml/46604?goods_tab=review_ingredients,,중복·제품명 수정 필요,높음,"수부지(적극 추천), 지성(추천), 복합성(추천), 중성(추천), 건성(조건부 추천)","보습/수분, 트러블 진정",버지니아풍년화잎추출물과 식물추출물에 민감한 피부는 자극 여부 확인. 건성은 겨울철 보습막 보완 권장,"히알루론산 복합체, 판테놀, 알란토인, 엑토인, 감초추출물, 트레할로오스",제품명을 현재 확인되는 다이브인 저분자 히알루론산 수딩 크림으로 통일 권장. 전성분에 없는 올리고펩타이드-1 삭제. 34번과 동일 제품으로 판단되므로 두 행 중 하나 삭제 권장,"34번과 브랜드·가격·용량뿐 아니라 전성분까지 동일하며, 공식몰도 100ml 수딩 크림으로 판매함. 별도 제품으로 유지할 근거가 부족함","토리든 공식 제품 정보, 토리든 공식 튜브형 제품 정보","가벼움, 촉촉함, 빠른 흡수, 수분감, 끈적임 적음","비건 인증, 약산성, 피부 자극 테스트 완료, 데일리 케어, 메이크업 전 사용, 튜브형",,,,,36,다이브인 저분자 히알루론산 크림,"₩18,500",토리든,크림,"지성, 건성, 중성, 복합성, 수부지",100,"30대(1), 20대(2), 40대 이상(3), 10대(4)","보습, 수분, 진정","정제수, 부틸렌글라이콜, 글리세린, 1,2-헥산다이올, 하이드로제네이티드다이데센, 카프릴릭/카프릭트라이글리세라이드, 판테놀, 소듐하이알루로네이트, 소듐하이알루로네이트크로스폴리머, 하이드롤라이즈드소듐하이알루로네이트, 소듐아세틸레이티드하이알루로네이트, 하이드롤라이즈드하이알루로닉애씨드(500ppm), 알란토인, 엑토인, 감초추출물, 트레할로오스, 버지니아풍년화추출물, 글리세릴아크릴레이트/아크릴릭애씨드코폴리머, 피브이엠/엠에이코폴리머, 하이드록시에틸아크릴레이트/소듐아크릴로일다이메틸타우레이트코폴리머, 2,3-부탄다이올, 세테아릴알코올, C14-22알코올, C12-20알킬글루코사이드, 펜틸렌글라이콜, 솔비탄아이소스테아레이트, 카프릴릴메티콘, 클레리추출물, 라벤더꽃추출물, 히아신스전초추출물, 마트리카리아꽃추출물, 수레국화꽃추출물, 보리지추출물, 다이소듐이디티에이, 카보머, 트로메타민, 잔탄검, 글루타티온, 말라카이트추출물, 글루코닉애씨드, 에틸헥실글리세린","5D 복합 저분자 히알루론산, 알란토인, 올리고펩타이드-1",,"수분감, 촉촉함","비건 인증, 약산성 포뮬러, 피부 자극 테스트",https://www.hwahae.co.kr/goods/토리든-only화해-다이브인-저분자-히알루론산-크림100ml기획-PLUS세럼10mlPLUS클렌징30ml/46604?goods_tab=review_ingredients,,중복·제품명 수정 필요,높음,"수부지(적극 추천), 지성(추천), 복합성(추천), 중성(추천), 건성(조건부 추천)","보습/수분, 트러블 진정",버지니아풍년화잎추출물과 식물추출물에 민감한 피부는 자극 여부 확인. 건성은 겨울철 보습막 보완 권장,"히알루론산 복합체, 판테놀, 알란토인, 엑토인, 감초추출물, 트레할로오스",제품명을 현재 확인되는 다이브인 저분자 히알루론산 수딩 크림으로 통일 권장. 전성분에 없는 올리고펩타이드-1 삭제. 34번과 동일 제품으로 판단되므로 두 행 중 하나 삭제 권장,"34번과 브랜드·가격·용량뿐 아니라 전성분까지 동일하며, 공식몰도 100ml 수딩 크림으로 판매함. 별도 제품으로 유지할 근거가 부족함","토리든 공식 제품 정보, 토리든 공식 튜브형 제품 정보","가벼움, 촉촉함, 빠른 흡수, 수분감, 끈적임 적음","비건 인증, 약산성, 피부 자극 테스트 완료, 데일리 케어, 메이크업 전 사용, 튜브형",,,,,36,다이브인 저분자 히알루론산 크림,"₩18,500",토리든,크림,"지성, 건성, 중성, 복합성, 수부지",100,"30대(1), 20대(2), 40대 이상(3), 10대(4)","보습, 수분, 진정","정제수, 부틸렌글라이콜, 글리세린, 1,2-헥산다이올, 하이드로제네이티드다이데센, 카프릴릭/카프릭트라이글리세라이드, 판테놀, 소듐하이알루로네이트, 소듐하이알루로네이트크로스폴리머, 하이드롤라이즈드소듐하이알루로네이트, 소듐아세틸레이티드하이알루로네이트, 하이드롤라이즈드하이알루로닉애씨드(500ppm), 알란토인, 엑토인, 감초추출물, 트레할로오스, 버지니아풍년화추출물, 글리세릴아크릴레이트/아크릴릭애씨드코폴리머, 피브이엠/엠에이코폴리머, 하이드록시에틸아크릴레이트/소듐아크릴로일다이메틸타우레이트코폴리머, 2,3-부탄다이올, 세테아릴알코올, C14-22알코올, C12-20알킬글루코사이드, 펜틸렌글라이콜, 솔비탄아이소스테아레이트, 카프릴릴메티콘, 클레리추출물, 라벤더꽃추출물, 히아신스전초추출물, 마트리카리아꽃추출물, 수레국화꽃추출물, 보리지추출물, 다이소듐이디티에이, 카보머, 트로메타민, 잔탄검, 글루타티온, 말라카이트추출물, 글루코닉애씨드, 에틸헥실글리세린","5D 복합 저분자 히알루론산, 알란토인, 올리고펩타이드-1",,"수분감, 촉촉함","비건 인증, 약산성 포뮬러, 피부 자극 테스트",https://www.hwahae.co.kr/goods/토리든-only화해-다이브인-저분자-히알루론산-크림100ml기획-PLUS세럼10mlPLUS클렌징30ml/46604?goods_tab=review_ingredients,,중복·제품명 수정 필요,높음,"수부지(적극 추천), 지성(추천), 복합성(추천), 중성(추천), 건성(조건부 추천)","보습/수분, 트러블 진정",버지니아풍년화잎추출물과 식물추출물에 민감한 피부는 자극 여부 확인. 건성은 겨울철 보습막 보완 권장,"히알루론산 복합체, 판테놀, 알란토인, 엑토인, 감초추출물, 트레할로오스",제품명을 현재 확인되는 다이브인 저분자 히알루론산 수딩 크림으로 통일 권장. 전성분에 없는 올리고펩타이드-1 삭제. 34번과 동일 제품으로 판단되므로 두 행 중 하나 삭제 권장,"34번과 브랜드·가격·용량뿐 아니라 전성분까지 동일하며, 공식몰도 100ml 수딩 크림으로 판매함. 별도 제품으로 유지할 근거가 부족함","토리든 공식 제품 정보, 토리든 공식 튜브형 제품 정보","가벼움, 촉촉함, 빠른 흡수, 수분감, 끈적임 적음","비건 인증, 약산성, 피부 자극 테스트 완료, 데일리 케어, 메이크업 전 사용, 튜브형"
37,녹두 모공 타이트업 수딩 크림,"15,600",비플레인,크림,60,"20대(100), 10대(75), 30대(50), 40대 이상(25)","지성(적극 추천), 수부지(적극 추천), 복합성(추천), 중성(추천), 건성(조건부 추천)",건성(2),"보습(2), 모공(1), 미백/잡티(2), 탄력/주름(3)","산뜻함, 가벼움, 빠른 흡수, 수분감, 쿨링감, 윤광, 쫀쫀함, 끈적임 적음","데일리 케어, 메이크업 전 사용, 여름용, 튜브형","정제수, 글리세린, 부틸렌글라이콜, 다이프로필렌글라이콜, 카프릴릭/카프릭트라이글리세라이드, 나이아신아마이드, 1,2-헥산다이올, 아이소도데케인, 암모늄아크릴로일다이메틸타우레이트/브이피코폴리머, C12-14알케스-12, 세테아릴알코올, 카보머, 세테아릴올리베이트, 트로메타민, 솔비탄올리베이트, 에틸헥실글리세린, 메틸다이아이소프로필프로피온아마이드, 아데노신, 다이소듐이디티에이, 치자추출물, 소듐폴리아크릴레이트, 황련추출물, 알란토인, C18-21알케인, 폴리글리세릴-10올리에이트, 녹두씨추출물(10ppm), 녹두추출물(10ppm), 녹두싹추출물(10ppm), 녹두전초추출물(10ppm), 다이포타슘글리시리제이트, 사과수, 프로판다이올, 카프릴릴글라이콜, 백미꽃추출물, 소듐하이알루로네이트, 팔미토일트라이펩타이드-5, 아세틸헥사펩타이드-1, 하이드록시신나믹애씨드, 소듐하이알루로네이트크로스폴리머, 루틴, 포타슘하이알루로네이트, 하이드록시프로필트라이모늄하이알루로네이트, 하이드롤라이즈드소듐하이알루로네이트, 하이드롤라이즈드하이알루로닉애씨드, 하이알루로닉애씨드, 다이메틸실란올하이알루로네이트, 소듐아세틸레이티드하이알루로네이트","녹두추출물·녹두펩타이드, 나이아신아마이드, 알란토인, 다이포타슘글리시리제이트, 히알루론산 복합체, 아데노신",https://www.hwahae.co.kr/goods/비플레인-only화해-녹두-모공-타이트업-수딩-크림-60mlPLUS20ml-기획-PLUS녹두폼-20ml/68900?goods_tab=review_ingredients,,,,,,,,,,,,,,,,,,,,,,,,,,,,,,,,,,,,,,,,,,,,,,,,,,,,,,,,,,,,,,,,,,,,,,,,,,,,,,,,,,,,,,,,,,,,,,,,,,,,,,,,,,,,,,,,,,,,,,,,,,,,,,,,,,,,,,,,,,,,,,,,,,,,,,,,,,,,,,,,,,,,,,,,,,,,,,,,,,,,,,,,,,,,,,,,,,,,,,,,,,,,,,,,,,,,,,,,,,,,,,,,,,,,,,,,,,,,,,,,,,,,,,,,,,,,,,,,,,,,,,,,,,,,,,,,,,,,,,,,,,,,,,,,,,,,,,,,,,,,,,,,,,,,,,,,,,,,,,,,,,,,,,,,,,,,,,,,,,,,,,,,,,,,,,,,,,,,,,,,,,,,,,,,,,,,,,,,,,,,,,,,,,,,,,,,,,,,,,,,,,,,,,,,,,,,,,,,,,,,,,,,,,,,,,,,,,,,,,,,,,,,,,,,,,,,,,,,,,,,,,,,,,,,,,,,,,,,
38,레드 블레미쉬 클리어 수딩 크림,"26,500",닥터지,크림,70,"20대(100), 10대(75), 30대(50), 40대 이상(25)","지성(적극 추천), 수부지(적극 추천), 복합성(적극 추천), 중성(추천), 건성(조건부 추천)",건성(2),"보습(3), 여드름(2), 미백/잡티(2), 민감성(3)","가벼움, 빠른 흡수, 촉촉함, 수분감, 쿨링감, 발림성, 끈적임 적음","논코메도제닉 테스트 완료, 피부 자극 테스트 완료, 여드름성, 미백, 데일리 케어, 여름용, 튜브형","정제수, 글리세린, 부틸렌글라이콜, 다이카프릴릴에터, 나이아신아마이드, 1·2-헥산다이올, 펜틸렌글라이콜, 소듐하이알루로네이트, 병풀잎추출물, 비피다발효여과물, 락토바실러스발효물, 병풀꽃/잎/줄기추출물, 병풀뿌리추출물, 병풀추출물, 효모발효여과물, 하이드로제네이티드폴리데센, 다이카프릴릴카보네이트, 하이드록시에틸아크릴레이트/소듐아크릴로일다이메틸타우레이트코폴리머, 판테놀, 아크릴레이트/C10-30알킬아크릴레이트크로스폴리머, 실리카, 트로메타민, 솔비톨, 글리세릴아크릴레이트/아크릴릭애씨드코폴리머, 에틸헥실글리세린, 트라이소듐에틸렌다이아민다이석시네이트, 알란토인, 다이프로필렌글라이콜, 토코페롤, 마데카소사이드, 폴리글리세릴-10라우레이트, 포스파티딜콜린, 하이드로제네이티드레시틴, 칼슘판토테네이트, 스쿠알란, 에리스리톨, 에틸헥실팔미테이트, 아시아티코사이드, 마데카식애씨드, 아시아틱애씨드, 트라이하이드록시스테아린, 세라마이드엔피, 다발방패버섯추출물, 잔탄검","병풀 복합체, 판테놀, 나이아신아마이드, 알란토인, 세라마이드엔피, 베타-글루칸",https://www.hwahae.co.kr/goods/닥터지-레드-블레미쉬-클리어-수딩-크림-50ml-듀오-기프트-세트/75592?goods_tab=review_ingredients,,,,,,,,,,,,,,,,,,,,,,,,,,,,,,,,,,,,,,,,,,,,,,,,,,,,,,,,,,,,,,,,,,,,,,,,,,,,,,,,,,,,,,,,,,,,,,,,,,,,,,,,,,,,,,,,,,,,,,,,,,,,,,,,,,,,,,,,,,,,,,,,,,,,,,,,,,,,,,,,,,,,,,,,,,,,,,,,,,,,,,,,,,,,,,,,,,,,,,,,,,,,,,,,,,,,,,,,,,,,,,,,,,,,,,,,,,,,,,,,,,,,,,,,,,,,,,,,,,,,,,,,,,,,,,,,,,,,,,,,,,,,,,,,,,,,,,,,,,,,,,,,,,,,,,,,,,,,,,,,,,,,,,,,,,,,,,,,,,,,,,,,,,,,,,,,,,,,,,,,,,,,,,,,,,,,,,,,,,,,,,,,,,,,,,,,,,,,,,,,,,,,,,,,,,,,,,,,,,,,,,,,,,,,,,,,,,,,,,,,,,,,,,,,,,,,,,,,,,,,,,,,,,,,,,,,,,,,
39,진정한 수분크림,"8,900",프리메이,크림,100,"20대(100), 10대(75), 30대(50), 40대 이상(25)","건성(적극 추천), 수부지(추천), 복합성(추천), 중성(추천), 지성(조건부 추천)",지성(2),보습(3),"촉촉함, 수분감, 산뜻함, 발림성, 빠른 흡수","비건 인증, 데일리 케어, 나이트 케어, 대용량, 튜브형","정제수,다이프로필렌글라이콜,글리세린,카프릴릭/카프릭트라이글리세라이드,메틸트라이메티콘 ,세틸에틸헥사노에이트,폴리글리세릴-3메틸글루코오스다이스테아레이트,메도우폼씨오일,밤부사 불가리스추출물,베타인,하이드로제네이티드폴리아이소부텐,세테아릴알코올,폴리글리세릴-3스테아레이트,글리세릴스테아레이트,1,2-헥산다이올,트레할로오스,판테놀,알지닌,카보머,카프릴릴글라이콜,하이드록시아세토페논,하이드로제네이티드식물성글리세라이즈,폴리글리세릴-10라우레이트,아미노부티릭애씨드,폴리글리세릴-4라우레이트,소듐스테아로일락틸레이트,에틸헥실글리세린,부틸렌글라이콜,약모밀추출물,판토락톤,아데노신,서양배추출물,트라이소듐에틸렌다이아민다이석시네이트,다마스크장미꽃수,글리세릴글루코사이드,살비아오일,오리스뿌리추출물,멜론추출물,서양송악잎/줄기추출물,흰목이버섯폴리사카라이드,향부자추출물,판토테닉애씨드,서양민들레뿌리줄기/뿌리추출물,소엽잎추출물,소듐하이알루로네이트,마그네슘피씨에이,소듐피씨에이,칼슘피씨에이","판테놀, 약모밀추출물, 글리세린, 하이드로제네이티드폴리데센, 카프릴릭/카프릭트라이글리세라이드, 소듐하이알루로네이트",https://www.hwahae.co.kr/goods/프리메이-only화해-진정한-수분크림-100ml-더블-기획-PLUS올리브-마스크-2매-증정/61437?goods_tab=review_ingredients,,,,,,,,,,,,,,,,,,,,,,,,,,,,,,,,,,,,,,,,,,,,,,,,,,,,,,,,,,,,,,,,,,,,,,,,,,,,,,,,,,,,,,,,,,,,,,,,,,,,,,,,,,,,,,,,,,,,,,,,,,,,,,,,,,,,,,,,,,,,,,,,,,,,,,,,,,,,,,,,,,,,,,,,,,,,,,,,,,,,,,,,,,,,,,,,,,,,,,,,,,,,,,,,,,,,,,,,,,,,,,,,,,,,,,,,,,,,,,,,,,,,,,,,,,,,,,,,,,,,,,,,,,,,,,,,,,,,,,,,,,,,,,,,,,,,,,,,,,,,,,,,,,,,,,,,,,,,,,,,,,,,,,,,,,,,,,,,,,,,,,,,,,,,,,,,,,,,,,,,,,,,,,,,,,,,,,,,,,,,,,,,,,,,,,,,,,,,,,,,,,,,,,,,,,,,,,,,,,,,,,,,,,,,,,,,,,,,,,,,,,,,,,,,,,,,,,,,,,,,,,,,,,,,,,,,,,,,
40,판테놀 크림,"25,500",아토팜,크림,80,"30대(100), 20대(75), 40대 이상(50), 10대(25)","건성(적극 추천), 복합성(추천), 수부지(추천), 중성(추천), 지성(주의)",지성(3),보습(3),"촉촉함, 빠른 흡수, 발림성, 윤광, 꾸덕함","인체 적용 시험 완료, 피부 자극 테스트 완료, 데일리 케어, 나이트 케어, 겨울용, 튜브형","정제수, 판테놀(10%), 카프릴릭/카프릭트라이글리세라이드, 프로판다이올, 세테아릴알코올, 펜타에리스리틸스테아레이트/카프레이트/카프릴레이트/아디페이트, 코코글리세라이즈, 펜틸렌글라이콜, 호호바씨오일, 시어버터, 솔비탄스테아레이트, 스테아릭애씨드, C10-18트라이글리세라이즈, 하이드로제네이티드식물성오일, 1,2-헥산다이올, 글리세릴스테아레이트, 피토스테롤, 미리스토일/팔미토일옥소스테아라마이드/아라카마이드엠이에이, 폴리글리세릴-5스테아레이트, 토코페롤, 카보머, 알지닌, 알란토인, 소듐파이테이트, 잔탄검, 소듐하이알루로네이트, 해바라기씨오일, 메틸카프로오일타이로지네이트, 살비아오일, 소두구씨오일, 광곽향오일, 멕시칸주니퍼오일, 팔미토일팔미타마이드엠이에이, N-데카노일세린올, 비스-카프릴로일옥시팔미타미도아이소프로판올, 두송열매오일, 캐모마일꽃오일, 류신, 라이신, 페닐알라닌, 트레오닌, 발린, 카프릴릭/카프릭글리세라이즈","판테놀(10%), 디펜사마이드, 세라마이드 유사 장벽 성분, 호호바씨오일, 시어버터, 알란토인, 아미노산 복합체",https://www.hwahae.co.kr/goods/아토팜-판테놀-크림-80mlPLUS80ml/74206?goods_tab=review_ingredients,,,,,,,,,,,,,,,,,,,,,,,,,,,,,,,,,,,,,,,,,,,,,,,,,,,,,,,,,,,,,,,,,,,,,,,,,,,,,,,,,,,,,,,,,,,,,,,,,,,,,,,,,,,,,,,,,,,,,,,,,,,,,,,,,,,,,,,,,,,,,,,,,,,,,,,,,,,,,,,,,,,,,,,,,,,,,,,,,,,,,,,,,,,,,,,,,,,,,,,,,,,,,,,,,,,,,,,,,,,,,,,,,,,,,,,,,,,,,,,,,,,,,,,,,,,,,,,,,,,,,,,,,,,,,,,,,,,,,,,,,,,,,,,,,,,,,,,,,,,,,,,,,,,,,,,,,,,,,,,,,,,,,,,,,,,,,,,,,,,,,,,,,,,,,,,,,,,,,,,,,,,,,,,,,,,,,,,,,,,,,,,,,,,,,,,,,,,,,,,,,,,,,,,,,,,,,,,,,,,,,,,,,,,,,,,,,,,,,,,,,,,,,,,,,,,,,,,,,,,,,,,,,,,,,,,,,,,,
41,레드 블레미쉬 클리어 수딩 크림 EX,"38,000",닥터지,크림,70,"20대(100), 10대(75), 30대(50), 40대 이상(25)","지성(적극 추천), 수부지(적극 추천), 복합성(적극 추천), 중성(추천), 건성(조건부 추천)",건성(2),"보습(3), 여드름(2), 민감성(3)","가벼움, 빠른 흡수, 산뜻함, 수분감, 끈적임 적음","데일리 케어, 메이크업 전 사용, 여름용, 단지형","정제수, 글리세린, 부틸렌글라이콜, 다이카프릴릴에터, 나이아신아마이드, 1,2-헥산다이올, 펜틸렌글라이콜, 소듐하이알루로네이트, 병풀잎추출물, 비피다발효여과물, 락토바실러스발효물, 병풀꽃/잎/줄기추출물, 병풀뿌리추출물, 병풀추출물, 효모발효여과물, 하이드로제네이티드폴리데센, 다이카프릴릴카보네이트, 하이드록시에틸아크릴레이트/소듐아크릴로일다이메틸타우레이트코폴리머, 판테놀, 아크릴레이트/C10-30알킬아크릴레이트크로스폴리머, 실리카, 트로메타민, 솔비톨, 글리세릴아크릴레이트/아크릴릭애씨드코폴리머, 에틸헥실글리세린, 트라이소듐에틸렌다이아민다이석시네이트, 알란토인, 다이프로필렌글라이콜, 토코페롤, 마데카소사이드, 폴리글리세릴-10라우레이트, 포스파티딜콜린, 하이드로제네이티드레시틴, 칼슘판토테네이트, 스쿠알란, 에리스리톨, 에틸헥실팔미테이트, 아시아티코사이드, 마데카식애씨드, 아시아틱애씨드, 트라이하이드록시스테아린, 세라마이드엔피, 다발방패버섯추출물, 잔탄검","병풀 복합체, 판테놀, 나이아신아마이드, 알란토인, 히알루론산, 세라마이드엔피, 스쿠알란","올리브영 EX 70ml 제품 정보, 다나와 제품 정보",,,,,,,,,,,,,,,,,,,,,,,,,,,,,,,,,,,,,,,,,,,,,,,,,,,,,,,,,,,,,,,,,,,,,,,,,,,,,,,,,,,,,,,,,,,,,,,,,,,,,,,,,,,,,,,,,,,,,,,,,,,,,,,,,,,,,,,,,,,,,,,,,,,,,,,,,,,,,,,,,,,,,,,,,,,,,,,,,,,,,,,,,,,,,,,,,,,,,,,,,,,,,,,,,,,,,,,,,,,,,,,,,,,,,,,,,,,,,,,,,,,,,,,,,,,,,,,,,,,,,,,,,,,,,,,,,,,,,,,,,,,,,,,,,,,,,,,,,,,,,,,,,,,,,,,,,,,,,,,,,,,,,,,,,,,,,,,,,,,,,,,,,,,,,,,,,,,,,,,,,,,,,,,,,,,,,,,,,,,,,,,,,,,,,,,,,,,,,,,,,,,,,,,,,,,,,,,,,,,,,,,,,,,,,,,,,,,,,,,,,,,,,,,,,,,,,,,,,,,,,,,,,,,,,,,,,,,,
42,더마 배리어 P 크림,"32,000",셀린저,크림,100,"40대 이상(100), 30대(75), 20대(50), 10대(25)","건성(적극 추천), 수부지(추천), 복합성(추천), 중성(추천), 지성(조건부 추천)",지성(2),"보습(3), 미백/잡티(2), 탄력/주름(1), 민감성(3)","촉촉함, 빠른 흡수, 발림성, 쫀쫀함","미백, 주름개선, 논코메도제닉 테스트 완료, 인체 적용 시험 완료, 데일리 케어, 겨울용, 튜브형","정제수, 해바라기씨오일, 글리세린, 하이드로제네이티드폴리데센, 글리세레스-26, 옥틸도데칸올, 판테놀, 나이아신아마이드, 카프릴릭/카프릭트라이글리세라이드, 글리세릴글루코사이드, 해안에린지움캘러스배양여과물, 세테아릴올리베이트, 글리세릴스테아레이트, 솔비탄올리베이트, 폴리글리세릴-2스테아레이트, 다이프로필렌글라이콜, 스테아릴알코올, 세틸팔미테이트, 솔비탄팔미테이트, 자일리틸글루코사이드, 안하이드로자일리톨, 자일리톨, 베타-시토스테롤, 사카라이드아이소머레이트, 프로판다이올, 피토스테롤, 트라이데세스-10, 세테아릴글루코사이드, 알란토인, 프룩탄, 아데노신, 글루코오스, 사카라이드하이드롤리세이트, 바오밥나무씨오일, 하이드로제네이티드레시틴, 세라마이드엔피, 세라마이드엔에스, 세라마이드에이에스, 세라마이드이오피, 세라마이드에이피, 토코페릴아세테이트, 소듐하이알루로네이트, 아미노부티릭애씨드, 하이드롤라이즈드하이알루로닉애씨드, 세테아릴알코올, 갈로일펜타펩타이드-33, 하이드롤라이즈드완두콩, 효모추출물, 포트마리골드꽃추출물, 다이포타슘글리시리제이트, 시메티콘, 레시틴, 에스에이치-올리고펩타이드-1, 소듐폴리아크릴로일다이메틸타우레이트, 암모늄아크릴로일다이메틸타우레이트/브이피코폴리머, 카보머, 알지닌, 소듐포스페이트, 소듐시트레이트, 시트릭애씨드, 하이드록시아세토페논, 카프릴릴글라이콜, 1,2-헥산다이올, 펜틸렌글라이콜, 에틸헥실글리세린, 다이소듐이디티에이","판테놀, 세라마이드 5종, 나이아신아마이드, 베타-시토스테롤, 해바라기씨오일, 알란토인, 다이포타슘글리시리제이트","화해 제품 정보, GS SHOP 제품 정보",,,,,,,,,,,,,,,,,,,,,,,,,,,,,,,,,,,,,,,,,,,,,,,,,,,,,,,,,,,,,,,,,,,,,,,,,,,,,,,,,,,,,,,,,,,,,,,,,,,,,,,,,,,,,,,,,,,,,,,,,,,,,,,,,,,,,,,,,,,,,,,,,,,,,,,,,,,,,,,,,,,,,,,,,,,,,,,,,,,,,,,,,,,,,,,,,,,,,,,,,,,,,,,,,,,,,,,,,,,,,,,,,,,,,,,,,,,,,,,,,,,,,,,,,,,,,,,,,,,,,,,,,,,,,,,,,,,,,,,,,,,,,,,,,,,,,,,,,,,,,,,,,,,,,,,,,,,,,,,,,,,,,,,,,,,,,,,,,,,,,,,,,,,,,,,,,,,,,,,,,,,,,,,,,,,,,,,,,,,,,,,,,,,,,,,,,,,,,,,,,,,,,,,,,,,,,,,,,,,,,,,,,,,,,,,,,,,,,,,,,,,,,,,,,,,,,,,,,,,,,,,,,,,,,,,,,,,,
43,데일리 페이셜 크림,"39,000",에코미니멀,크림,250,"30대(100), 40대 이상(75), 20대(50), 10대(25)","건성(적극 추천), 중성(추천), 복합성(추천), 수부지(조건부 추천), 지성(주의)","지성(3), 수부지(1)","보습(3), 민감성(3)","촉촉함, 발림성, 빠른 흡수, 쫀쫀함, 윤광","향료 무첨가, 데일리 케어, 대용량, 튜브형, 재활용","정제수, 카프릴릭/카프릭트라이글리세라이드, 프로판다이올, 글리세린, 폴리글리세린-3, 세테아릴알코올, 나이아신아마이드, 다이글리세린, 판테놀, 오일팜커넬오일, 오일팜오일, 스쿠알란, 다이메티콘, 스테아릭애씨드, 글리세릴글루코사이드, 세라마이드엔피, 세라마이드이오피, 세라마이드엔에스, 세라마이드에이에스, 세라마이드에이피, 피토스핑고신, 콜레스테롤, 토코페릴아세테이트, 알로에베라잎추출물, 피토스테롤, 피토스테릴올리에이트, 글리세릴카프릴레이트, 베헤닐알코올, 에틸헥실글리세린, 올레익애씨드, 베타인, 1,2-헥산다이올, 하이드로제네이티드레시틴, 아세틸글루코사민, 알란토인, 시트릭애씨드, 소듐하이알루로네이트, 하이드롤라이즈드소듐하이알루로네이트, 아데노신, 부틸렌글라이콜, 미역추출물, 비사보롤, 마데카소사이드, 아텔로콜라겐, 약모밀추출물, 서양배추출물, 향기제비꽃잎추출물, 오리스뿌리추출물, 멜론씨추출물, 서양송악잎/줄기추출물","세라마이드 5종, 콜레스테롤, 피토스핑고신, 스쿠알란, 판테놀, 나이아신아마이드, 알란토인",공식 판매 상세 페이지 확인 필요,,,,,,,,,,,,,,,,,,,,,,,,,,,,,,,,,,,,,,,,,,,,,,,,,,,,,,,,,,,,,,,,,,,,,,,,,,,,,,,,,,,,,,,,,,,,,,,,,,,,,,,,,,,,,,,,,,,,,,,,,,,,,,,,,,,,,,,,,,,,,,,,,,,,,,,,,,,,,,,,,,,,,,,,,,,,,,,,,,,,,,,,,,,,,,,,,,,,,,,,,,,,,,,,,,,,,,,,,,,,,,,,,,,,,,,,,,,,,,,,,,,,,,,,,,,,,,,,,,,,,,,,,,,,,,,,,,,,,,,,,,,,,,,,,,,,,,,,,,,,,,,,,,,,,,,,,,,,,,,,,,,,,,,,,,,,,,,,,,,,,,,,,,,,,,,,,,,,,,,,,,,,,,,,,,,,,,,,,,,,,,,,,,,,,,,,,,,,,,,,,,,,,,,,,,,,,,,,,,,,,,,,,,,,,,,,,,,,,,,,,,,,,,,,,,,,,,,,,,,,,,,,,,,,,,,,,,,,
44,인테카 수딩 크림,"32,000",메이크프렘,크림,80,"20대(100), 10대(75), 30대(50), 40대 이상(25)","지성(적극 추천), 수부지(적극 추천), 복합성(추천), 중성(추천), 건성(조건부 추천)",건성(2),"보습(2), 미백/잡티(2), 탄력/주름(1), 민감성(2)","가벼움, 빠른 흡수, 발림성, 끈적임 적음, 산뜻함, 수분감, 저자극","비건 인증, 피부 자극 테스트 완료, 미백, 주름개선, 데일리 케어, 메이크업 전 사용, 튜브형","정제수, 프로판다이올, 글리세린, 글리세릴글루코사이드, 1,2-헥산다이올, 카프릴릭/카프릭트라이글리세라이드, 하이드로제네이티드폴리데센, 나이아신아마이드, 부틸렌글라이콜, 솔비톨, 세테아릴올리베이트, 비닐다이메티콘, 솔비탄올리베이트, 카보머, 칸디다 봄비콜라/글루코오스/메틸레이프씨데이트발효물, 해바라기씨오일, 아시아티코사이드, 아시아틱애씨드, 마데카식애씨드, 하이알루로닉애씨드, 하이드롤라이즈드하이알루로닉애씨드, 소듐하이알루로네이트, 다이프로필렌글라이콜, 글리세릴스테아레이트에스이, 하이드로제네이티드레시틴, 트로메타민, 에틸헥실글리세린, 아데노신, 다이소듐이디티에이, 에톡시다이글라이콜","병풀 유효 성분, 인테카, 히알루론산 복합체, 나이아신아마이드, 글리세릴글루코사이드","메이크프렘 공식 제품 정보, 컬리 제품 정보",,,,,,,,,,,,,,,,,,,,,,,,,,,,,,,,,,,,,,,,,,,,,,,,,,,,,,,,,,,,,,,,,,,,,,,,,,,,,,,,,,,,,,,,,,,,,,,,,,,,,,,,,,,,,,,,,,,,,,,,,,,,,,,,,,,,,,,,,,,,,,,,,,,,,,,,,,,,,,,,,,,,,,,,,,,,,,,,,,,,,,,,,,,,,,,,,,,,,,,,,,,,,,,,,,,,,,,,,,,,,,,,,,,,,,,,,,,,,,,,,,,,,,,,,,,,,,,,,,,,,,,,,,,,,,,,,,,,,,,,,,,,,,,,,,,,,,,,,,,,,,,,,,,,,,,,,,,,,,,,,,,,,,,,,,,,,,,,,,,,,,,,,,,,,,,,,,,,,,,,,,,,,,,,,,,,,,,,,,,,,,,,,,,,,,,,,,,,,,,,,,,,,,,,,,,,,,,,,,,,,,,,,,,,,,,,,,,,,,,,,,,,,,,,,,,,,,,,,,,,,,,,,,,,,,,,,,,,
45,밸런스풀 시카 진정 크림,"24,000",토리든,크림,80,"20대(100), 10대(75), 30대(50), 40대 이상(25)","지성(적극 추천), 수부지(적극 추천), 복합성(추천), 중성(추천), 건성(조건부 추천)",건성(2),"보습(2), 여드름(3), 모공(3), 피지/블랙헤드(3), 민감성(2)","가벼움, 빠른 흡수, 산뜻함, 끈적임 적음, 수분감, 저자극","비건 인증, 약산성, 인체 적용 시험 완료, 피부 자극 테스트 완료, 여드름성, 인공향 무첨가, 데일리 케어, 단지형, 재활용","정제수, 부틸렌글라이콜, 글리세린, 헵틸운데실레네이트, 1,2-헥산다이올, 판테놀(2,000ppm), 병풀추출물, 마데카식애씨드, 아시아티코사이드(780ppb), 아시아틱애씨드, 마데카소사이드, 알란토인, 하이드롤라이즈드하이알루로닉애씨드, 쓴풀추출물, 푸른연꽃추출물, 락토바실러스발효물, 접시꽃추출물, 잇꽃꽃추출물, 베타인, 카프릴릭/카프릭트라이글리세라이드, 세테아릴알코올, 프로판다이올, C14-22알코올, 다이펩타이드-2, 아크릴레이트/C10-30알킬아크릴레이트크로스폴리머, 하이드록시에틸아크릴레이트/소듐아크릴로일다이메틸타우레이트코폴리머, 소듐폴리아크릴레이트, 글리세릴아크릴레이트/아크릴릭애씨드코폴리머, 피브이엠/엠에이코폴리머, 솔비탄아이소스테아레이트, 폴리글리세릴-3폴리리시놀리에이트, 아이소펜틸다이올, 카프릴로일살리실릭애씨드, C12-20알킬글루코사이드, 폴리글리세릴-4올리에이트, 소듐스테아로일글루타메이트, 소듐서팩틴, 카프릴로일애씨드, 잔탄검, 트로메타민, 소듐아세테이트, 다이소듐이디티에이, 에틸헥실글리세린, 치자추출물","병풀 복합체, 판테놀(2,000ppm), 알란토인, 베타인, 카프릴로일살리실릭애씨드","토리든 공식 제품 정보, 화해 제품 정보",,,,,,,,,,,,,,,,,,,,,,,,,,,,,,,,,,,,,,,,,,,,,,,,,,,,,,,,,,,,,,,,,,,,,,,,,,,,,,,,,,,,,,,,,,,,,,,,,,,,,,,,,,,,,,,,,,,,,,,,,,,,,,,,,,,,,,,,,,,,,,,,,,,,,,,,,,,,,,,,,,,,,,,,,,,,,,,,,,,,,,,,,,,,,,,,,,,,,,,,,,,,,,,,,,,,,,,,,,,,,,,,,,,,,,,,,,,,,,,,,,,,,,,,,,,,,,,,,,,,,,,,,,,,,,,,,,,,,,,,,,,,,,,,,,,,,,,,,,,,,,,,,,,,,,,,,,,,,,,,,,,,,,,,,,,,,,,,,,,,,,,,,,,,,,,,,,,,,,,,,,,,,,,,,,,,,,,,,,,,,,,,,,,,,,,,,,,,,,,,,,,,,,,,,,,,,,,,,,,,,,,,,,,,,,,,,,,,,,,,,,,,,,,,,,,,,,,,,,,,,,,,,,,,,,,,,,,,
46,모이스춰 닥터 크림,"31,500",아이소이,크림,50,"40대 이상(100), 30대(75), 20대(50), 10대(25)","수부지(적극 추천), 복합성(추천), 지성(추천), 중성(추천), 건성(조건부 추천)",건성(1),"보습(3), 여드름(3)","가벼움, 빠른 흡수, 발림성, 산뜻함, 끈적임 적음, 수분감","데일리 케어, 메이크업 전 사용, 단지형","정제수, 글리세린, 세틸에틸헥사노에이트, 카프릴릭/카프릭트라이글리세라이드, 베타인, 마카다미아씨오일, 소듐하이알루로네이트, 하이드롤라이즈드하이알루로닉애씨드, 하이알루로닉애씨드, 소듐하이알루로네이트크로스폴리머, 하이드롤라이즈드글라이코사미노글리칸, 티트리잎추출물, 쇠비름추출물, 약모밀추출물(어성초추출물), 판테놀, 피토스핑고신, 세라마이드엔피, 알지닌, 카보머, 흰버드나무껍질추출물, 오레가노잎추출물, 편백잎추출물, 락토바실러스/콩발효추출물, 육계나무껍질추출물, 잔탄검, 솔비탄세스퀴올리에이트, 자몽껍질오일, 부틸렌글라이콜, 1,2-헥산다이올, 프로판다이올, 포트마리골드꽃추출물, 황금추출물, 모란뿌리추출물, 스페인감초뿌리추출물, 하이드로제네이티드레시틴, 리모넨*","히알루론산 복합체, 세라마이드엔피, 판테놀, 베타인, 티트리잎추출물, 약모밀추출물, 쇠비름추출물","아이소이 공식 제품 정보, 화해 50ml 제품 정보",,,,,,,,,,,,,,,,,,,,,,,,,,,,,,,,,,,,,,,,,,,,,,,,,,,,,,,,,,,,,,,,,,,,,,,,,,,,,,,,,,,,,,,,,,,,,,,,,,,,,,,,,,,,,,,,,,,,,,,,,,,,,,,,,,,,,,,,,,,,,,,,,,,,,,,,,,,,,,,,,,,,,,,,,,,,,,,,,,,,,,,,,,,,,,,,,,,,,,,,,,,,,,,,,,,,,,,,,,,,,,,,,,,,,,,,,,,,,,,,,,,,,,,,,,,,,,,,,,,,,,,,,,,,,,,,,,,,,,,,,,,,,,,,,,,,,,,,,,,,,,,,,,,,,,,,,,,,,,,,,,,,,,,,,,,,,,,,,,,,,,,,,,,,,,,,,,,,,,,,,,,,,,,,,,,,,,,,,,,,,,,,,,,,,,,,,,,,,,,,,,,,,,,,,,,,,,,,,,,,,,,,,,,,,,,,,,,,,,,,,,,,,,,,,,,,,,,,,,,,,,,,,,,,,,,,,,,,
47,마다가스카르 리얼 수분크림,"23,800",시드물,크림,80,"20대(100), 30대(75), 10대(50), 40대 이상(25)","지성(적극 추천), 수부지(적극 추천), 복합성(추천), 중성(추천), 건성(조건부 추천)",건성(2),"보습(3), 여드름(2), 민감성(3)","가벼움, 빠른 흡수, 산뜻함, 끈적임 적음, 적은 유분감, 수분감, 저자극","피부 자극 테스트 완료, 여드름성, 약산성, 데일리 케어, 여름용, 튜브형","병풀잎수(80%), 글리세린, 하이드로제네이티드레시틴, 부틸렌글라이콜, 황금추출물, 모란뿌리추출물, 카프릴릭/카프릭트라이글리세라이드, 헵틸운데실레네이트, 폴리글루타믹애씨드, 소듐하이알루로네이트, 에리스리톨, 솔비톨, 마데카소사이드, 아시아티코사이드, 마데카식애씨드, 아시아틱애씨드, 아세틸헥사펩타이드-8, 베타-글루칸, 판테놀, 로우스위트블루베리추출물, 석류추출물, 무화과추출물, 뽕나무열매추출물, 은행추출물, 하이드롤라이즈드하이알루로닉애씨드, 하이드록시에틸우레아, 알란토인, 다이포타슘글리시리제이트, 토코페롤, 1,2-헥산다이올","병풀잎수(80%), 병풀 유효 성분, 폴리글루타믹애씨드, 히알루론산, 베타-글루칸, 판테놀, 알란토인","시드물 공식 제품 정보, 화해 제품 정보",,,,,,,,,,,,,,,,,,,,,,,,,,,,,,,,,,,,,,,,,,,,,,,,,,,,,,,,,,,,,,,,,,,,,,,,,,,,,,,,,,,,,,,,,,,,,,,,,,,,,,,,,,,,,,,,,,,,,,,,,,,,,,,,,,,,,,,,,,,,,,,,,,,,,,,,,,,,,,,,,,,,,,,,,,,,,,,,,,,,,,,,,,,,,,,,,,,,,,,,,,,,,,,,,,,,,,,,,,,,,,,,,,,,,,,,,,,,,,,,,,,,,,,,,,,,,,,,,,,,,,,,,,,,,,,,,,,,,,,,,,,,,,,,,,,,,,,,,,,,,,,,,,,,,,,,,,,,,,,,,,,,,,,,,,,,,,,,,,,,,,,,,,,,,,,,,,,,,,,,,,,,,,,,,,,,,,,,,,,,,,,,,,,,,,,,,,,,,,,,,,,,,,,,,,,,,,,,,,,,,,,,,,,,,,,,,,,,,,,,,,,,,,,,,,,,,,,,,,,,,,,,,,,,,,,,,,,,
48,엑토덤 액티브 베리어 크림,"59,000",라비앙,크림,50,"40대 이상(100), 30대(75), 20대(50), 10대(25)","건성(적극 추천), 수부지(추천), 복합성(추천), 중성(추천), 지성(조건부 추천)",지성(1),"보습(3), 탄력/주름(1)","촉촉함, 겉돌지 않음, 빠른 흡수, 발림성, 쫀쫀함, 윤광","주름개선, 탄력 개선, 안티에이징, 인체 적용 시험 완료, 피부 자극 테스트 완료, 데일리 케어, 나이트 케어, 튜브형","바실러스/쌀겨추출물/콩추출물발효여과물, 엑토인(100,000.5ppm), 글리세린, 다이카프릴릴카보네이트, 메틸폴레이트, 부틸렌글라이콜, 세테아릴알코올, 프로판다이올, 글리세릴스테아레이트, C10-18트라이글리세라이즈, 나이아신아마이드, 비닐다이메티콘, 해바라기씨오일, 피이지-100스테아레이트, 1,2-헥산다이올, 폴리솔베이트80, 페닐다이메티콘, 카프릴릴글라이콜, 스위트아몬드오일, 알지닌, 아크릴레이트/C10-30알킬아크릴레이트크로스폴리머, 판테놀, 에틸헥실글리세린, 카보머, 키스탄테그란디플로라캘러스추출물, 올리브오일, 아데노신, 다이소듐이디티에이, 세드랏껍질오일, 정제수, 펜틸렌글라이콜, 로즈마리잎오일, 토코페롤, 리씨열매오일, 회향유, 고수열매오일, 콘민트오일, 소듐하이알루로네이트크로스폴리머, 하이드로제네이티드레시틴, 하이드록시에틸셀룰로오스, 세라마이드엔피, 글라이콜릭애씨드, 병풀추출물, 참당귀추출물, 자일로오스, 폴리글루타믹애씨드, 리토스펌고신, 세라마이드에이피, 수크로오스스테아레이트, 콜레스테롤, 소듐디오설페이트, 잔탄검, 갈락토아라비난, 락틱애씨드, 살리실릭애씨드, 알지닌/라이신폴리펩타이드, 세라마이드이오피","엑토인(100,000.5ppm), 세라마이드 복합체, 콜레스테롤, 판테놀, 나이아신아마이드, 폴리글루타믹애씨드, 히알루론산","라비앙 공식 제품 정보, 화해 제품 정보",,,,,,,,,,,,,,,,,,,,,,,,,,,,,,,,,,,,,,,,,,,,,,,,,,,,,,,,,,,,,,,,,,,,,,,,,,,,,,,,,,,,,,,,,,,,,,,,,,,,,,,,,,,,,,,,,,,,,,,,,,,,,,,,,,,,,,,,,,,,,,,,,,,,,,,,,,,,,,,,,,,,,,,,,,,,,,,,,,,,,,,,,,,,,,,,,,,,,,,,,,,,,,,,,,,,,,,,,,,,,,,,,,,,,,,,,,,,,,,,,,,,,,,,,,,,,,,,,,,,,,,,,,,,,,,,,,,,,,,,,,,,,,,,,,,,,,,,,,,,,,,,,,,,,,,,,,,,,,,,,,,,,,,,,,,,,,,,,,,,,,,,,,,,,,,,,,,,,,,,,,,,,,,,,,,,,,,,,,,,,,,,,,,,,,,,,,,,,,,,,,,,,,,,,,,,,,,,,,,,,,,,,,,,,,,,,,,,,,,,,,,,,,,,,,,,,,,,,,,,,,,,,,,,,,,,,,,,
49,시카비오 크림+,"43,000",바이오더마,크림,100,"30대(100), 20대(75), 40대 이상(50), 10대(25)","건성(적극 추천), 중성(추천), 복합성(추천), 수부지(조건부 추천), 지성(조건부 추천)","지성(2), 수부지(2)","보습(3), 민감성(2)","촉촉함, 꾸덕함, 윤광, 발림성, 수분감","인공향 무첨가, 인체 적용 시험 완료, 데일리 케어, 나이트 케어, 튜브형","정제수, 카프릴릭/카프릭트라이글리세라이드, 글리세린, 폴리글리세릴-3폴리리시놀리에이트, 유채씨오일, 부틸렌글라이콜, 타피오카전분, 하이드로제네이티드유채씨오일, 자일로오스, 폴리글리세릴-3다이아이소스테아레이트, 호호바씨오일, 마그네슘설페이트, 펜틸렌글라이콜, 스쿠알란, 1,2-헥산다이올, 카프릴릴글라이콜, 소듐폴리글루타메이트, 소듐시트레이트, 잔탄검, 소듐하이알루로네이트, 토코페롤, 만니톨, 람노오스, 자일리톨, 아세틸다이펩타이드-1세틸에스터, 해바라기씨오일, 시트릭애씨드, 프룩토올리고사카라이드","글리세린, 스쿠알란, 폴리글루타믹애씨드, 히알루론산, 자일로오스, 아세틸다이펩타이드-1세틸에스터","바이오더마 공식 판매처, 화해 제품 정보",,,,,,,,,,,,,,,,,,,,,,,,,,,,,,,,,,,,,,,,,,,,,,,,,,,,,,,,,,,,,,,,,,,,,,,,,,,,,,,,,,,,,,,,,,,,,,,,,,,,,,,,,,,,,,,,,,,,,,,,,,,,,,,,,,,,,,,,,,,,,,,,,,,,,,,,,,,,,,,,,,,,,,,,,,,,,,,,,,,,,,,,,,,,,,,,,,,,,,,,,,,,,,,,,,,,,,,,,,,,,,,,,,,,,,,,,,,,,,,,,,,,,,,,,,,,,,,,,,,,,,,,,,,,,,,,,,,,,,,,,,,,,,,,,,,,,,,,,,,,,,,,,,,,,,,,,,,,,,,,,,,,,,,,,,,,,,,,,,,,,,,,,,,,,,,,,,,,,,,,,,,,,,,,,,,,,,,,,,,,,,,,,,,,,,,,,,,,,,,,,,,,,,,,,,,,,,,,,,,,,,,,,,,,,,,,,,,,,,,,,,,,,,,,,,,,,,,,,,,,,,,,,,,,,,,,,,,,
50,어성초 히알루론 수딩 크림,"28,000",구달,크림,75,"20대(100), 10대(75), 30대(50), 40대 이상(25)","수부지(적극 추천), 지성(적극 추천), 복합성(추천), 중성(추천), 건성(조건부 추천)",건성(2),"보습(3), 여드름(2)","가벼움, 빠른 흡수, 산뜻함, 끈적임 적음, 수분감, 쿨링감","피부 자극 테스트 완료, 데일리 케어, 메이크업 전 사용, 여름용, 단지형","정제수, 글리세린, 비닐다이메티콘, 부틸렌글라이콜, 카프릴릴메티콘, 다이프로필렌글라이콜, 1,2-헥산다이올, 펜틸렌글라이콜, 에리스리톨, 자일리톨, 어성초추출물(=약모밀추출물, 6,501ppm), 효모발효여과물, 소듐하이알루로네이트(102.1ppm), 편백오일, 유칼립투스잎오일, 하이드롤라이즈드하이알루로닉애씨드(0.15ppm), 하이알루로닉애씨드(0.1ppm), 칸디다 봄비콜라/글루코오스/메틸레이프씨데이트발효물, 포도씨오일, 병풀잎추출물, 산구절초추출물, 해바라기씨오일, 쇠비름추출물, 에틸헥실팔미테이트, 암모늄아크릴로일다이메틸타우레이트/브이피코폴리머, 솔비톨, 트로메타민, 아크릴레이트/C10-30알킬아크릴레이트크로스폴리머, 카프릴릭/카프릭트라이글리세라이드, 에틸헥실글리세린, 판테놀, 하이드로제네이티드레시틴, 소듐파이테이트, 세라마이드엔피, 베타-글루칸, 다발방패버섯추출물, 엑토인, 셀룰로오스, 폴리글루타믹애씨드, 하이알루로닉애씨드/폴리아이소프로필아크릴아마이드코폴리머(1ppm), 글리세릴카프릴레이트, 다이메틸실란올하이알루로네이트(0.15ppm), 하이드롤라이즈드소듐하이알루로네이트(0.15ppm), 포타슘하이알루로네이트(0.1ppm), 토코페롤, 하이드록시프로필트라이모늄하이알루로네이트(0.08ppm), 소듐하이알루로네이트크로스폴리머(0.08ppm), 프로판다이올, 소듐하이알루로네이트다이메틸실란올(0.05ppm), 소듐아세틸레이티드하이알루로네이트(0.04ppm), 폴리글리세릴-10아이소스테아레이트, 폴리글리세릴-10올리에이트, 스테아릭애씨드, 세라마이드엔에스, 콜레스테롤, 피토스핑고신, 세라마이드에이피, 세라마이드에이에스, 세라마이드이오피, 카보머, 세테아릴알코올","약모밀추출물(6,501ppm), 히알루론산 복합체, 판테놀, 세라마이드 5종, 콜레스테롤, 베타-글루칸, 엑토인","화해 제품 정보, 컬리 제품 정보",,,,,,,,,,,,,,,,,,,,,,,,,,,,,,,,,,,,,,,,,,,,,,,,,,,,,,,,,,,,,,,,,,,,,,,,,,,,,,,,,,,,,,,,,,,,,,,,,,,,,,,,,,,,,,,,,,,,,,,,,,,,,,,,,,,,,,,,,,,,,,,,,,,,,,,,,,,,,,,,,,,,,,,,,,,,,,,,,,,,,,,,,,,,,,,,,,,,,,,,,,,,,,,,,,,,,,,,,,,,,,,,,,,,,,,,,,,,,,,,,,,,,,,,,,,,,,,,,,,,,,,,,,,,,,,,,,,,,,,,,,,,,,,,,,,,,,,,,,,,,,,,,,,,,,,,,,,,,,,,,,,,,,,,,,,,,,,,,,,,,,,,,,,,,,,,,,,,,,,,,,,,,,,,,,,,,,,,,,,,,,,,,,,,,,,,,,,,,,,,,,,,,,,,,,,,,,,,,,,,,,,,,,,,,,,,,,,,,,,,,,,,,,,,,,,,,,,,,,,,,,,,,,,,,,,,,,,,
51,자작나무 수분 크림,"32,000",라운드랩,크림,80,"20대(100), 10대(75), 30대(50), 40대 이상(25)","수부지(적극 추천), 지성(추천), 복합성(추천), 중성(추천), 건성(조건부 추천)",건성(2),"보습(3), 여드름(2), 민감성(2)","가벼움, 산뜻함, 끈적임 적음, 수분감, 빠른 흡수, 저자극","피부 자극 테스트 완료, 여드름성, 데일리 케어, 메이크업 전 사용, 여름용, 단지형, 리필 가능","정제수, 글리세린, 아이소노닐아이소노나노에이트, 아이소도데케인, 1,2-헥산다이올, 펜틸렌글라이콜, 폴리데센, 자작나무수액(10,000ppm), 호호바에스터, 판테놀, 글리세릴글루코사이드, 아라비아고무나무검, 하이드롤라이즈드오크라추출물, 소듐하이알루로네이트, 하이알루로닉애씨드, 화이트루핀씨추출물, 드럼스틱씨추출물, 인도멀구슬나무잎추출물, 인도멀구슬나무꽃추출물, 아이비고드열매추출물, 알로에베라꽃추출물, 가지열매추출물, 홀리바질잎추출물, 참산호말추출물, 울금뿌리추출물, 아스코빅애씨드, 펜타에리스리틸테트라에틸헥사노에이트, 암모늄아크릴로일다이메틸타우레이트/브이피코폴리머, 폴리글리세릴-3메틸글루코오스다이스테아레이트, 아크릴레이트/C10-30알킬아크릴레이트크로스폴리머, 트로메타민, 글리세릴아크릴레이트/아크릴릭애씨드코폴리머, 에틸헥실글리세린, 아가, 다이포타슘글리시리제이트, 글리세릴카프릴레이트, 부틸렌글라이콜, 다이소듐이디티에이","자작나무수액(10,000ppm), 판테놀, 히알루론산, 글리세릴글루코사이드, 다이포타슘글리시리제이트","라운드랩 공식 제품 목록, 올리브영 80ml 제품 정보",,,,,,,,,,,,,,,,,,,,,,,,,,,,,,,,,,,,,,,,,,,,,,,,,,,,,,,,,,,,,,,,,,,,,,,,,,,,,,,,,,,,,,,,,,,,,,,,,,,,,,,,,,,,,,,,,,,,,,,,,,,,,,,,,,,,,,,,,,,,,,,,,,,,,,,,,,,,,,,,,,,,,,,,,,,,,,,,,,,,,,,,,,,,,,,,,,,,,,,,,,,,,,,,,,,,,,,,,,,,,,,,,,,,,,,,,,,,,,,,,,,,,,,,,,,,,,,,,,,,,,,,,,,,,,,,,,,,,,,,,,,,,,,,,,,,,,,,,,,,,,,,,,,,,,,,,,,,,,,,,,,,,,,,,,,,,,,,,,,,,,,,,,,,,,,,,,,,,,,,,,,,,,,,,,,,,,,,,,,,,,,,,,,,,,,,,,,,,,,,,,,,,,,,,,,,,,,,,,,,,,,,,,,,,,,,,,,,,,,,,,,,,,,,,,,,,,,,,,,,,,,,,,,,,,,,,,,,
52,그린 콜라겐 아이크림 포 페이스,"84,000",리더스,크림,30,"40대 이상(100), 30대(75), 20대(50), 10대(25)","건성(적극 추천), 중성(추천), 복합성(추천), 수부지(조건부 추천), 지성(조건부 추천)","지성(2), 수부지(1)","보습(3), 탄력/주름(3)","쫀쫀함, 발림성, 빠른 흡수, 촉촉함, 저자극","비건 인증, 주름개선, 탄력 개선, 안티에이징, 피부 자극 테스트 완료, 튜브형","정제수, 글리세린, 부틸렌글라이콜, 스쿠알란, 베타인, 메틸프로판다이올, 사이클로헥사실록세인, 메도우폼씨오일, 세틸알코올, 하이드로제네이티드폴리(C6-14올레핀), 펜타에리스리틸테트라에틸헥사노에이트, 프로판다이올, 1,2-헥산다이올, 세테아릴알코올, 판테놀, 세테아릴올리베이트, 암모늄아크릴로일다이메틸타우레이트/브이피코폴리머, 솔비탄올리베이트, 폴리아크릴레이트-13, 세테아릴글루코사이드, 알란토인, 아크릴레이트/C10-30알킬아크릴레이트크로스폴리머, 알지닌, 하이드로제네이티드폴리아이소부텐, 카프릴릴글라이콜, 에틸헥실글리세린, 베르가모트오일, 칸디다 봄비콜라/글루코오스/메틸레이프씨데이트발효물, 아데노신, 아보카도열매추출물, 폴리글리세릴-10라우레이트, 다이프로필렌글라이콜, 에틸헥실팔미테이트, 콜라겐, 하이드로제네이티드레시틴, 다이소듐이디티에이, 펜틸렌글라이콜, 솔비탄아이소스테아레이트, 카프릴릭/카프릭트라이글리세라이드, 류코노스톡/무발효여과물, 피토스테롤, 시어버터, 잔탄검, 락토바실러스발효용해물, 글루코오스, 로즈마리잎오일, 하이드롤라이즈드완두콩단백질, 스피어민트잎오일, 리씨열매오일, 클레리오일, 아스코빅애씨드, 아세틸테트라펩타이드-5, 해바라기씨오일, 세라마이드엔피","콜라겐, 스쿠알란, 판테놀, 알란토인, 아데노신, 아세틸테트라펩타이드-5, 세라마이드엔피","리더스 공식 30ml 제품 정보, 화해 기획 상품 정보",,,,,,,,,,,,,,,,,,,,,,,,,,,,,,,,,,,,,,,,,,,,,,,,,,,,,,,,,,,,,,,,,,,,,,,,,,,,,,,,,,,,,,,,,,,,,,,,,,,,,,,,,,,,,,,,,,,,,,,,,,,,,,,,,,,,,,,,,,,,,,,,,,,,,,,,,,,,,,,,,,,,,,,,,,,,,,,,,,,,,,,,,,,,,,,,,,,,,,,,,,,,,,,,,,,,,,,,,,,,,,,,,,,,,,,,,,,,,,,,,,,,,,,,,,,,,,,,,,,,,,,,,,,,,,,,,,,,,,,,,,,,,,,,,,,,,,,,,,,,,,,,,,,,,,,,,,,,,,,,,,,,,,,,,,,,,,,,,,,,,,,,,,,,,,,,,,,,,,,,,,,,,,,,,,,,,,,,,,,,,,,,,,,,,,,,,,,,,,,,,,,,,,,,,,,,,,,,,,,,,,,,,,,,,,,,,,,,,,,,,,,,,,,,,,,,,,,,,,,,,,,,,,,,,,,,,,,,
53,MLE 크림,"100,000",아토팜,크림,160,"40대 이상(100), 30대(75), 20대(50), 10대(25)","건성(적극 추천), 중성(추천), 복합성(추천), 수부지(조건부 추천), 지성(주의)","지성(3), 수부지(1)",보습(3),"촉촉함, 발림성, 쫀쫀함, 윤광, 꾸덕함, 저자극","약산성, 인체 적용 시험 완료, 피부 자극 테스트 완료, 데일리 케어, 나이트 케어, 겨울용, 단지형","정제수, 글리세린, 카프릴릭/카프릭트라이글리세라이드, 세테아릴알코올, 펜타에리스리틸스테아레이트/카프레이트/카프릴레이트/아디페이트, 펜틸렌글라이콜, 시어버터, 프로판다이올, 솔비탄스테아레이트, 스테아릭애씨드, 식물성스쿠알란, 폴리글리세릴-5스테아레이트, 호호바씨오일, 글리세릴스테아레이트, 팔미토일팔미타마이드엠이에이, N-데카노일세린올, 비스-카프릴로일옥시팔미타미도아이소프로판올, 알란토인, 약모밀추출물, 류신, 라이신, 발린, 트레오닌, 페닐알라닌, 하이드로제네이티드식물성오일, 올리브오일, 토코페롤, 카보머, 피토스테롤, 피토스테릴올리에이트, 잇꽃씨오일, 포도씨오일, 소듐파이테이트, 알지닌, 쇠비름추출물, 잔탄검, 해바라기씨오일, 겨우살이열매추출물, 녹차씨오일, 소듐하이알루로네이트, 해바라기오일데실에스터, 살비아오일, 베타-글루칸, 소두구씨오일, 광곽향오일, 멕시칸주니퍼오일, 두송열매오일, 캐모마일꽃오일, 부틸렌글라이콜, 1,2-헥산다이올, 카프릴릭/ 카프릭글리세라이즈","MLE 유사 세라마이드, 시어버터, 식물성 스쿠알란, 호호바씨오일, 알란토인, 베타-글루칸, 약모밀추출물",https://www.hwahae.co.kr/goods/아토팜-MLE-크림-160mlPLUS160ml/74199?goods_tab=review_ingredients,,,,,,,,,,,,,,,,,,,,,,,,,,,,,,,,,,,,,,,,,,,,,,,,,,,,,,,,,,,,,,,,,,,,,,,,,,,,,,,,,,,,,,,,,,,,,,,,,,,,,,,,,,,,,,,,,,,,,,,,,,,,,,,,,,,,,,,,,,,,,,,,,,,,,,,,,,,,,,,,,,,,,,,,,,,,,,,,,,,,,,,,,,,,,,,,,,,,,,,,,,,,,,,,,,,,,,,,,,,,,,,,,,,,,,,,,,,,,,,,,,,,,,,,,,,,,,,,,,,,,,,,,,,,,,,,,,,,,,,,,,,,,,,,,,,,,,,,,,,,,,,,,,,,,,,,,,,,,,,,,,,,,,,,,,,,,,,,,,,,,,,,,,,,,,,,,,,,,,,,,,,,,,,,,,,,,,,,,,,,,,,,,,,,,,,,,,,,,,,,,,,,,,,,,,,,,,,,,,,,,,,,,,,,,,,,,,,,,,,,,,,,,,,,,,,,,,,,,,,,,,,,,,,,,,,,,,,,
54,DMT 페이셜크림,"47,500",피지오겔,크림,150,"40대 이상(100), 30대(75), 20대(50), 10대(25)","건성(적극 추천), 중성(추천), 복합성(조건부 추천), 수부지(조건부 추천), 지성(주의)","지성(3), 복합성(1), 수부지(1)","보습(3), 민감성(2)","촉촉함, 꾸덕함, 발림성, 윤광, 저자극, 순한 사용감","논코메도제닉 테스트 완료, 피부 자극 테스트 완료, 향료 무첨가, 데일리 케어, 나이트 케어, 겨울용, 튜브형","정제수, 카프릴릭/카프릭트라이글리세라이드, 글리세린, 펜틸렌글라이콜, 코코넛야자오일, 하이드로제네이티드레시틴, 시어버터, 하이드록시에틸셀룰로오스, 스쿠알란, 카보머, 잔탄검, 소듐카보머, 세라마이드엔피(세라마이드3) ","글리세린, 카프릴릭/카프릭트라이글리세라이드, 코코넛오일, 시어버터, 스쿠알란, 세라마이드엔피",https://www.hwahae.co.kr/products/피지오겔-DMT-페이셜크림/1875300?goods_tab=review_ingredients,,,,,,,,,,,,,,,,,,,,,,,,,,,,,,,,,,,,,,,,,,,,,,,,,,,,,,,,,,,,,,,,,,,,,,,,,,,,,,,,,,,,,,,,,,,,,,,,,,,,,,,,,,,,,,,,,,,,,,,,,,,,,,,,,,,,,,,,,,,,,,,,,,,,,,,,,,,,,,,,,,,,,,,,,,,,,,,,,,,,,,,,,,,,,,,,,,,,,,,,,,,,,,,,,,,,,,,,,,,,,,,,,,,,,,,,,,,,,,,,,,,,,,,,,,,,,,,,,,,,,,,,,,,,,,,,,,,,,,,,,,,,,,,,,,,,,,,,,,,,,,,,,,,,,,,,,,,,,,,,,,,,,,,,,,,,,,,,,,,,,,,,,,,,,,,,,,,,,,,,,,,,,,,,,,,,,,,,,,,,,,,,,,,,,,,,,,,,,,,,,,,,,,,,,,,,,,,,,,,,,,,,,,,,,,,,,,,,,,,,,,,,,,,,,,,,,,,,,,,,,,,,,,,,,,,,,,,,
55,더 세라마이드 스킨 베리어 모이스처라이저,"25,000",코스알엑스,크림,80,"30대(100), 40대 이상(75), 20대(50), 10대(25)","건성(적극 추천), 수부지(추천), 복합성(추천), 중성(추천), 지성(조건부 추천)",지성(2),"보습(3), 민감성(3)","촉촉함, 수분감, 발림성, 빠른 흡수, 쫀쫀함, 저자극","피부과 테스트 완료, 피부 자극 테스트 완료, 데일리 케어, 나이트 케어, 튜브형","정제수, 부틸렌글라이콜, 글리세린, 세틸에틸헥사노에이트, 부틸렌글라이콜다이카프릴레이트/다이카프레이트, 스쿠알란, 펜타에리스리틸테트라아이소스테아레이트, 다이카프릴릴카보네이트, 베헤닐알코올, 다이메티콘, 베타인, 하이드록시프로필비스팔미타마이드엠이에이(8,000 ppm), C14-22알코올, 팔미틱애씨드, 스테아릭애씨드, 하이드록시프로필비스라우라마이드엠이에이(7,000 ppm), 아라키딜알코올, 콜레스테롤, 폴리아크릴레이트-13, C12-20알킬글루코사이드, 알란토인, 아라키딜글루코사이드, 카프릴릴글라이콜, 글리세릴카프릴레이트, 에틸헥실글리세린, 하이드로제네이티드폴리아이소부텐, 카보머, 트로메타민, 하이드로제네이티드레시틴, 다이메티콘올, 세테아릴알코올, 폴리글리세릴-10라우레이트, 에틸헥실팔미테이트, 솔비탄아이소스테아레이트, 피토스핑고신, 판테놀, 프로판다이올, 토코페롤, 세라마이드엔피(5,500ppb), 소듐하이알루로네이트, 세라마이드엔에스(1,500 ppb), 1,2-헥산다이올, 하이드롤라이즈드하이알루로닉애씨드, 세라마이드에이피(500 ppb), 세라마이드에이에스(500 ppb), 소듐하이알루로네이트크로스폴리머, 하이알루로닉애씨드, 소듐아세틸레이티드하이알루로네이트, 세라마이드이오피(1 ppb)","유사 세라마이드 2종(총 15,000ppm), 세라마이드 5종, 콜레스테롤, 피토스핑고신, 스쿠알란, 판테놀, 알란토인, 히알루론산 복합체",https://www.hwahae.co.kr/goods/코스알엑스-더-세라마이드-스킨-베리어-모이스처라이저-80ml/69944?goods_tab=review_ingredients,,,,,,,,,,,,,,,,,,,,,,,,,,,,,,,,,,,,,,,,,,,,,,,,,,,,,,,,,,,,,,,,,,,,,,,,,,,,,,,,,,,,,,,,,,,,,,,,,,,,,,,,,,,,,,,,,,,,,,,,,,,,,,,,,,,,,,,,,,,,,,,,,,,,,,,,,,,,,,,,,,,,,,,,,,,,,,,,,,,,,,,,,,,,,,,,,,,,,,,,,,,,,,,,,,,,,,,,,,,,,,,,,,,,,,,,,,,,,,,,,,,,,,,,,,,,,,,,,,,,,,,,,,,,,,,,,,,,,,,,,,,,,,,,,,,,,,,,,,,,,,,,,,,,,,,,,,,,,,,,,,,,,,,,,,,,,,,,,,,,,,,,,,,,,,,,,,,,,,,,,,,,,,,,,,,,,,,,,,,,,,,,,,,,,,,,,,,,,,,,,,,,,,,,,,,,,,,,,,,,,,,,,,,,,,,,,,,,,,,,,,,,,,,,,,,,,,,,,,,,,,,,,,,,,,,,,,,,
56,아토베리어365 하이드로 수딩크림,"66,000",에스트라,크림,80,"20대(100), 30대(75), 10대(50), 40대 이상(25)","수부지(적극 추천), 지성(적극 추천), 복합성(추천), 중성(추천), 건성(조건부 추천)",건성(2),"보습(3), 민감성(3)","가벼움, 빠른 흡수, 산뜻함, 수분감, 쿨링감, 끈적임 적음, 발림성","피부과 테스트 완료, 피부 자극 테스트 완료, 데일리 케어, 메이크업 전 사용, 여름용, 튜브형","정제수, 글리세린, 부틸렌글라이콜, 다이메티콘, 스쿠알란, 1,2-헥산다이올, 베타인, 세테아릴알코올, 암모늄아크릴로일다이메틸타우레이트/브이피코폴리머, 하이드로제네이티드쌀겨오일, 하이드로제네이티드레시틴, 폴리글리세릴-3메틸글루코오스다이스테아레이트, 폴리아크릴레이트크로스폴리머-6, 만니톨, 세틸-피지하이드록시에틸팔미타마이드, 스테아릭애씨드, 에틸헥실글리세린, 글리세릴카프릴레이트, 프로판다이올, 글리세릴스테아레이트, 소듐메타포스페이트, 세라마이드엔피, 카보머, 팔미틱애씨드, 실리카, 징크클로라이드, 콜레스테롤, 베타-글루칸, 스핑고리피드, 소듐하이알루로네이트, 하이드록시프로필메틸셀룰로오스, 미리스틱애씨드, 프로필렌글라이콜, 라우릭애씨드, 토코페롤","세라마이드엔피, 유사 세라마이드, 스쿠알란, 판테놀, 베타인, 베타-글루칸, 히알루론산, 콜레스테롤",https://www.hwahae.co.kr/goods/에스트라-아토베리어365-하이드로-수딩크림-80ml-2개입-사은품-증정/63200?goods_tab=review_ingredients,,,,,,,,,,,,,,,,,,,,,,,,,,,,,,,,,,,,,,,,,,,,,,,,,,,,,,,,,,,,,,,,,,,,,,,,,,,,,,,,,,,,,,,,,,,,,,,,,,,,,,,,,,,,,,,,,,,,,,,,,,,,,,,,,,,,,,,,,,,,,,,,,,,,,,,,,,,,,,,,,,,,,,,,,,,,,,,,,,,,,,,,,,,,,,,,,,,,,,,,,,,,,,,,,,,,,,,,,,,,,,,,,,,,,,,,,,,,,,,,,,,,,,,,,,,,,,,,,,,,,,,,,,,,,,,,,,,,,,,,,,,,,,,,,,,,,,,,,,,,,,,,,,,,,,,,,,,,,,,,,,,,,,,,,,,,,,,,,,,,,,,,,,,,,,,,,,,,,,,,,,,,,,,,,,,,,,,,,,,,,,,,,,,,,,,,,,,,,,,,,,,,,,,,,,,,,,,,,,,,,,,,,,,,,,,,,,,,,,,,,,,,,,,,,,,,,,,,,,,,,,,,,,,,,,,,,,,,
57,노스카나인 트러블 크림,"32,000",파티온,크림,45,"20대(100), 10대(75), 30대(50), 40대 이상(25)","수부지(적극 추천), 복합성(적극 추천), 지성(추천), 중성(추천), 건성(조건부 추천)","건성(1), 지성(1)","보습(3), 여드름(2), 민감성(3)","산뜻함, 빠른 흡수, 겉돌지 않음, 촉촉함, 쫀쫀함","인체 적용 시험 완료, 피부 자극 테스트 완료, 여드름성, 데일리 케어, 튜브형","정제수, 글리세린, 메도우폼씨오일, 카프릴릭/카프릭트라이글리세라이드, 비닐다이메티콘, 다이글리세린, 폴리글리세릴-3다이스테아레이트, 세테아릴알코올, 1,2-헥산다이올, 펜틸렌글라이콜, 클로렐라 불가리스추출물, 소듐헤파린, 쑥잎추출물, 병풀추출물, 펜타에리스리틸테트라에틸헥사노에이트, 하이드로제네이티드쌀겨오일, 하이드로제네이티드레시틴, 세테아릴올리베이트, 소듐스테아로일글루타메이트, 하이드록시에틸아크릴레이트/소듐아크릴로일다이메틸타우레이트코폴리머, 폴리글리세릴-2스테아레이트, 암모늄아크릴로일다이메틸타우레이트/브이피코폴리머, 아이소도데케인, 하이드록시아세토페논, 아크릴레이트/C10-30알킬아크릴레이트크로스폴리머, 글루코오스, 솔비탄올리베이트, 글리세릴스테아레이트, 판테놀, 글리세릴스테아레이트시트레이트, 부틸렌글라이콜, 프룩토올리고사카라이드, 프룩토오스, 잔탄검, 스테아릭애씨드, 석시닉애씨드, 다이메티콘/비닐다이메티콘크로스폴리머, 비닐다이메티콘/메티콘실세스퀴옥세인크로스폴리머, 소듐파이테이트, 솔비탄아이소스테아레이트, 폴리글리세릴-10스테아레이트, 다이프로필렌글라이콜, 세라마이드엔피, 알란토인, 베타-글루칸, 폴리글리세릴-10라우레이트, 세라마이드엔에스, 콜레스테롤, 에틸헥실글리세린, 피토스핑고신, 세라마이드에이피, 세라마이드에이에스, 스쿠알란, 세라마이드이오피, 카프릴릴/카프릴글루코사이드, 스테아릴알코올, 잔탄검.","소듐헤파린, 병풀추출물, 쑥잎추출물, 판테놀, 세라마이드 5종, 콜레스테롤, 피토스핑고신, 알란토인, 베타-글루칸",https://www.hwahae.co.kr/goods/파티온-only화해-노스카나인-트러블-크림-기획세트-45ml-본품PLUS20ml-증정/62190?goods_tab=review_ingredients,,,,,,,,,,,,,,,,,,,,,,,,,,,,,,,,,,,,,,,,,,,,,,,,,,,,,,,,,,,,,,,,,,,,,,,,,,,,,,,,,,,,,,,,,,,,,,,,,,,,,,,,,,,,,,,,,,,,,,,,,,,,,,,,,,,,,,,,,,,,,,,,,,,,,,,,,,,,,,,,,,,,,,,,,,,,,,,,,,,,,,,,,,,,,,,,,,,,,,,,,,,,,,,,,,,,,,,,,,,,,,,,,,,,,,,,,,,,,,,,,,,,,,,,,,,,,,,,,,,,,,,,,,,,,,,,,,,,,,,,,,,,,,,,,,,,,,,,,,,,,,,,,,,,,,,,,,,,,,,,,,,,,,,,,,,,,,,,,,,,,,,,,,,,,,,,,,,,,,,,,,,,,,,,,,,,,,,,,,,,,,,,,,,,,,,,,,,,,,,,,,,,,,,,,,,,,,,,,,,,,,,,,,,,,,,,,,,,,,,,,,,,,,,,,,,,,,,,,,,,,,,,,,,,,,,,,,,,
58,시카좀 카밍 워터 젤 크림,"11,200",리브엠,크림,100,"20대(100), 10대(75), 30대(50), 40대 이상(25)","지성(적극 추천), 수부지(적극 추천), 복합성(추천), 중성(추천), 건성(조건부 추천)",건성(2),"보습(3), 여드름(2), 민감성(3)","가벼움, 산뜻함, 수분감, 쿨링감, 적은 유분감, 쫀쫀함, 끈적임 적음, 저자극","피부 자극 테스트 완료, 약산성, 데일리 케어, 메이크업 전 사용, 여름용, 대용량, 단지형","정제수, 부틸렌글라이콜, 글리세린, 1,2-헥산다이올, 하이드로제네이티드폴리데센, 나이아신아마이드, 판테놀, 프로판다이올, 베헤닐알코올, 세테아릴알코올, 비닐다이메티콘, 카보머, 세테아릴올리베이트, 솔비탄올리베이트, 트로메타민, 폴리아크릴레이트-13, 베타인, 병풀추출물, 하이드로제네이티드폴리아이소부텐, 황련뿌리추출물, 에틸헥실글리세린, 하이드롤라이즈드치자추출물, 하이드롤라이즈드맥아추출물, 하이드롤라이즈드삼색제비꽃추출물, 다이소듐이디티에이, 폴리글리세릴-10라우레이트, 에틸헥실팔미테이트, 알란토인, 하이알루로닉애씨드, 하이드롤라이즈드하이알루로닉애씨드, 소듐하이알루로네이트, 솔비탄아이소스테아레이트, 덱스트린, 약모밀추출물, 병풀잎추출물, 프랑스해안송껍질추출물, 밤부사불가리스잎추출물, 아시아티코사이드, 아시아틱애씨드, 마데카소사이드, 마데카식애씨드. ","병풀 복합체, 판테놀, 나이아신아마이드, 베타인, 알란토인, 히알루론산 복합체, 약모밀추출물",https://www.hwahae.co.kr/goods/리브엠-시카좀-카밍-워터-젤크림-100ml/70030?goods_tab=review_ingredients,,,,,,,,,,,,,,,,,,,,,,,,,,,,,,,,,,,,,,,,,,,,,,,,,,,,,,,,,,,,,,,,,,,,,,,,,,,,,,,,,,,,,,,,,,,,,,,,,,,,,,,,,,,,,,,,,,,,,,,,,,,,,,,,,,,,,,,,,,,,,,,,,,,,,,,,,,,,,,,,,,,,,,,,,,,,,,,,,,,,,,,,,,,,,,,,,,,,,,,,,,,,,,,,,,,,,,,,,,,,,,,,,,,,,,,,,,,,,,,,,,,,,,,,,,,,,,,,,,,,,,,,,,,,,,,,,,,,,,,,,,,,,,,,,,,,,,,,,,,,,,,,,,,,,,,,,,,,,,,,,,,,,,,,,,,,,,,,,,,,,,,,,,,,,,,,,,,,,,,,,,,,,,,,,,,,,,,,,,,,,,,,,,,,,,,,,,,,,,,,,,,,,,,,,,,,,,,,,,,,,,,,,,,,,,,,,,,,,,,,,,,,,,,,,,,,,,,,,,,,,,,,,,,,,,,,,,,,
59,아토덤 울트라 크림,"42,000",바이오더마,크림,500,"40대 이상(100), 30대(75), 20대(50), 10대(25)","건성(적극 추천), 중성(추천), 복합성(조건부 추천), 수부지(조건부 추천), 지성(주의)","지성(3), 복합성(1), 수부지(1)",보습(3),"촉촉함, 발림성, 수분감, 쫀쫀함, 저자극, 순한 사용감","피부 자극 테스트 완료, 인공향 무첨가, 데일리 케어, 나이트 케어, 겨울용, 대용량, 펌프형","정제수, 미네랄오일, 글리세린, 유채씨오일, 소듐폴리아크릴레이트, 펜틸렌글라이콜, 세테아릴알코올, 1,2-헥산다이올, 카프릴릴글라이콜, 아크릴레이트/C10-30알킬아크릴레이트크로스폴리머, 소듐시트레이트, 자일리톨, 세테아릴글루코사이드, 만니톨, 토코페롤, 람노오스, 자일리틸글루코사이드, 해바라기씨오일, 안하이드로자일리톨, 나이아신아마이드, 글루코오스, 프룩토올리고사카라이드, 카프릴릭/카프릭트라이글리세라이드, 라미나리아 오크롤레우카추출물","글리세린, 미네랄오일, 유채씨오일, 나이아신아마이드, 자일리톨 복합체, 해바라기씨오일",https://www.hwahae.co.kr/products/바이오더마-아토덤-울트라-크림/2008563?goods_tab=review_ingredients,,,,,,,,,,,,,,,,,,,,,,,,,,,,,,,,,,,,,,,,,,,,,,,,,,,,,,,,,,,,,,,,,,,,,,,,,,,,,,,,,,,,,,,,,,,,,,,,,,,,,,,,,,,,,,,,,,,,,,,,,,,,,,,,,,,,,,,,,,,,,,,,,,,,,,,,,,,,,,,,,,,,,,,,,,,,,,,,,,,,,,,,,,,,,,,,,,,,,,,,,,,,,,,,,,,,,,,,,,,,,,,,,,,,,,,,,,,,,,,,,,,,,,,,,,,,,,,,,,,,,,,,,,,,,,,,,,,,,,,,,,,,,,,,,,,,,,,,,,,,,,,,,,,,,,,,,,,,,,,,,,,,,,,,,,,,,,,,,,,,,,,,,,,,,,,,,,,,,,,,,,,,,,,,,,,,,,,,,,,,,,,,,,,,,,,,,,,,,,,,,,,,,,,,,,,,,,,,,,,,,,,,,,,,,,,,,,,,,,,,,,,,,,,,,,,,,,,,,,,,,,,,,,,,,,,,,,,,
60,데일리 컨셔스 크림,"60,200",쓰리노프,크림,55,"30대(100), 20대(75), 40대 이상(50), 10대(25)","건성(적극 추천), 중성(추천), 복합성(추천), 수부지(추천), 지성(조건부 추천)",지성(2),보습(3),"쫀쫀함, 촉촉함, 가벼움, 겉돌지 않음, 발림성","피부 자극 테스트 완료, 인공향 무첨가, 합성색소 무첨가, 데일리 케어, 겨울용, 재활용, 튜브형","정제수, 글리세린, 부틸렌글라이콜, 세테아릴알코올, 글리세릴스테아레이트, 스테아릭애씨드, 세틸알코올, 다이메티콘, 하이드로제네이티드폴리데센, 카보머, 트로메타민, 알지닌, 잔탄검, 토코페롤, 판테놀","글리세린, 판테놀, 다이메티콘, 하이드로제네이티드폴리데센, 토코페롤",https://www.hwahae.co.kr/goods/쓰리노프-데일리-컨셔스-크림-55mL-2개입/72704?goods_tab=review_ingredients,,,,,,,,,,,,,,,,,,,,,,,,,,,,,,,,,,,,,,,,,,,,,,,,,,,,,,,,,,,,,,,,,,,,,,,,,,,,,,,,,,,,,,,,,,,,,,,,,,,,,,,,,,,,,,,,,,,,,,,,,,,,,,,,,,,,,,,,,,,,,,,,,,,,,,,,,,,,,,,,,,,,,,,,,,,,,,,,,,,,,,,,,,,,,,,,,,,,,,,,,,,,,,,,,,,,,,,,,,,,,,,,,,,,,,,,,,,,,,,,,,,,,,,,,,,,,,,,,,,,,,,,,,,,,,,,,,,,,,,,,,,,,,,,,,,,,,,,,,,,,,,,,,,,,,,,,,,,,,,,,,,,,,,,,,,,,,,,,,,,,,,,,,,,,,,,,,,,,,,,,,,,,,,,,,,,,,,,,,,,,,,,,,,,,,,,,,,,,,,,,,,,,,,,,,,,,,,,,,,,,,,,,,,,,,,,,,,,,,,,,,,,,,,,,,,,,,,,,,,,,,,,,,,,,,,,,,,,
61,녹두 약산성 클렌징폼,"24,800",비플레인,클렌징폼,120,"20대(100), 10대(75), 30대(50), 40대 이상(25)","지성(적극 추천), 수부지(추천), 복합성(추천), 중성(추천), 건성(조건부 추천)","건성(2), 수부지(1)","보습(2), 여드름(2)","촉촉함, 쫀쫀함, 산뜻함, 저자극","약산성, 피부 자극 테스트 완료, 임상시험 완료, 여드름성, 데일리 케어, 튜브형","글리세린, 정제수, 소듐코코일글라이시네이트, 소듐라우로일글루타메이트, 1,2-헥산다이올, 하이드록시프로필스타치포스페이트, 부틸렌글라이콜, 녹두가루(9,000ppm), 라우릴베타인, 하이드록시아세토페논, 녹두추출물(3,300ppm), 에틸헥실글리세린, 소듐클로라이드, 에탄올, 베타인, 폴리쿼터늄-39, 인도멀구슬나무잎추출물, 인도멀구슬나무꽃추출물, 덱스트린, 카카오씨추출물, 아이비고드열매추출물, 알란토인, 황벽나무껍질추출물, 알로에베라꽃추출물, 가지열매추출물, 소듐벤조에이트, 홀리바질잎추출물, 참산호말추출물, 울금뿌리추출물, 캐모마일꽃추출물, 토코페롤, 하이드로제네이티드레시틴, 병풀추출물, 무화과추출물, 세라마이드엔피, 소듐하이알루로네이트, 녹차가루","녹두가루(9,000ppm), 녹두추출물(3,300ppm), 글리세린, 베타인, 알란토인, 병풀추출물, 세라마이드엔피",https://www.hwahae.co.kr/goods/%EB%B9%84%ED%94%8C%EB%A0%88%EC%9D%B8-only%ED%99%94%ED%95%B4-%EB%85%B9%EB%91%90-%EC%95%BD%EC%82%B0%EC%84%B1-%ED%81%B4%EB%A0%8C%EC%A7%95%ED%8F%BC-120ml-%EB%8D%94%EB%B8%94%EA%B8%B0%ED%9A%8D-PLUS20ml-%EC%A6%9D%EC%A0%95-%EC%B4%9D-260ml/78537?goods_tab=goods_info,,,,,,,,,,,,,,,,,,,,,,,,,,,,,,,,,,,,,,,,,,,,,,,,,,,,,,,,,,,,,,,,,,,,,,,,,,,,,,,,,,,,,,,,,,,,,,,,,,,,,,,,,,,,,,,,,,,,,,,,,,,,,,,,,,,,,,,,,,,,,,,,,,,,,,,,,,,,,,,,,,,,,,,,,,,,,,,,,,,,,,,,,,,,,,,,,,,,,,,,,,,,,,,,,,,,,,,,,,,,,,,,,,,,,,,,,,,,,,,,,,,,,,,,,,,,,,,,,,,,,,,,,,,,,,,,,,,,,,,,,,,,,,,,,,,,,,,,,,,,,,,,,,,,,,,,,,,,,,,,,,,,,,,,,,,,,,,,,,,,,,,,,,,,,,,,,,,,,,,,,,,,,,,,,,,,,,,,,,,,,,,,,,,,,,,,,,,,,,,,,,,,,,,,,,,,,,,,,,,,,,,,,,,,,,,,,,,,,,,,,,,,,,,,,,,,,,,,,,,,,,,,,,,,,,,,,,,,
62,다시마 앰플 클렌징폼,"17,900",션리,클렌징폼,120,"20대(100), 30대(75), 10대(50), 40대 이상(25)","지성(적극 추천), 복합성(추천), 수부지(추천), 중성(조건부 추천), 건성(주의)","건성(3), 중성(1), 수부지(1)","여드름(2), 모공(3), 피지/블랙헤드(3)","쫀쫀함, 산뜻함","피부 자극 테스트 완료, 데일리 케어, 튜브형","정제수, 글리세린, 다시마즙 (10%), 미리스틱애씨드, 팔미틱애씨드, 스테아릭애씨드, 라우릭애씨드, 포타슘하이드록사이드, 솔비톨, 코카미도프로필베타인, 글리세릴스테아레이트, 다시마가루 (1%), 합성비즈왁스, 솔비탄올리베이트, 1,2-헥산다이올, 소듐폴리아크릴레이트, 소듐클로라이드, 향료, 폴리쿼터늄-7, 살리실릭애씨드, 아라키딕애씨드, 다이소듐이디티에이, 소듐벤조에이트, 석시닉애씨드, 부틸렌글라이콜, 블랙윌로우나무껍질추출물, 소듐하이알루로네이트, 숯추출물, 하이드록시프로필트라이모늄하이알루로네이트, 하이드롤라이즈드하이알루로닉애씨드, 소듐아세틸레이티드하이알루로네이트, 하이알루로닉애씨드, 하이드롤라이즈드소듐하이알루로네이트, 소듐하이알루로네이트크로스폴리머, 포타슘하이알루로네이트","다시마즙(10%), 다시마가루(1%), 살리실릭애씨드, 블랙윌로우나무껍질추출물, 히알루론산 복합체, 숯추출물",https://www.hwahae.co.kr/goods/%EC%85%98%EB%A6%AC-only%ED%99%94%ED%95%B4-%EB%8B%A4%EC%8B%9C%EB%A7%88-%EC%95%B0%ED%94%8C-%ED%81%B4%EB%A0%8C%EC%A7%95%ED%8F%BC-120ml-%EB%8D%94%EB%B8%94%EA%B8%B0%ED%9A%8D-PLUS%EB%8B%A4%EC%8B%9C%EB%A7%88-%EB%A7%88%EC%8A%A4%ED%81%AC%ED%8C%A9-5%EB%A7%A4/70162?goods_tab=goods_info,,,,,,,,,,,,,,,,,,,,,,,,,,,,,,,,,,,,,,,,,,,,,,,,,,,,,,,,,,,,,,,,,,,,,,,,,,,,,,,,,,,,,,,,,,,,,,,,,,,,,,,,,,,,,,,,,,,,,,,,,,,,,,,,,,,,,,,,,,,,,,,,,,,,,,,,,,,,,,,,,,,,,,,,,,,,,,,,,,,,,,,,,,,,,,,,,,,,,,,,,,,,,,,,,,,,,,,,,,,,,,,,,,,,,,,,,,,,,,,,,,,,,,,,,,,,,,,,,,,,,,,,,,,,,,,,,,,,,,,,,,,,,,,,,,,,,,,,,,,,,,,,,,,,,,,,,,,,,,,,,,,,,,,,,,,,,,,,,,,,,,,,,,,,,,,,,,,,,,,,,,,,,,,,,,,,,,,,,,,,,,,,,,,,,,,,,,,,,,,,,,,,,,,,,,,,,,,,,,,,,,,,,,,,,,,,,,,,,,,,,,,,,,,,,,,,,,,,,,,,,,,,,,,,,,,,,,,,
63,다이브인 저분자 히알루론산 클렌징 폼,"19,500",토리든,클렌징폼,150,"20대(100), 10대(75), 30대(50), 40대 이상(25)","수부지(적극 추천), 건성(추천), 복합성(추천), 중성(추천), 지성(추천)",없음,"보습(2), 민감성(2)","촉촉함, 수분감, 쫀쫀함, 저자극","약산성, 피부 자극 테스트 완료, 데일리 케어, 튜브형","정제수, 글리세린, 소듐코코일글라이시네이트, 소듐라우로일글루타메이트, 소듐하이알루로네이트, 하이알루로닉애씨드, 하이드롤라이즈드하이알루로닉애씨드, 소듐아세틸레이티드하이알루로네이트, 하이드록시프로필트라이모늄하이알루로네이트, 하이드롤라이즈드소듐하이알루로네이트, 소듐하이알루로네이트크로스폴리머, 포타슘하이알루로네이트, 판테놀, 알란토인, 트레할로오스, 토코페롤, 버지니아풍년화추출물, 녹차추출물, 마트리카리아추출물, 부틸렌글라이콜, 다이프로필렌글라이콜, 하이드록시프로필스타치포스페이트, 글리세릴스테아레이트에스이, 포타슘벤조에이트, 소듐클로라이드, 폴리쿼터늄-67, 소듐아세테이트, 1,2-헥산다이올, 시트릭애씨드, 에틸헥실글리세린, 다이소듐이디티에이, 말라카이트추출물","히알루론산 복합체, 글리세린, 판테놀, 알란토인, 트레할로오스, 녹차추출물",https://www.hwahae.co.kr/goods/%ED%86%A0%EB%A6%AC%EB%93%A0-only%ED%99%94%ED%95%B4-%EB%8B%A4%EC%9D%B4%EB%B8%8C%EC%9D%B8-%EC%A0%80%EB%B6%84%EC%9E%90-%ED%9E%88%EC%95%8C%EB%A3%A8%EB%A1%A0%EC%82%B0-%ED%81%B4%EB%A0%8C%EC%A7%95%ED%8F%BC-150ml-%EB%8D%94%EB%B8%94%EA%B8%B0%ED%9A%8D-PLUS%ED%81%B4%EB%A0%8C%EC%A7%95%ED%8F%BC50ml/66380?goods_tab=goods_info,,,,,,,,,,,,,,,,,,,,,,,,,,,,,,,,,,,,,,,,,,,,,,,,,,,,,,,,,,,,,,,,,,,,,,,,,,,,,,,,,,,,,,,,,,,,,,,,,,,,,,,,,,,,,,,,,,,,,,,,,,,,,,,,,,,,,,,,,,,,,,,,,,,,,,,,,,,,,,,,,,,,,,,,,,,,,,,,,,,,,,,,,,,,,,,,,,,,,,,,,,,,,,,,,,,,,,,,,,,,,,,,,,,,,,,,,,,,,,,,,,,,,,,,,,,,,,,,,,,,,,,,,,,,,,,,,,,,,,,,,,,,,,,,,,,,,,,,,,,,,,,,,,,,,,,,,,,,,,,,,,,,,,,,,,,,,,,,,,,,,,,,,,,,,,,,,,,,,,,,,,,,,,,,,,,,,,,,,,,,,,,,,,,,,,,,,,,,,,,,,,,,,,,,,,,,,,,,,,,,,,,,,,,,,,,,,,,,,,,,,,,,,,,,,,,,,,,,,,,,,,,,,,,,,,,,,,,,
64,아쿠아 라이스 약산성 클렌징 폼,"19,500",에스네이처,클렌징폼,160,"20대(100), 10대(75), 30대(50), 40대 이상(25)","수부지(적극 추천), 지성(추천), 복합성(추천), 중성(추천), 건성(추천)",없음,"보습(2), 여드름(1)","촉촉함, 쫀쫀함, 수분감, 저자극","비건 인증, 약산성, 데일리 케어, 여드름성, 튜브형","정제수, 글리세린, 소듐코코일글라이시네이트, 솔비톨, 소듐라우로일글루타메이트, 1,2-헥산다이올, 다이소듐코코암포다이아세테이트, 쌀추출물(4,180ppm), 당호박추출물, 팥추출물, 라우릴베타인, 쌀가루(10ppb), 부틸렌글라이콜, 토코페롤, 소듐클로라이드, 하이드록시프로필스타치포스페이트, 아크릴레이트/C10-30알킬아크릴레이트크로스폴리머, 폴리쿼터늄-22, 헥실렌글라이콜, 에틸헥실글리세린, 하이드록시아세토페논, 시트릭애씨드","쌀추출물(4,180ppm), 쌀가루, 팥추출물, 당호박추출물, 글리세린, 솔비톨, 토코페롤",https://www.hwahae.co.kr/goods/48278?goods_tab=review_ingredients,,,,,,,,,,,,,,,,,,,,,,,,,,,,,,,,,,,,,,,,,,,,,,,,,,,,,,,,,,,,,,,,,,,,,,,,,,,,,,,,,,,,,,,,,,,,,,,,,,,,,,,,,,,,,,,,,,,,,,,,,,,,,,,,,,,,,,,,,,,,,,,,,,,,,,,,,,,,,,,,,,,,,,,,,,,,,,,,,,,,,,,,,,,,,,,,,,,,,,,,,,,,,,,,,,,,,,,,,,,,,,,,,,,,,,,,,,,,,,,,,,,,,,,,,,,,,,,,,,,,,,,,,,,,,,,,,,,,,,,,,,,,,,,,,,,,,,,,,,,,,,,,,,,,,,,,,,,,,,,,,,,,,,,,,,,,,,,,,,,,,,,,,,,,,,,,,,,,,,,,,,,,,,,,,,,,,,,,,,,,,,,,,,,,,,,,,,,,,,,,,,,,,,,,,,,,,,,,,,,,,,,,,,,,,,,,,,,,,,,,,,,,,,,,,,,,,,,,,,,,,,,,,,,,,,,,,,,,
65,어린 새싹 딥 클렌징 폼,"13,900",수이스킨,클렌징폼,320,"20대(100), 10대(75), 30대(50), 40대 이상(25)","지성(적극 추천), 복합성(추천), 수부지(추천), 중성(조건부 추천), 건성(주의)","건성(3), 중성(1), 수부지(1)","여드름(3), 모공(3), 피지/블랙헤드(3)","쫀쫀함, 산뜻함","비건 인증, 데일리 케어, 튜브형","정제수, 글리세린, 하이드로제네이티드팜애씨드, 포타슘하이드록사이드, 소듐하이알루로네이트, 하이알루로닉애씨드, 발레이추출물, 밀싹추출물, 녹두싹추출물, 브로콜리싹추출물, 글리세릴스테아레이트, 아크릴레이트/C10-30알킬아크릴레이트크로스폴리머, 소듐파이테이트, 부틸렌글라이콜, 폴리쿼터늄-7, 펜틸렌글라이콜, 1,2-헥산다이올, 옥탄다이올, 카프릴로일살리실릭애씨드, 나이아신아마이드, 에틸헥실글리세린, 아스코빅애씨드, 소듐벤조에이트, 로즈마리잎오일","카프릴로일살리실릭애씨드(LHA), 나이아신아마이드, 밀싹·녹두싹·브로콜리싹추출물, 히알루론산",https://www.hwahae.co.kr/goods/%EC%88%98%EC%9D%B4%EC%8A%A4%ED%82%A8-only%ED%99%94%ED%95%B4-%EC%96%B4%EB%A6%B0%EC%83%88%EC%8B%B9-%EB%94%A5-%ED%81%B4%EB%A0%8C%EC%A7%95%ED%8F%BC-%EA%B8%B0%ED%9A%8D%EC%84%B8%ED%8A%B8-150mlPLUS150mlPLUS20ml/61962?goods_tab=goods_info,,,,,,,,,,,,,,,,,,,,,,,,,,,,,,,,,,,,,,,,,,,,,,,,,,,,,,,,,,,,,,,,,,,,,,,,,,,,,,,,,,,,,,,,,,,,,,,,,,,,,,,,,,,,,,,,,,,,,,,,,,,,,,,,,,,,,,,,,,,,,,,,,,,,,,,,,,,,,,,,,,,,,,,,,,,,,,,,,,,,,,,,,,,,,,,,,,,,,,,,,,,,,,,,,,,,,,,,,,,,,,,,,,,,,,,,,,,,,,,,,,,,,,,,,,,,,,,,,,,,,,,,,,,,,,,,,,,,,,,,,,,,,,,,,,,,,,,,,,,,,,,,,,,,,,,,,,,,,,,,,,,,,,,,,,,,,,,,,,,,,,,,,,,,,,,,,,,,,,,,,,,,,,,,,,,,,,,,,,,,,,,,,,,,,,,,,,,,,,,,,,,,,,,,,,,,,,,,,,,,,,,,,,,,,,,,,,,,,,,,,,,,,,,,,,,,,,,,,,,,,,,,,,,,,,,,,,,,
66,골든 호호바 10% 듀얼 마이크로 버블 클렌저,"21,120",노마디아,클렌징폼,140,"30대(100), 20대(75), 40대 이상(50), 10대(25)","건성(적극 추천), 수부지(추천), 중성(추천), 복합성(추천), 지성(조건부 추천)",지성(2),"보습(2), 민감성(2)","촉촉함, 쫀쫀함, 발림성, 순한 사용감","피부 자극 테스트 완료, 데일리 케어, 펌프형","정제수, 카프릴릭/카프릭트라이글리세라이드, 호호바씨오일, 코코-글루코사이드, 다이소듐코코암포다이아세테이트, 글리세린, 소듐클로라이드, 다이소듐코코일글루타메이트, 소듐코코일애플아미노산, 시트릭애씨드, 1,2-헥산다이올, 베타인, 판테놀, 병풀추출물, 무화과추출물, 모란뿌리추출물, 세라마이드엔피, 베타-글루칸, 나이아신아마이드, 소듐하이알루로네이트, 하이드롤라이즈드하이알루로닉애씨드, 소듐아세틸레이티드하이알루로네이트, 포타슘벤조에이트, 헥실렌글라이콜, 부틸렌글라이콜, 소듐시트레이트, 테트라소듐글루타메이트다이아세테이트, 하이드로제네이티드레시틴, 에틸헥실글리세린, 콜레스테롤, 팔미틱애씨드, 스테아릭애씨드","호호바씨오일(10%), 판테놀, 병풀추출물, 베타-글루칸, 세라마이드엔피, 콜레스테롤, 히알루론산 복합체",https://www.hwahae.co.kr/goods/79046,,,,,,,,,,,,,,,,,,,,,,,,,,,,,,,,,,,,,,,,,,,,,,,,,,,,,,,,,,,,,,,,,,,,,,,,,,,,,,,,,,,,,,,,,,,,,,,,,,,,,,,,,,,,,,,,,,,,,,,,,,,,,,,,,,,,,,,,,,,,,,,,,,,,,,,,,,,,,,,,,,,,,,,,,,,,,,,,,,,,,,,,,,,,,,,,,,,,,,,,,,,,,,,,,,,,,,,,,,,,,,,,,,,,,,,,,,,,,,,,,,,,,,,,,,,,,,,,,,,,,,,,,,,,,,,,,,,,,,,,,,,,,,,,,,,,,,,,,,,,,,,,,,,,,,,,,,,,,,,,,,,,,,,,,,,,,,,,,,,,,,,,,,,,,,,,,,,,,,,,,,,,,,,,,,,,,,,,,,,,,,,,,,,,,,,,,,,,,,,,,,,,,,,,,,,,,,,,,,,,,,,,,,,,,,,,,,,,,,,,,,,,,,,,,,,,,,,,,,,,,,,,,,,,,,,,,,,,
67,릴리프 하이드레이션 라이트 폼 클렌저,"20,900",YBK,클렌징폼,150,"20대(100), 10대(75), 30대(50), 40대 이상(25)","건성(적극 추천), 수부지(적극 추천), 복합성(추천), 중성(추천), 지성(추천)",없음,보습(2),"촉촉함, 쫀쫀함, 알갱이, 수분감, 저자극","약산성, 피부 자극 테스트 완료, 데일리 케어, 튜브형","정제수, 글리세린, 소듐코코일글라이시네이트, 소듐라우로일글루타메이트, 1,2-헥산다이올, 하이드록시프로필스타치포스페이트, 병풀추출물, 삼나무잎추출물, 연꽃잎추출물, 세라마이드엔피, 세라마이드에이에스, 세라마이드에이피, 세라마이드엔에스, 세라마이드이오피, 병풀잎추출물, 병풀뿌리추출물, 마데카소사이드, 마데카식애씨드, 아시아티코사이드, 아시아틱애씨드, 콘민트가루, 인도멀구슬나무잎추출물, 인도멀구슬나무꽃추출물, 카카오씨추출물, 다시마추출물, 한련초잎추출물, 라벤더추출물, 마시멜로잎/뿌리추출물, 바질꽃/잎추출물, 로즈마리잎추출물, 약모밀추출물, 캐모마일꽃추출물, 회향추출물, 하이드로제네이티드레시틴, 라우릴베타인, 부틸렌글라이콜, 소듐클로라이드, 데실렌글라이콜, 다이프로필렌글라이콜, 베타-글루칸, 글리세릴스테아레이트, 덱스트린, 효모발효여과물, 콜레스테롤, 프룩토올리고사카라이드, 하이드롤라이즈드하이알루로닉애씨드, 효모발효물, 하이드록시아세토페논, 에틸헥실글리세린, 펜틸렌글라이콜, 토코페롤","병풀 복합체, 세라마이드 5종, 베타-글루칸, 히알루론산, 글리세린, 콜레스테롤",https://www.hwahae.co.kr/goods/YBK-only%ED%99%94%ED%95%B4-%EB%A6%B4%EB%A6%AC%ED%94%84-%ED%95%98%EC%9D%B4%EB%93%9C%EB%A0%88%EC%9D%B4%EC%85%98-%EB%9D%BC%EC%9D%B4%ED%8A%B8-%ED%8F%BC-%ED%81%B4%EB%A0%8C%EC%A0%80-150ml-1PLUS1-%EB%8D%94%EB%B8%94%EA%B8%B0%ED%9A%8D/58874?goods_tab=goods_info,,,,,,,,,,,,,,,,,,,,,,,,,,,,,,,,,,,,,,,,,,,,,,,,,,,,,,,,,,,,,,,,,,,,,,,,,,,,,,,,,,,,,,,,,,,,,,,,,,,,,,,,,,,,,,,,,,,,,,,,,,,,,,,,,,,,,,,,,,,,,,,,,,,,,,,,,,,,,,,,,,,,,,,,,,,,,,,,,,,,,,,,,,,,,,,,,,,,,,,,,,,,,,,,,,,,,,,,,,,,,,,,,,,,,,,,,,,,,,,,,,,,,,,,,,,,,,,,,,,,,,,,,,,,,,,,,,,,,,,,,,,,,,,,,,,,,,,,,,,,,,,,,,,,,,,,,,,,,,,,,,,,,,,,,,,,,,,,,,,,,,,,,,,,,,,,,,,,,,,,,,,,,,,,,,,,,,,,,,,,,,,,,,,,,,,,,,,,,,,,,,,,,,,,,,,,,,,,,,,,,,,,,,,,,,,,,,,,,,,,,,,,,,,,,,,,,,,,,,,,,,,,,,,,,,,,,,,,
68,더마 크림 팩 클렌저 [마데카소사이드 진정 장벽],"32,400",메디힐,클렌징폼,120,"30대(100), 40대 이상(75), 20대(50), 10대(25)","복합성(적극 추천), 수부지(추천), 지성(추천), 중성(추천), 건성(조건부 추천)",건성(2),"보습(2), 여드름(3), 피지/블랙헤드(2)","촉촉함, 쫀쫀함, 수분감, 발림성","데일리 케어, 나이트 케어, 튜브형","글리세린, 정제수, 소듐코코일글라이시네이트, 라우릴하이드록시설테인, 코코-글루코사이드, 병풀잎추출물, 서양배추출물, 연필향나무오일, 다마스크장미꽃수, 멜론추출물, 오리스뿌리추출물, 호호바씨오일, 서양송악잎/줄기추출물, 카카오추출물, 광곽향오일, 불가리스쑥오일, 퀼라자껍질추출물, 로즈마리잎오일, 소듐하이알루로네이트, 백미꽃추출물, 접시꽃추출물, 병풀추출물, 1,2-헥산다이올, 카프릴릴글라이콜, 글루코노락톤, 헥토라이트, 하이드록시프로필스타치포스페이트, 펜틸렌글라이콜, 소듐라우로일글루타메이트, 시트릭애씨드, 아크릴레이트/C10-30알킬아크릴레이트크로스폴리머, 데실글루코사이드, 폴리쿼터늄-7, 덱스트린, 소듐코코일이세티오네이트, 소듐클로라이드, 소듐폴리아크릴레이트, 프로판다이올, 소듐파이테이트, 폴리글리세릴-10아이소스테아레이트, 폴리글리세릴-10올리에이트, 부틸렌글라이콜, 나이아신아마이드, 판테놀, 마데카소사이드, 에틸헥실글리세린, 소듐벤조에이트, 치자추출물","병풀잎추출물, 병풀추출물, 마데카소사이드, 판테놀, 나이아신아마이드, 글루코노락톤(PHA), 히알루론산",https://www.hwahae.co.kr/goods/%EB%A9%94%EB%94%94%ED%9E%90-only%ED%99%94%ED%95%B4-%EB%8D%94%EB%A7%88-%ED%81%AC%EB%A6%BC-%ED%8C%A9-%ED%81%B4%EB%A0%8C%EC%A0%80-%EB%A7%88%EB%8D%B0%EC%B9%B4%EC%86%8C%EC%82%AC%EC%9D%B4%EB%93%9C-%EB%8D%94%EB%B8%94-%EA%B8%B0%ED%9A%8D-120ml-2PLUS5ml-3/75341?goods_tab=goods_info,,,,,,,,,,,,,,,,,,,,,,,,,,,,,,,,,,,,,,,,,,,,,,,,,,,,,,,,,,,,,,,,,,,,,,,,,,,,,,,,,,,,,,,,,,,,,,,,,,,,,,,,,,,,,,,,,,,,,,,,,,,,,,,,,,,,,,,,,,,,,,,,,,,,,,,,,,,,,,,,,,,,,,,,,,,,,,,,,,,,,,,,,,,,,,,,,,,,,,,,,,,,,,,,,,,,,,,,,,,,,,,,,,,,,,,,,,,,,,,,,,,,,,,,,,,,,,,,,,,,,,,,,,,,,,,,,,,,,,,,,,,,,,,,,,,,,,,,,,,,,,,,,,,,,,,,,,,,,,,,,,,,,,,,,,,,,,,,,,,,,,,,,,,,,,,,,,,,,,,,,,,,,,,,,,,,,,,,,,,,,,,,,,,,,,,,,,,,,,,,,,,,,,,,,,,,,,,,,,,,,,,,,,,,,,,,,,,,,,,,,,,,,,,,,,,,,,,,,,,,,,,,,,,,,,,,,,,,
69,햇쌀 데일리 폼 클렌저,"13,900",프리메이,클렌징폼,150,"20대(100), 10대(75), 30대(50), 40대 이상(25)","건성(적극 추천), 수부지(적극 추천), 복합성(추천), 중성(추천), 지성(추천)",없음,"보습(2), 여드름(2)","촉촉함, 쫀쫀함, 수분감, 저자극","비건 인증, 약산성, 임상시험 완료, 데일리 케어, 튜브형","쌀겨수(35.2996%), 소듐코코일이세티오네이트, 글리세린, 정제수, 소듐메틸코코일타우레이트, 글리세릴스테아레이트, 솔비톨, 세테아릴올리베이트, 코코-베타인, 포타슘코코일글리시네이트, 1,2-헥산다이올, 솔비탄올리베이트, 하이드록시아세토페논, 하이드록시프로필스타치포스페이트, 판테놀, 폴리쿼터늄-67, 소듐클로라이드, 시트릭애씨드, 다이프로필렌글라이콜, 유칼립투스잎오일, 토코페릴아세테이트, 소듐폴리아크릴레이트, 폴리글리세릴-10미리스테이트, 부틸렌글라이콜, 세틸에틸헥사노에이트, 프로판다이올, 에틸헥실팔미테이트, 카프릴릭/카프릭트라이글리세라이드, 소듐하이알루로네이트, 병풀추출물, 쌀지게미추출물(1ppm), 포타슘하이알루로네이트, 하이드록시프로필트라이모늄하이알루로네이트, 하이드롤라이즈드소듐하이알루로네이트, 하이드롤라이즈드하이알루로닉애씨드, 하이알루로닉애씨드, 펜틸렌글라이콜, 소듐하이알루로네이트크로스폴리머, 마데카소사이드, 마데카식애씨드, 소듐아세틸레이티드하이알루로네이트, 아시아티코사이드, 아시아틱애씨드, 에틸헥실글리세린, 다이소듐이디티에이","쌀겨수(35.2996%), 판테놀, 히알루론산 복합체, 병풀 유효 성분, 글리세린",https://www.hwahae.co.kr/goods/%ED%94%84%EB%A6%AC%EB%A9%94%EC%9D%B4-only%ED%99%94%ED%95%B4-%ED%96%87%EC%8C%80-%EB%8D%B0%EC%9D%BC%EB%A6%AC-%ED%8F%BC-%ED%81%B4%EB%A0%8C%EC%A0%80-150ml-%EB%8D%94%EB%B8%94%EA%B8%B0%ED%9A%8D-PLUS%EC%98%AC%EB%A6%AC%EB%B8%8C-%EB%A7%88%EC%8A%A4%ED%81%AC-1%EB%A7%A4-%EC%A6%9D%EC%A0%95/73508?goods_tab=goods_info,,,,,,,,,,,,,,,,,,,,,,,,,,,,,,,,,,,,,,,,,,,,,,,,,,,,,,,,,,,,,,,,,,,,,,,,,,,,,,,,,,,,,,,,,,,,,,,,,,,,,,,,,,,,,,,,,,,,,,,,,,,,,,,,,,,,,,,,,,,,,,,,,,,,,,,,,,,,,,,,,,,,,,,,,,,,,,,,,,,,,,,,,,,,,,,,,,,,,,,,,,,,,,,,,,,,,,,,,,,,,,,,,,,,,,,,,,,,,,,,,,,,,,,,,,,,,,,,,,,,,,,,,,,,,,,,,,,,,,,,,,,,,,,,,,,,,,,,,,,,,,,,,,,,,,,,,,,,,,,,,,,,,,,,,,,,,,,,,,,,,,,,,,,,,,,,,,,,,,,,,,,,,,,,,,,,,,,,,,,,,,,,,,,,,,,,,,,,,,,,,,,,,,,,,,,,,,,,,,,,,,,,,,,,,,,,,,,,,,,,,,,,,,,,,,,,,,,,,,,,,,,,,,,,,,,,,,,,
70,포어 퓨리파잉 살리실산 포밍 클렌저,"25,200",주미소,클렌징폼,120,"10대(100), 20대(75), 30대(50), 40대 이상(25)","지성(적극 추천), 복합성(적극 추천), 수부지(추천), 중성(조건부 추천), 건성(주의)","건성(3), 중성(1), 수부지(1)","여드름(2), 모공(2), 피지/블랙헤드(2)","쫀쫀함, 산뜻함","여드름성, 약산성, 피부 자극 테스트 완료, 논코메도제닉 테스트 완료, 데일리 케어, 튜브형","정제수, 글리세린, 소듐코코일글라이시네이트, 소듐라우로일글루타메이트,소듐메틸코코일타우레이트, 부틸렌글라이콜, 글리세릴스테아레이트, 1,2-헥산다이올,살리실릭애씨드(0.5%), 시트릭애씨드, 다이메틸설폰, 몬모릴로나이트, 일라이트, 덱스트린, 치자추출물, 말릭애씨드, 사과추출물","살리실릭애씨드(0.5%), 글리세린, 몬모릴로나이트, 일라이트, 다이메틸설폰, 말릭애씨드",https://www.hwahae.co.kr/goods/%EC%A3%BC%EB%AF%B8%EC%86%8C-%ED%8F%AC%EC%96%B4-%ED%93%A8%EB%A6%AC%ED%8C%8C%EC%9E%89-%EC%82%B4%EB%A6%AC%EC%8B%A4%EC%82%B0-%ED%81%B4%EB%A0%8C%EC%A7%95%ED%8F%BC-120g-2%EA%B0%9C%EB%AC%B6%EC%9D%8C/59820?goods_tab=goods_info,,,,,,,,,,,,,,,,,,,,,,,,,,,,,,,,,,,,,,,,,,,,,,,,,,,,,,,,,,,,,,,,,,,,,,,,,,,,,,,,,,,,,,,,,,,,,,,,,,,,,,,,,,,,,,,,,,,,,,,,,,,,,,,,,,,,,,,,,,,,,,,,,,,,,,,,,,,,,,,,,,,,,,,,,,,,,,,,,,,,,,,,,,,,,,,,,,,,,,,,,,,,,,,,,,,,,,,,,,,,,,,,,,,,,,,,,,,,,,,,,,,,,,,,,,,,,,,,,,,,,,,,,,,,,,,,,,,,,,,,,,,,,,,,,,,,,,,,,,,,,,,,,,,,,,,,,,,,,,,,,,,,,,,,,,,,,,,,,,,,,,,,,,,,,,,,,,,,,,,,,,,,,,,,,,,,,,,,,,,,,,,,,,,,,,,,,,,,,,,,,,,,,,,,,,,,,,,,,,,,,,,,,,,,,,,,,,,,,,,,,,,,,,,,,,,,,,,,,,,,,,,,,,,,,,,,,,,,
71,세이프 미 릴리프 모이스처 클렌징폼,"21,900",메이크프렘,클렌징폼,170,"10대(100), 20대(75), 30대(50), 40대 이상(25)","건성(적극 추천), 수부지(적극 추천), 중성(추천), 복합성(추천), 지성(추천)",없음,보습(2),"촉촉함, 쫀쫀함, 수분감, 저자극","약산성, 피부 자극 테스트 완료, 데일리 케어, 튜브형","정제수, 소듐코코일이세티오네이트, 글리세린, 소듐메틸코코일타우레이트, 베타인, 판테놀, 라즈베리추출물, 쓴박하추출물, 소듐하이알루로네이트, 바오밥나무열매추출물, 코코-베타인, 포타슘코코일글리시네이트, 포타슘벤조에이트, 소듐클로라이드, 폴리쿼터늄-67, 포타슘코코에이트, 소듐아세테이트, 1,2-헥산다이올, 에틸헥실글리세린, 시트릭애씨드, 다이소듐이디티에이, 로즈마리잎오일, 다이프로필렌글라이콜","글리세린, 베타인, 판테놀, 히알루론산, 라즈베리추출물, 쓴박하추출물",https://www.hwahae.co.kr/goods/%EB%A9%94%EC%9D%B4%ED%81%AC%ED%94%84%EB%A0%98-only%ED%99%94%ED%95%B4-%EC%84%B8%EC%9D%B4%ED%94%84-%EB%AF%B8-%ED%81%B4%EB%A0%8C%EC%A7%95%ED%8F%BC-170ml-%EB%8D%94%EB%B8%94-PLUS%ED%81%B4%EB%A0%8C%EC%A7%95%EB%B0%80%ED%81%AC21mlPLUS%EC%88%98%EB%B6%84%ED%81%AC%EB%A6%BC10ml/42891?goods_tab=goods_info,,,,,,,,,,,,,,,,,,,,,,,,,,,,,,,,,,,,,,,,,,,,,,,,,,,,,,,,,,,,,,,,,,,,,,,,,,,,,,,,,,,,,,,,,,,,,,,,,,,,,,,,,,,,,,,,,,,,,,,,,,,,,,,,,,,,,,,,,,,,,,,,,,,,,,,,,,,,,,,,,,,,,,,,,,,,,,,,,,,,,,,,,,,,,,,,,,,,,,,,,,,,,,,,,,,,,,,,,,,,,,,,,,,,,,,,,,,,,,,,,,,,,,,,,,,,,,,,,,,,,,,,,,,,,,,,,,,,,,,,,,,,,,,,,,,,,,,,,,,,,,,,,,,,,,,,,,,,,,,,,,,,,,,,,,,,,,,,,,,,,,,,,,,,,,,,,,,,,,,,,,,,,,,,,,,,,,,,,,,,,,,,,,,,,,,,,,,,,,,,,,,,,,,,,,,,,,,,,,,,,,,,,,,,,,,,,,,,,,,,,,,,,,,,,,,,,,,,,,,,,,,,,,,,,,,,,,,,
72,1025 독도 클렌저,"20,900",라운드랩,클렌징폼,150,"20대(100), 10대(75), 30대(50), 40대 이상(25)","건성(적극 추천), 수부지(적극 추천), 중성(추천), 복합성(추천), 지성(추천)",없음,"보습(2), 민감성(2)","촉촉함, 수분감, 저자극, 순한 사용감","약산성, 피부 자극 테스트 완료, 데일리 케어, 튜브형","정제수, 소듐코코일이세티오네이트, 글리세린, 소듐메틸코코일타우레이트, 코코-베타인, 포타슘코코일글리시네이트, 포타슘벤조에이트, 소듐클로라이드, 폴리쿼터늄-67, 포타슘코코에이트, 시트릭애씨드, 프룩토올리고사카라이드, 사카라이드하이드롤리세이트, 다이소듐이디티에이, 풀루란, 1,2-헥산다이올, 알란토인, 판테놀, 해수, 소듐아세테이트, 부틸렌글라이콜, 마트리카리아꽃오일, 카프릴릭/카프릭트라이글리세라이드, 베타-글루칸, 포스파티딜콜린, 하이알루로닉애씨드, 에틸헥실글리세린, 세라마이드엔피, 글라이신, 하이드롤라이즈드하이알루로닉애씨드, 글루타믹애씨드, 세린, 소듐하이알루로네이트, 라이신, 알라닌, 알지닌, 트레오닌, 프롤린","글리세린, 판테놀, 알란토인, 히알루론산 복합체, 세라마이드엔피, 베타-글루칸, 해수",https://www.hwahae.co.kr/goods/%EB%9D%BC%EC%9A%B4%EB%93%9C%EB%9E%A9-1025-%EB%8F%85%EB%8F%84-%ED%81%B4%EB%A0%8C%EC%A0%80-150ml-2%EA%B0%9C%EC%9E%85/34893?goods_tab=goods_info,,,,,,,,,,,,,,,,,,,,,,,,,,,,,,,,,,,,,,,,,,,,,,,,,,,,,,,,,,,,,,,,,,,,,,,,,,,,,,,,,,,,,,,,,,,,,,,,,,,,,,,,,,,,,,,,,,,,,,,,,,,,,,,,,,,,,,,,,,,,,,,,,,,,,,,,,,,,,,,,,,,,,,,,,,,,,,,,,,,,,,,,,,,,,,,,,,,,,,,,,,,,,,,,,,,,,,,,,,,,,,,,,,,,,,,,,,,,,,,,,,,,,,,,,,,,,,,,,,,,,,,,,,,,,,,,,,,,,,,,,,,,,,,,,,,,,,,,,,,,,,,,,,,,,,,,,,,,,,,,,,,,,,,,,,,,,,,,,,,,,,,,,,,,,,,,,,,,,,,,,,,,,,,,,,,,,,,,,,,,,,,,,,,,,,,,,,,,,,,,,,,,,,,,,,,,,,,,,,,,,,,,,,,,,,,,,,,,,,,,,,,,,,,,,,,,,,,,,,,,,,,,,,,,,,,,,,,,
73,딥 클린 폼 클렌저 수분초 히알루론 폼,"19,800",아비브,클렌징폼,150,"20대(100), 10대(75), 30대(50), 40대 이상(25)","지성(적극 추천), 복합성(적극 추천), 수부지(추천), 중성(조건부 추천), 건성(주의)","건성(3), 중성(1), 수부지(1)","보습(2), 모공(1), 피지/블랙헤드(1)","촉촉함, 수분감, 쫀쫀함, 산뜻함","임상시험 완료, 데일리 케어, 튜브형","정제수, 글리세린, 하이드로제네이티드팜애씨드, 포타슘하이드록사이드, 포타슘코코일글리시네이트, 글리세릴스테아레이트, 폴리쿼터늄-7, 아크릴레이트/C10-30알킬아크릴레이트크로스폴리머, 소듐파이테이트, 1,2-헥산다이올, 소듐벤조에이트, 돌나물추출물(103 ppm), 소듐하이알루로네이트(52 ppm), 알란토인, 판테놀, 소듐바이카보네이트, 하이드록시프로필트라이모늄하이알루로네이트(4 ppm), 부틸렌글라이콜, 하이드롤라이즈드하이알루로닉애씨드(0.4 ppm), 소듐아세틸레이티드하이알루로네이트(0.4 ppm), 글라이신, 세린, 글루타믹애씨드, 하이알루로닉애씨드(0.1 ppm), 아스파틱애씨드, 류신, 알라닌, 라이신, 하이드롤라이즈드소듐하이알루로네이트(0.04 ppm), 소듐하이알루로네이트크로스폴리머(0.04 ppm), 알지닌, 타이로신, 페닐알라닌, 프롤린, 트레오닌, 발린, 아이소류신, 히스티딘, 시스테인, 메티오닌, 포타슘하이알루로네이트(0.008 ppm)","돌나물추출물, 히알루론산 복합체, 판테놀, 알란토인, 소듐바이카보네이트, 아미노산 복합체",https://www.hwahae.co.kr/goods/%EC%95%84%EB%B9%84%EB%B8%8C-%EB%94%A5-%ED%81%B4%EB%A6%B0-%ED%8F%BC-%ED%81%B4%EB%A0%8C%EC%A0%80-%EC%88%98%EB%B6%84%EC%B4%88-%ED%9E%88%EC%95%8C%EB%A3%A8%EB%A1%A0-%ED%8F%BC-150ml-2%EA%B0%9C%EC%9E%85/70903?goods_tab=goods_info,,,,,,,,,,,,,,,,,,,,,,,,,,,,,,,,,,,,,,,,,,,,,,,,,,,,,,,,,,,,,,,,,,,,,,,,,,,,,,,,,,,,,,,,,,,,,,,,,,,,,,,,,,,,,,,,,,,,,,,,,,,,,,,,,,,,,,,,,,,,,,,,,,,,,,,,,,,,,,,,,,,,,,,,,,,,,,,,,,,,,,,,,,,,,,,,,,,,,,,,,,,,,,,,,,,,,,,,,,,,,,,,,,,,,,,,,,,,,,,,,,,,,,,,,,,,,,,,,,,,,,,,,,,,,,,,,,,,,,,,,,,,,,,,,,,,,,,,,,,,,,,,,,,,,,,,,,,,,,,,,,,,,,,,,,,,,,,,,,,,,,,,,,,,,,,,,,,,,,,,,,,,,,,,,,,,,,,,,,,,,,,,,,,,,,,,,,,,,,,,,,,,,,,,,,,,,,,,,,,,,,,,,,,,,,,,,,,,,,,,,,,,,,,,,,,,,,,,,,,,,,,,,,,,,,,,,,,,
74,밸런스풀 시카 포어 클렌징 폼,"18,200",토리든,클렌징폼,300,"20대(100), 10대(75), 30대(50), 40대 이상(25)","지성(적극 추천), 복합성(적극 추천), 수부지(추천), 중성(조건부 추천), 건성(주의)","건성(3), 중성(1), 수부지(1)","여드름(3), 모공(3), 피지/블랙헤드(3)","쫀쫀함, 산뜻함","비건 인증, 피부 자극 테스트 완료, 여드름성, 데일리 케어, 튜브형","정제수, 글리세린, 스테아릭애씨드, 라우릭애씨드, 포타슘하이드록사이드, 포타슘코코일글리시네이트, 다이프로필렌글라이콜, 포타슘코코에이트, 글리세릴스테아레이트에스이, 라우릴글루코사이드, 살리실릭애씨드, 병풀추출물(1,001ppm), 마데카소사이드, 아시아티코사이드, 아시아틱애씨드, 마데카식애씨드, 판테놀, 글루코노락톤, 알란토인, 토코페롤, 접시꽃추출물, 푸른연꽃추출물, 락토바실러스발효물, 쓴풀추출물, 펜틸렌글라이콜, 부틸렌글라이콜, 소듐코코일이세티오네이트, 소듐이세티오네이트, 카프릴릴글라이콜, 다이소듐이디티에이, 덱스트린, 소듐벤조에이트, 코코넛애씨드, 에틸헥실글리세린, 폴리쿼터늄-7, 1,2-헥산다이올, 로즈마리잎오일, 데실글루코사이드, 치자추출물, 잇꽃꽃추출물","살리실릭애씨드, 병풀추출물(1,001ppm), 병풀 유효 성분, 판테놀, 글루코노락톤, 알란토인",https://www.hwahae.co.kr/goods/%ED%86%A0%EB%A6%AC%EB%93%A0-%EB%B0%B8%EB%9F%B0%EC%8A%A4%ED%92%80-%EC%8B%9C%EC%B9%B4-%ED%8F%AC%EC%96%B4-%ED%81%B4%EB%A0%8C%EC%A7%95-%ED%8F%BC-150ml-2%EA%B0%9C%EB%AC%B6%EC%9D%8C/60458?goods_tab=goods_info,,,,,,,,,,,,,,,,,,,,,,,,,,,,,,,,,,,,,,,,,,,,,,,,,,,,,,,,,,,,,,,,,,,,,,,,,,,,,,,,,,,,,,,,,,,,,,,,,,,,,,,,,,,,,,,,,,,,,,,,,,,,,,,,,,,,,,,,,,,,,,,,,,,,,,,,,,,,,,,,,,,,,,,,,,,,,,,,,,,,,,,,,,,,,,,,,,,,,,,,,,,,,,,,,,,,,,,,,,,,,,,,,,,,,,,,,,,,,,,,,,,,,,,,,,,,,,,,,,,,,,,,,,,,,,,,,,,,,,,,,,,,,,,,,,,,,,,,,,,,,,,,,,,,,,,,,,,,,,,,,,,,,,,,,,,,,,,,,,,,,,,,,,,,,,,,,,,,,,,,,,,,,,,,,,,,,,,,,,,,,,,,,,,,,,,,,,,,,,,,,,,,,,,,,,,,,,,,,,,,,,,,,,,,,,,,,,,,,,,,,,,,,,,,,,,,,,,,,,,,,,,,,,,,,,,,,,,,
75,화산송이 바하 모공 폼 클렌징,"13,680",이니스프리,클렌징폼,150,"10대(100), 20대(75), 30대(50), 40대 이상(25)","지성(적극 추천), 복합성(적극 추천), 수부지(추천), 중성(조건부 추천), 건성(주의)","건성(3), 중성(1), 수부지(1)","여드름(3), 모공(3), 피지/블랙헤드(3)","산뜻함, 쫀쫀함","여드름성, 피부 자극 테스트 완료, 비건 인증, 데일리 케어, 대용량, 튜브형, 재활용","정제수, 글리세린, 미리스틱애씨드, 라우릭애씨드, 포타슘하이드록사이드, 카올린, 스테아릭애씨드, 글리세릴스테아레이트, 라우릴하이드록시설테인, 글라이콜다이스테아레이트, 팔미틱애씨드, 라우릴글루코사이드, 폴리쿼터늄-22, 향료, 살리실릭애씨드(5,000ppm), 실리카, 온천수, 징크피씨에이, 화산재(1,073ppm), 다이소듐이디티에이, 프로판다이올, 락틱애씨드/글라이콜릭애씨드코폴리머, 1,2-헥산다이올, 마데카소사이드, 폴리쿼터늄-10, 에틸헥실글리세린","살리실릭애씨드(5,000ppm), 화산재(1,073ppm), 카올린, 실리카, 징크피씨에이, 마데카소사이드",https://www.hwahae.co.kr/goods/%EC%9D%B4%EB%8B%88%EC%8A%A4%ED%94%84%EB%A6%AC-%ED%99%94%EC%82%B0%EC%86%A1%EC%9D%B4-%EB%AA%A8%EA%B3%B5-%EB%B0%94%ED%95%98-%ED%81%B4%EB%A0%8C%EC%A7%95-%ED%8F%BC-%EB%8C%80%EC%9A%A9%EB%9F%89-250g/49258?goods_tab=goods_info,,,,,,,,,,,,,,,,,,,,,,,,,,,,,,,,,,,,,,,,,,,,,,,,,,,,,,,,,,,,,,,,,,,,,,,,,,,,,,,,,,,,,,,,,,,,,,,,,,,,,,,,,,,,,,,,,,,,,,,,,,,,,,,,,,,,,,,,,,,,,,,,,,,,,,,,,,,,,,,,,,,,,,,,,,,,,,,,,,,,,,,,,,,,,,,,,,,,,,,,,,,,,,,,,,,,,,,,,,,,,,,,,,,,,,,,,,,,,,,,,,,,,,,,,,,,,,,,,,,,,,,,,,,,,,,,,,,,,,,,,,,,,,,,,,,,,,,,,,,,,,,,,,,,,,,,,,,,,,,,,,,,,,,,,,,,,,,,,,,,,,,,,,,,,,,,,,,,,,,,,,,,,,,,,,,,,,,,,,,,,,,,,,,,,,,,,,,,,,,,,,,,,,,,,,,,,,,,,,,,,,,,,,,,,,,,,,,,,,,,,,,,,,,,,,,,,,,,,,,,,,,,,,,,,,,,,,,,
76,어성초 쿼세티놀™ 모공 딥 클렌징 폼,"14,000",아누아,클렌징폼,150,"20대(100), 10대(75), 30대(50), 40대 이상(25)","지성(적극 추천), 복합성(적극 추천), 수부지(추천), 중성(조건부 추천), 건성(주의)","건성(3), 중성(1)","여드름(2), 모공(2), 피지/블랙헤드(2)","쫀쫀함, 산뜻함, 알갱이, 수분감","데일리 케어, 여드름성, 튜브형","약모밀꽃/잎/줄기수(33%), 글리세린, 소듐코코일글라이시네이트, 정제수, 다이소듐코코암포다이아세테이트, 소듐라우로일글루타메이트, 글리세릴스테아레이트, 프로판다이올, 코코글루코사이드, 소듐클로라이드, 데실글루코사이드, 엑토라이트, 1,2-헥산다이올, 하이드록시아세토페논, 살리실릭애씨드, 부틸렌글라이콜, 폴리쿼터늄-67, 약모밀가루(3,000ppm), 아크릴레이트/C10-30알길아크릴레이트크로스폴리머, 솔비톨, 에틸헥실글리세린, 유칼립투스잎오일, 헥실렌글라이콜, 달맞이꽃꽃추출물, 칡뿌리추출물, 대왕소나무잎추출물, 당느릅나무뿌리추출물, 펜틸렌글라이콜, 소듐하이알루로네이트, 하이알루로닉애씨드, 하이드롤라이즈드하이알루로닉애씨드, 하이드록시프로필트라이모늄하이알루로네이트, 하이드롤라이즈드소듐하이알루로네이트, 포타슘하이알루로네이트, 소듐하이알루로네이트크로스폴리머, 소듐아세틸레이티드하이알루로네이트, 쿼세틴","약모밀꽃·잎·줄기수(33%), 약모밀가루(3,000ppm), 살리실릭애씨드, 쿼세틴, 히알루론산 복합체",https://www.hwahae.co.kr/goods/%EC%95%84%EB%88%84%EC%95%84-%EC%96%B4%EC%84%B1%EC%B4%88-%EC%BF%BC%EC%84%B8%ED%8B%B0%EB%86%80-%EB%AA%A8%EA%B3%B5-%EB%94%A5-%ED%81%B4%EB%A0%8C%EC%A7%95-%ED%8F%BC-150ml/48978?goods_tab=goods_info,,,,,,,,,,,,,,,,,,,,,,,,,,,,,,,,,,,,,,,,,,,,,,,,,,,,,,,,,,,,,,,,,,,,,,,,,,,,,,,,,,,,,,,,,,,,,,,,,,,,,,,,,,,,,,,,,,,,,,,,,,,,,,,,,,,,,,,,,,,,,,,,,,,,,,,,,,,,,,,,,,,,,,,,,,,,,,,,,,,,,,,,,,,,,,,,,,,,,,,,,,,,,,,,,,,,,,,,,,,,,,,,,,,,,,,,,,,,,,,,,,,,,,,,,,,,,,,,,,,,,,,,,,,,,,,,,,,,,,,,,,,,,,,,,,,,,,,,,,,,,,,,,,,,,,,,,,,,,,,,,,,,,,,,,,,,,,,,,,,,,,,,,,,,,,,,,,,,,,,,,,,,,,,,,,,,,,,,,,,,,,,,,,,,,,,,,,,,,,,,,,,,,,,,,,,,,,,,,,,,,,,,,,,,,,,,,,,,,,,,,,,,,,,,,,,,,,,,,,,,,,,,,,,,,,,,,,,,
77,어린쑥 클렌징 흡착 팩폼,"23,800",한율,클렌징폼,120,"20대(100), 10대(75), 30대(50), 40대 이상(25)","지성(적극 추천), 복합성(적극 추천), 수부지(적극 추천), 중성(조건부 추천), 건성(주의)","건성(3), 중성(1), 수부지(1)","여드름(3), 모공(3), 피지/블랙헤드(3)","쫀쫀함, 알갱이, 산뜻함","임상시험 완료, 데일리 케어, 튜브형","글리세린, 정제수, 포타슘미리스테이트, 실리카, 포타슘스테아레이트, 소듐메틸코코일타우레이트, 포타슘팔미테이트, 1,2-헥산다이올, 펜틸렌글라이콜, 아크릴레이트/C10-30알킬아크릴레이트크로스폴리머, 쑥잎가루, 포타슘코코일글리시네이트, 향료, 소듐클로라이드, 카프릴릴글라이콜, 에틸헥실글리세린, 잇꽃꽃추출물, 덱스트린, 치자추출물, 2,3-부탄다이올, 카카오씨추출물, 소듐폴리아크릴레이트, 황해쑥잎수, 판테놀, 프로판다이올, 부틸렌글라이콜, 레시틴, 락토바실러스발효물, 이눌린라우릴카바메이트, 폴리글리세린-3, 황해쑥잎추출물, 토코페롤, 병풀꽃/잎/줄기추출물, 하이드로제네이티드레시틴, 병풀추출물, 무화과추출물, 베타-글루칸, 다이소듐이디티에이, 세라마이드엔피, 슈도알테로모나스발효추출물, 하이드롤라이즈드하이알루로닉애씨드, 다이메틸실란올하이알루로네이트, 하이드롤라이즈드소듐하이알루로네이트, 소듐하이알루로네이트, 하이알루로닉애씨드, 포타슘하이알루로네이트, 소듐하이알루로네이트크로스폴리머, 하이드록시프로필트라이모늄하이알루로네이트, 소듐하이알루로네이트다이메틸실란올, 소듐아세틸레이티드하이알루로네이트, 소듐살리실레이트, 살리실릭애씨드, 시트릭애씨드","황해쑥잎수·추출물·쑥잎가루, 실리카, 살리실릭애씨드, 판테놀, 병풀추출물, 히알루론산 복합체",https://www.hwahae.co.kr/goods/%ED%95%9C%EC%9C%A8-%EC%96%B4%EB%A6%B0%EC%91%A5-%ED%81%B4%EB%A0%8C%EC%A7%95-%ED%9D%A1%EC%B0%A9-%ED%8C%A9%ED%8F%BC-120ml/62599?goods_tab=goods_info,,,,,,,,,,,,,,,,,,,,,,,,,,,,,,,,,,,,,,,,,,,,,,,,,,,,,,,,,,,,,,,,,,,,,,,,,,,,,,,,,,,,,,,,,,,,,,,,,,,,,,,,,,,,,,,,,,,,,,,,,,,,,,,,,,,,,,,,,,,,,,,,,,,,,,,,,,,,,,,,,,,,,,,,,,,,,,,,,,,,,,,,,,,,,,,,,,,,,,,,,,,,,,,,,,,,,,,,,,,,,,,,,,,,,,,,,,,,,,,,,,,,,,,,,,,,,,,,,,,,,,,,,,,,,,,,,,,,,,,,,,,,,,,,,,,,,,,,,,,,,,,,,,,,,,,,,,,,,,,,,,,,,,,,,,,,,,,,,,,,,,,,,,,,,,,,,,,,,,,,,,,,,,,,,,,,,,,,,,,,,,,,,,,,,,,,,,,,,,,,,,,,,,,,,,,,,,,,,,,,,,,,,,,,,,,,,,,,,,,,,,,,,,,,,,,,,,,,,,,,,,,,,,,,,,,,,,,,
78,리커버리 머드 팩투폼 클렌저,"14,000",비알머드,클렌징폼,110,"20대(100), 10대(75), 30대(50), 40대 이상(25)","지성(적극 추천), 복합성(추천), 수부지(추천), 중성(추천), 건성(조건부 추천)",건성(2),"모공(3), 피지/블랙헤드(3)","쫀쫀함, 촉촉함, 산뜻함","약산성, 임상시험 완료, 피부 자극 테스트 완료, 데일리 케어, 튜브형","정제수, 소듐코코일이세티오네이트, 글리세린, 소듐메틸코코일타우레이트, 코코넛애씨드, 씨실트(3%), 소듐클로라이드, 1,2-헥산다이올, 소듐이세티오네이트, 시트릭애씨드, 포타슘코코일글리시네이트, 숯가루, 포타슘코코에이트, 유칼립투스잎오일, 다이소듐이디티에이, 부틸렌글라이콜, 블랙윌로우나무껍질추출물, 동백나무꽃추출물, 달맞이꽃추출물, 서양산딸기추출물, 엘더열매추출물, 크랜베리추출물, 소듐하이알루로네이트, 개청각추출물, 감태추출물, 겔리듐 카르틸라기네움추출물, 톳추출물","씨실트(3%), 숯가루, 글리세린, 히알루론산, 블랙윌로우나무껍질추출물, 해조류추출물",https://www.hwahae.co.kr/goods/%EB%B9%84%EC%95%8C%EB%A8%B8%EB%93%9C-%EB%A6%AC%EC%BB%A4%EB%B2%84%EB%A6%AC-%EB%A8%B8%EB%93%9C-%ED%8C%A9%ED%88%AC%ED%8F%BC-%ED%81%B4%EB%A0%8C%EC%A0%80-110ml/28923?goods_tab=goods_info,,,,,,,,,,,,,,,,,,,,,,,,,,,,,,,,,,,,,,,,,,,,,,,,,,,,,,,,,,,,,,,,,,,,,,,,,,,,,,,,,,,,,,,,,,,,,,,,,,,,,,,,,,,,,,,,,,,,,,,,,,,,,,,,,,,,,,,,,,,,,,,,,,,,,,,,,,,,,,,,,,,,,,,,,,,,,,,,,,,,,,,,,,,,,,,,,,,,,,,,,,,,,,,,,,,,,,,,,,,,,,,,,,,,,,,,,,,,,,,,,,,,,,,,,,,,,,,,,,,,,,,,,,,,,,,,,,,,,,,,,,,,,,,,,,,,,,,,,,,,,,,,,,,,,,,,,,,,,,,,,,,,,,,,,,,,,,,,,,,,,,,,,,,,,,,,,,,,,,,,,,,,,,,,,,,,,,,,,,,,,,,,,,,,,,,,,,,,,,,,,,,,,,,,,,,,,,,,,,,,,,,,,,,,,,,,,,,,,,,,,,,,,,,,,,,,,,,,,,,,,,,,,,,,,,,,,,,,
79,레드 락토 콜라겐 클리어 폼클렌저 2.0,"12,000",메디필,클렌징폼,120,"20대(100), 30대(75), 10대(50), 40대 이상(25)","지성(적극 추천), 복합성(적극 추천), 수부지(추천), 중성(조건부 추천), 건성(주의)","건성(3), 중성(1), 수부지(1)","여드름(3), 모공(3), 피지/블랙헤드(3)","쫀쫀함, 산뜻함","피부 자극 테스트 완료, 데일리 케어, 튜브형","정제수, 미리스틱애씨드, 글리세린, 스테아릭애씨드, 포타슘하이드록사이드, 글리세릴스테아레이트에스이, 팔미틱애씨드, 부틸렌글라이콜, 글라이콜다이스테아레이트, 소듐벤조에이트, 코카미도프로필베타인, 락토바실러스발효물(2,100ppm), 서양배추출물, 서양송악잎/줄기추출물, 에틸헥실글리세린, 감나무잎추출물, 포도추출물, 사과추출물, 비치스트로베리추출물, 커피콩추출물, 잇꽃꽃추출물, 호장근뿌리추출물, 녹차추출물, 밤껍질추출물, 다이소듐이디티에이, 소듐클로라이드, 1,2-헥산다이올, 락토코쿠스발효물(200 ppm), 살리실릭애씨드, 글루코노락톤, 카프릴로일살리실릭애씨드, 자일리틸글루코사이드, 안하이드로자일리톨, 자일리톨, 콜라겐(7,920 ppb), 기장추출물, 히비스커스꽃추출물, 하이드롤라이즈드콜라겐(2,500 ppb), 글라이신, 프로폴리스추출물, 세린, 글루타믹애씨드, 바이오사카라이드검-4, 흰버드나무껍질추출물, 오레가노잎추출물, 편백잎추출물, 아스파틱애씨드, 류신, 시트릭애씨드, 탄닉애씨드, 락토바실러스/콩발효추출물(500 ppb), 육계나무껍질추출물, 황금추출물, 쇠비름추출물, 알라닌, 라이신, 알지닌, 타이로신, 페닐알라닌, 트레오닌, 프롤린, 발린, 포타슘솔베이트, 아이소류신, 히스티딘, 메티오닌, 시스테인, 콜라겐추출물(100 ppb)","살리실릭애씨드, 글루코노락톤, 카프릴로일살리실릭애씨드, 락토바실러스발효물(2,100ppm), 콜라겐 복합체",https://www.hwahae.co.kr/goods/%EB%A9%94%EB%94%94%ED%95%84-%EB%A0%88%EB%93%9C-%EB%9D%BD%ED%86%A0-%EC%BD%9C%EB%9D%BC%EA%B2%90-%ED%81%B4%EB%A6%AC%EC%96%B4-%ED%8F%BC%ED%81%B4%EB%A0%8C%EC%A0%80-2-0-120ml/62432?goods_tab=goods_info,,,,,,,,,,,,,,,,,,,,,,,,,,,,,,,,,,,,,,,,,,,,,,,,,,,,,,,,,,,,,,,,,,,,,,,,,,,,,,,,,,,,,,,,,,,,,,,,,,,,,,,,,,,,,,,,,,,,,,,,,,,,,,,,,,,,,,,,,,,,,,,,,,,,,,,,,,,,,,,,,,,,,,,,,,,,,,,,,,,,,,,,,,,,,,,,,,,,,,,,,,,,,,,,,,,,,,,,,,,,,,,,,,,,,,,,,,,,,,,,,,,,,,,,,,,,,,,,,,,,,,,,,,,,,,,,,,,,,,,,,,,,,,,,,,,,,,,,,,,,,,,,,,,,,,,,,,,,,,,,,,,,,,,,,,,,,,,,,,,,,,,,,,,,,,,,,,,,,,,,,,,,,,,,,,,,,,,,,,,,,,,,,,,,,,,,,,,,,,,,,,,,,,,,,,,,,,,,,,,,,,,,,,,,,,,,,,,,,,,,,,,,,,,,,,,,,,,,,,,,,,,,,,,,,,,,,,,,
80,그린 토마토 클레이 팩 클렌저,"24,000",풀리,클렌징폼,120,"20대(100), 10대(75), 30대(50), 40대 이상(25)","지성(적극 추천), 복합성(적극 추천), 수부지(추천), 중성(조건부 추천), 건성(주의)","건성(3), 중성(1)","보습(2), 모공(3), 피지/블랙헤드(3)","쫀쫀함, 촉촉함, 알갱이, 산뜻함","비건 인증, 피부 자극 테스트 완료, 인체 적용 시험 완료, 데일리 케어, 튜브형","글리세린, 소듐코코일이세티오네이트, 정제수, 소듐코코일글라이시네이트, 소듐라우로일글루타메이트, 토마토수(9,400ppm), 코코-베타인, 세테아릴알코올, 포타슘벤조에이트, 부틸렌글라이콜, 시트릭애씨드, 자일리틸글루코사이드, 안하이드로자일리톨, 향료, 팔미틱애씨드, 알란토인, 폴리쿼터늄-67, 스테아릭애씨드, 자일리톨, 치자추출물, 황련뿌리추출물, 1,2-헥산다이올, 다이소듐이디티에이, 하이드롤라이즈드호호바에스터, 덱스트린, 토마토즙(100ppm), 쌀가루, 녹차가루, 카카오추출물, 하이드록시아세토페논, 글루코노락톤, 호두나무열매껍질가루, 소듐하이알루로네이트, 달맞이꽃추출물, 대왕송잎추출물, 당느릅나무뿌리추출물, 칡뿌리추출물, 펜틸렌글라이콜, 하이드록시프로필트라이모늄하이알루로네이트, 에틸헥실글리세린, 하이드롤라이즈드하이알루로닉애씨드, 소듐아세틸레이티드하이알루로네이트, 소듐하이알루로네이트크로스폴리머","토마토수(9,400ppm), 토마토즙(100ppm), 글루코노락톤, 알란토인, 히알루론산 복합체, 호두껍질가루",https://www.hwahae.co.kr/products/2084973,,,,,,,,,,,,,,,,,,,,,,,,,,,,,,,,,,,,,,,,,,,,,,,,,,,,,,,,,,,,,,,,,,,,,,,,,,,,,,,,,,,,,,,,,,,,,,,,,,,,,,,,,,,,,,,,,,,,,,,,,,,,,,,,,,,,,,,,,,,,,,,,,,,,,,,,,,,,,,,,,,,,,,,,,,,,,,,,,,,,,,,,,,,,,,,,,,,,,,,,,,,,,,,,,,,,,,,,,,,,,,,,,,,,,,,,,,,,,,,,,,,,,,,,,,,,,,,,,,,,,,,,,,,,,,,,,,,,,,,,,,,,,,,,,,,,,,,,,,,,,,,,,,,,,,,,,,,,,,,,,,,,,,,,,,,,,,,,,,,,,,,,,,,,,,,,,,,,,,,,,,,,,,,,,,,,,,,,,,,,,,,,,,,,,,,,,,,,,,,,,,,,,,,,,,,,,,,,,,,,,,,,,,,,,,,,,,,,,,,,,,,,,,,,,,,,,,,,,,,,,,,,,,,,,,,,,,,,
81,마이크로 폼 클렌저,"18,000",라곰,클렌징폼,150,"20대(100), 10대(75), 30대(50), 40대 이상(25)","지성(적극 추천), 복합성(추천), 중성(조건부 추천), 수부지(조건부 추천), 건성(주의)","건성(3), 중성(1), 수부지(2)",보습(1),"쫀쫀함, 촉촉함, 수분감, 매끈한 피부결","피부 자극 테스트 완료, 인체 적용 시험 완료, 데일리 케어, 튜브형, 파라벤 무첨가, 실리콘 무첨가, 에탄올 무첨가, 합성색소 무첨가","정제수, 글리세린, 팔미틱애씨드, 라우릭애씨드, 스테아릭애씨드, 피이지-32, 포타슘하이드록사이드, 미리스틱애씨드, 글리세릴스테아레이트, 부틸렌글라이콜,코카미도프로필베타인, 포타슘코코일글리시네이트, 피이지-100스테아레이트, 비누풀잎추출물, 무환자추출물, 말토덱스트린 , 하이드롤라이즈드식물성단백질, 코코넛애씨드, 우레아, 하이드록시에틸우레아, 소듐클로라이드, 오렌지오일, 아라키딕애씨드, 라벤더오일, 와일드제라늄오일, 베르가모트오일, 단향오일, 장미꽃오일, 마트리카리아꽃오일, 벤조인나무검, 몰약오일, 다이소듐이디티에이, 페녹시에탄올, 클로페네신, 카프릴릴글라이콜, 에틸헥실글리세린, 리모넨, 리날룰","글리세린, 하이드록시에틸우레아, 포타슘코코일글리시네이트, 비누풀잎추출물, 무환자추출물",https://www.hwahae.co.kr/goods/라곰-마이크로-폼-클렌저-150ml/71591?goods_tab=review_ingredients,,,,,,,,,,,,,,,,,,,,,,,,,,,,,,,,,,,,,,,,,,,,,,,,,,,,,,,,,,,,,,,,,,,,,,,,,,,,,,,,,,,,,,,,,,,,,,,,,,,,,,,,,,,,,,,,,,,,,,,,,,,,,,,,,,,,,,,,,,,,,,,,,,,,,,,,,,,,,,,,,,,,,,,,,,,,,,,,,,,,,,,,,,,,,,,,,,,,,,,,,,,,,,,,,,,,,,,,,,,,,,,,,,,,,,,,,,,,,,,,,,,,,,,,,,,,,,,,,,,,,,,,,,,,,,,,,,,,,,,,,,,,,,,,,,,,,,,,,,,,,,,,,,,,,,,,,,,,,,,,,,,,,,,,,,,,,,,,,,,,,,,,,,,,,,,,,,,,,,,,,,,,,,,,,,,,,,,,,,,,,,,,,,,,,,,,,,,,,,,,,,,,,,,,,,,,,,,,,,,,,,,,,,,,,,,,,,,,,,,,,,,,,,,,,,,,,,,,,,,,,,,,,,,,,,,,,,,,
82,아토베리어365 클렌징폼,"18,700",에스트라,클렌징폼,200,"30대(100), 40대 이상(75), 20대(50), 10대(25)","건성(적극 추천), 수부지(적극 추천), 중성(추천), 복합성(추천), 지성(조건부 추천)",지성(2),"보습(2), 민감성(2)","촉촉함, 쫀쫀함, 수분감, 무향, 순한 사용감","향료 무첨가, 인공향 무첨가, 에탄올 무첨가, 합성색소 무첨가, 실리콘 무첨가, 파라벤 무첨가, 데일리 케어, 튜브형","정제수, 글리세린, 포타슘코코일글리시네이트, 소듐라우로일글루타메이트, 글리세릴스테아레이트, 글라이콜다이스테아레이트, 소듐코코일글라이시네이트, 라우릴하이드록시설테인, 시트릭애씨드, 코코-글루코사이드, 데실글루코사이드, 베타인, 하이드록시프로필스타치포스페이트, 판테놀, 소듐클로라이드, 카프릴릴글라이콜, 소듐메타포스페이트, 글리세릴카프릴레이트, 하이드록시프로필구아하이드록시프로필트라이모늄클로라이드, 스핑고모나스발효추출물, 에틸헥실글리세린, 징크클로라이드, 만니톨, 세틸-피지하이드록시에틸팔미타마이드, 스테아릭애씨드, 세라마이드엔피, 하이드로제네이티드레시틴, 토코페롤, 실리카, 콜레스테롤, 스핑고리피드, 소듐하이알루로네이트, 하이드록시프로필메틸셀룰로오스","판테놀, 세라마이드엔피, 콜레스테롤, 스핑고리피드, 소듐하이알루로네이트",https://www.hwahae.co.kr/goods/에스트라-아토베리어365-클렌징폼-200g/75800?goods_tab=review_ingredients,,,,,,,,,,,,,,,,,,,,,,,,,,,,,,,,,,,,,,,,,,,,,,,,,,,,,,,,,,,,,,,,,,,,,,,,,,,,,,,,,,,,,,,,,,,,,,,,,,,,,,,,,,,,,,,,,,,,,,,,,,,,,,,,,,,,,,,,,,,,,,,,,,,,,,,,,,,,,,,,,,,,,,,,,,,,,,,,,,,,,,,,,,,,,,,,,,,,,,,,,,,,,,,,,,,,,,,,,,,,,,,,,,,,,,,,,,,,,,,,,,,,,,,,,,,,,,,,,,,,,,,,,,,,,,,,,,,,,,,,,,,,,,,,,,,,,,,,,,,,,,,,,,,,,,,,,,,,,,,,,,,,,,,,,,,,,,,,,,,,,,,,,,,,,,,,,,,,,,,,,,,,,,,,,,,,,,,,,,,,,,,,,,,,,,,,,,,,,,,,,,,,,,,,,,,,,,,,,,,,,,,,,,,,,,,,,,,,,,,,,,,,,,,,,,,,,,,,,,,,,,,,,,,,,,,,,,,,
83,PDRN 히알루론산 수분 클렌징 폼,"21,900",아누아,클렌징폼,150,"20대(100), 30대(75), 10대(50), 40대 이상(25)","건성(적극 추천), 수부지(적극 추천), 중성(추천), 복합성(추천), 지성(추천)",없음,"보습(2), 민감성(2)","촉촉함, 쫀쫀함, 수분감, 무향, 순한 사용감","향료 무첨가, 인공향 무첨가, 에탄올 무첨가, 실리콘 무첨가, 파라벤 무첨가, 데일리 케어, 튜브형","글리세린, 정제수, 소듐코코일글라이시네이트, 부틸렌글라이콜, 소듐라우로일글루타메이트, 라우릴베타인, 1,2-헥산다이올, 하이드록시프로필스타치포스페이트, 소듐메틸코코일타우레이트, 포타슘코코일글리시네이트, 시트릭애씨드, 소듐라우로일메틸아미노프로피오네이트, 소듐클로라이드, 포타슘코코에이트, 카프릴릴글라이콜, 다이소듐이디티에이, 에틸헥실글리세린, 폴리쿼터늄-67, 인도멀구슬나무잎추출물, 인도멀구슬나무꽃추출물, 황련뿌리추출물, 아이비고드열매추출물, 소듐디엔에이, 알지닌, 가지열매추출물, 홀리바질잎추출물, 울금뿌리추출물, 참산호말추출물, 하이드롤라이즈드콜라겐, 소듐하이알루로네이트, 하이드록시프로필트라이모늄하이알루로네이트, 알란토인, 판테놀, 프로판다이올, 하이드롤라이즈드하이알루로닉애씨드, 나이아신아마이드, 하이드로제네이티드레시틴, 글루타티온, 글리세릴올리에이트, 라우릴글루코사이드, 미리스틸글루코사이드, 폴리글리세릴-6라우레이트, 아데노신, 세라마이드엔피, 하이알루로닉애씨드, 하이드롤라이즈드소듐하이알루로네이트, 포타슘하이알루로네이트, 소듐하이알루로네이트크로스폴리머, 소듐시트레이트, 펜틸렌글라이콜, 소듐아세틸레이티드하이알루로네이트","히알루론산 복합체, 판테놀, 알란토인, 세라마이드엔피, 소듐디엔에이, 하이드롤라이즈드콜라겐",https://www.hwahae.co.kr/goods/아누아-only화해-피디알엔-히알루론산-수분-클렌징-폼-150ml-더블기획-PLUS크림-30ml/76912?goods_tab=review_ingredients,,,,,,,,,,,,,,,,,,,,,,,,,,,,,,,,,,,,,,,,,,,,,,,,,,,,,,,,,,,,,,,,,,,,,,,,,,,,,,,,,,,,,,,,,,,,,,,,,,,,,,,,,,,,,,,,,,,,,,,,,,,,,,,,,,,,,,,,,,,,,,,,,,,,,,,,,,,,,,,,,,,,,,,,,,,,,,,,,,,,,,,,,,,,,,,,,,,,,,,,,,,,,,,,,,,,,,,,,,,,,,,,,,,,,,,,,,,,,,,,,,,,,,,,,,,,,,,,,,,,,,,,,,,,,,,,,,,,,,,,,,,,,,,,,,,,,,,,,,,,,,,,,,,,,,,,,,,,,,,,,,,,,,,,,,,,,,,,,,,,,,,,,,,,,,,,,,,,,,,,,,,,,,,,,,,,,,,,,,,,,,,,,,,,,,,,,,,,,,,,,,,,,,,,,,,,,,,,,,,,,,,,,,,,,,,,,,,,,,,,,,,,,,,,,,,,,,,,,,,,,,,,,,,,,,,,,,,,
84,테라크네 365 클리어 딥 클렌징 폼,"18,400",에스트라,클렌징폼,200,"20대(100), 10대(75), 30대(50), 40대 이상(25)","지성(적극 추천), 복합성(적극 추천), 수부지(추천), 중성(조건부 추천), 건성(조건부 추천)","건성(2), 중성(1)","여드름(2), 피지/블랙헤드(2)","산뜻함, 수분감, 무향, 순한 사용감","논코메도제닉 테스트 완료, 임상시험 완료, 피부과 테스트 완료, 인체 적용 시험 완료, 여드름성, 향료 무첨가, 데일리 케어, 튜브형","글리세린, 정제수, 포타슘코코일글리시네이트, 소듐코코일글라이시네이트, 부틸렌글라이콜, 폴리글리세릴-10라우레이트, 다이소듐라우레스설포석시네이트, 글리세릴스테아레이트에스이, 시트릭애씨드, 글라이콜다이스테아레이트, 알란토인, 다이소듐이디티에이, 에틸헥실글리세린, 테트라소듐이디티에이, 소듐하이알루로네이트, 글루코노락톤, 토코페롤","글루코노락톤, 알란토인, 소듐하이알루로네이트, 아미노산계 세정 성분",https://www.hwahae.co.kr/goods/에스트라-테라크네365-클리어-딥-클렌징-폼-200ml/27603?goods_tab=review_ingredients,,,,,,,,,,,,,,,,,,,,,,,,,,,,,,,,,,,,,,,,,,,,,,,,,,,,,,,,,,,,,,,,,,,,,,,,,,,,,,,,,,,,,,,,,,,,,,,,,,,,,,,,,,,,,,,,,,,,,,,,,,,,,,,,,,,,,,,,,,,,,,,,,,,,,,,,,,,,,,,,,,,,,,,,,,,,,,,,,,,,,,,,,,,,,,,,,,,,,,,,,,,,,,,,,,,,,,,,,,,,,,,,,,,,,,,,,,,,,,,,,,,,,,,,,,,,,,,,,,,,,,,,,,,,,,,,,,,,,,,,,,,,,,,,,,,,,,,,,,,,,,,,,,,,,,,,,,,,,,,,,,,,,,,,,,,,,,,,,,,,,,,,,,,,,,,,,,,,,,,,,,,,,,,,,,,,,,,,,,,,,,,,,,,,,,,,,,,,,,,,,,,,,,,,,,,,,,,,,,,,,,,,,,,,,,,,,,,,,,,,,,,,,,,,,,,,,,,,,,,,,,,,,,,,,,,,,,,,
85,아크네 폼 클렌저 어성초 폼,"11,200",아비브,클렌징폼,150,"10대(100), 20대(75), 30대(50), 40대 이상(25)","지성(적극 추천), 복합성(적극 추천), 수부지(추천), 중성(조건부 추천), 건성(주의)","건성(3), 중성(1)","여드름(3), 피지/블랙헤드(2)","산뜻함, 수분감, 무향, 순한 사용감","여드름성, 피부 자극 테스트 완료, 인체 적용 시험 완료, 향료 무첨가, 인공향 무첨가, 에탄올 무첨가, 실리콘 무첨가, 파라벤 무첨가, 튜브형","정제수, 소듐코코일이세티오네이트, 글리세린, 코코-베타인, 소듐메틸코코일타우레이트, 부틸렌글라이콜, 글리세릴스테아레이트에스이, 포타슘코코일글리시네이트, 살리실릭애씨드, 소듐클로라이드, 카프릴릴글라이콜, 약모밀추출물(2,100 ppm), 트로메타민, 1,2-헥산다이올, 다이소듐이디티에이, 폴리쿼터늄-67, 판테놀, 병풀추출물, 파스향나무잎추출물, 에틸헥실글리세린","살리실릭애씨드, 약모밀추출물, 병풀추출물, 판테놀",https://www.hwahae.co.kr/goods/아비브-아크네-폼-클렌저-어성초-폼-150ml/70848?goods_tab=review_ingredients,,,,,,,,,,,,,,,,,,,,,,,,,,,,,,,,,,,,,,,,,,,,,,,,,,,,,,,,,,,,,,,,,,,,,,,,,,,,,,,,,,,,,,,,,,,,,,,,,,,,,,,,,,,,,,,,,,,,,,,,,,,,,,,,,,,,,,,,,,,,,,,,,,,,,,,,,,,,,,,,,,,,,,,,,,,,,,,,,,,,,,,,,,,,,,,,,,,,,,,,,,,,,,,,,,,,,,,,,,,,,,,,,,,,,,,,,,,,,,,,,,,,,,,,,,,,,,,,,,,,,,,,,,,,,,,,,,,,,,,,,,,,,,,,,,,,,,,,,,,,,,,,,,,,,,,,,,,,,,,,,,,,,,,,,,,,,,,,,,,,,,,,,,,,,,,,,,,,,,,,,,,,,,,,,,,,,,,,,,,,,,,,,,,,,,,,,,,,,,,,,,,,,,,,,,,,,,,,,,,,,,,,,,,,,,,,,,,,,,,,,,,,,,,,,,,,,,,,,,,,,,,,,,,,,,,,,,,,
86,아미노산 쌀 도우 클렌징 폼,"13,600",인요에,클렌징폼,120,"20대(100), 10대(75), 30대(50), 40대 이상(25)","지성(적극 추천), 복합성(적극 추천), 수부지(추천), 중성(추천), 건성(조건부 추천)",건성(2),"보습(2), 모공(1), 피지/블랙헤드(1)","쫀쫀함, 알갱이, 촉촉함, 매끈한 피부결, 무향","데일리 케어, 나이트 케어, 향료 무첨가, 튜브형","정제수, 글리세린, 소듐코코일글라이시네이트, 셀룰로오스, 소듐라우로일글루타에이트, 하이드레이티드실리카, 카올린, 1,2-헥산다이올, 소듐스위트아몬드암포아세테이트, 라우릴베타인, 소듐메틸코코일카우레이트, 소듐폴리아크릴레이트, 시트릭애씨드, 소듐클로라리드, 에틸헥실글리세린, 베타인, 소듐피씨에이, 하이드록시아세토페논, 부틸렌글라이콜, 아크릴레이트/C10-30알킬아크릴레이트크로스폴리머, 옥수수배아오일, 솔비톨, 쌀겨수(1,078ppm), 폴리글리세린-3, 피ㅗ스테릴/옥틸도데실라우로일글루타메이트, 세린(450ppm), 글라이신(300ppm), 글루타믹애씨드(230ppm), 카프릴릭/카프릭트라이글리세라이드, 알라닌(120ppm), 라이신(105ppm), 알지닌(105ppm), 트레오닌(60ppm), 하이드록시프로필매틸셀룰로오스, 프롤린(30ppm), 하이드로제네이티드레시틴, 모란뿌린추출물, 병풀추출물, 무화과추출물, 바이오사카라이드검-1, 베타-글루칸, 세라마이드엔피, 펜타에리스리틸테트라-다이-t-뷜하이드록시하이드로신나메이트, 토코페롤, 하이드록시에틸셀룰로오스","아미노산 콤플렉스, 쌀겨수, 베타인, 세라마이드엔피, 병풀추출물, 베타-글루칸",https://www.hwahae.co.kr/goods/인요에-아미노산-쌀-도우-클렌징-폼/76267?goods_tab=review_ingredients,,,,,,,,,,,,,,,,,,,,,,,,,,,,,,,,,,,,,,,,,,,,,,,,,,,,,,,,,,,,,,,,,,,,,,,,,,,,,,,,,,,,,,,,,,,,,,,,,,,,,,,,,,,,,,,,,,,,,,,,,,,,,,,,,,,,,,,,,,,,,,,,,,,,,,,,,,,,,,,,,,,,,,,,,,,,,,,,,,,,,,,,,,,,,,,,,,,,,,,,,,,,,,,,,,,,,,,,,,,,,,,,,,,,,,,,,,,,,,,,,,,,,,,,,,,,,,,,,,,,,,,,,,,,,,,,,,,,,,,,,,,,,,,,,,,,,,,,,,,,,,,,,,,,,,,,,,,,,,,,,,,,,,,,,,,,,,,,,,,,,,,,,,,,,,,,,,,,,,,,,,,,,,,,,,,,,,,,,,,,,,,,,,,,,,,,,,,,,,,,,,,,,,,,,,,,,,,,,,,,,,,,,,,,,,,,,,,,,,,,,,,,,,,,,,,,,,,,,,,,,,,,,,,,,,,,,,,,
87,어니언 뉴페어 클렌징 폼,"9,900",이즈앤트리,클렌징폼,150,"20대(100), 10대(75), 30대(50), 40대 이상(25)","지성(적극 추천), 복합성(적극 추천), 수부지(추천), 중성(조건부 추천), 건성(주의)","건성(3), 중성(1), 수부지(1)","여드름(2), 미백/잡티(1)","산뜻함, 보송함, 무향, 매끈한 피부결","향료 무첨가, 인공향 무첨가, 에탄올 무첨가, 실리콘 무첨가, 파라벤 무첨가, 데일리 케어, 튜브형","정제수, 글리세린, 포타슘미리스테이트, 스테아릭애씨드, 포타슘스테아레이트, 미리스틱애씨드, 글리세릴스테아레이트, 팔미틱애씨드, 코코-베타인, 포타슘코코일글리시네이트, 하이드록시프로필스타치포스페이트, 양파추출물(638.75ppm), 소듐헤파린, 판테놀, 약모밀추출물, 알란토인, 트라넥사믹애씨드, 부틸렌글라이콜, 소듐C14-16올레핀설포네이트, 솔비톨, 포타슘벤조에이트, 소듐클로라이드, 세테아릴알코올, 아이비고드열매추출물, 1,2-헥산다이올, 한련초추출물, 인도멀구슬나무잎추출물, 인도멀구슬나무꽃추출물, 하이드로제네이티드폴리데센, 아라키딕애씨드, 소듐시트레이트, 트라이소듐에틸렌다이아민다이석시네이트, 올레익애씨드, 가지열매추출물, 라우릭애씨드, 홀리바질잎추출물, 시트릭애씨드, 울금뿌리추출물, 참산호말추출물, 소듐아스코빌포스페이트, 다이소듐이디티에이","양파추출물, 판테놀, 알란토인, 약모밀추출물, 트라넥사믹애씨드",https://www.hwahae.co.kr/goods/이즈앤트리-어니언-뉴페어-클렌징폼-150ml/28551?goods_tab=review_ingredients,,,,,,,,,,,,,,,,,,,,,,,,,,,,,,,,,,,,,,,,,,,,,,,,,,,,,,,,,,,,,,,,,,,,,,,,,,,,,,,,,,,,,,,,,,,,,,,,,,,,,,,,,,,,,,,,,,,,,,,,,,,,,,,,,,,,,,,,,,,,,,,,,,,,,,,,,,,,,,,,,,,,,,,,,,,,,,,,,,,,,,,,,,,,,,,,,,,,,,,,,,,,,,,,,,,,,,,,,,,,,,,,,,,,,,,,,,,,,,,,,,,,,,,,,,,,,,,,,,,,,,,,,,,,,,,,,,,,,,,,,,,,,,,,,,,,,,,,,,,,,,,,,,,,,,,,,,,,,,,,,,,,,,,,,,,,,,,,,,,,,,,,,,,,,,,,,,,,,,,,,,,,,,,,,,,,,,,,,,,,,,,,,,,,,,,,,,,,,,,,,,,,,,,,,,,,,,,,,,,,,,,,,,,,,,,,,,,,,,,,,,,,,,,,,,,,,,,,,,,,,,,,,,,,,,,,,,,,
88,하이 아미노 올 클렌저,"12,900",듀이트리,클렌징폼,150,"20대(100), 10대(75), 30대(50), 40대 이상(25)","지성(적극 추천), 복합성(적극 추천), 중성(추천), 수부지(조건부 추천), 건성(조건부 추천)","건성(2), 수부지(2)",보습(2),"쫀쫀함, 산뜻함, 보송함, 발림성","임상시험 완료, 인체 적용 시험 완료, 데일리 케어, 튜브형, 파라벤 무첨가, 실리콘 무첨가, 에탄올 무첨가, 합성색소 무첨가","정제수, 미리스틱애씨드, 글리세린, 포타슘하이드록사이드, 팔미틱애씨드, 스테아릭애씨드, 라우릭애씨드, 1,2-헥산다이올, 솔비탄올리베이트, 글라이콜다이스테아레이트, 코카미도프로필베타인, 글리세릴카프릴레이트, 폴리쿼터늄-7, 소듐라우로일귀리아미노산, 폴리쿼터늄-39, 소듐클로라이드, 올레익애씨드, 아라키도닉애씨드, 판테놀, 알란토인, 카프릭애씨드, 소듐코코일애플아미노산, 부틸렌글라이콜, 헥실렌글라이콜, 테트라소듐글루타메이트다이아세테이트, 실크아미노산, 카프릴릭/카프릭트라이글리세라이드, 연꽃꽃추출물, 율무씨추출물, 드럼스틱씨오일, 다이소듐이디티에이, 소듐벤조에이트, 클로페네신, 로즈마리잎오일","소듐라우로일귀리아미노산, 소듐코코일애플아미노산, 판테놀, 알란토인, 실크아미노산",https://www.hwahae.co.kr/goods/듀이트리-하이-아미노-올-클렌저-150ml-2개/48100?goods_tab=review_ingredients,,,,,,,,,,,,,,,,,,,,,,,,,,,,,,,,,,,,,,,,,,,,,,,,,,,,,,,,,,,,,,,,,,,,,,,,,,,,,,,,,,,,,,,,,,,,,,,,,,,,,,,,,,,,,,,,,,,,,,,,,,,,,,,,,,,,,,,,,,,,,,,,,,,,,,,,,,,,,,,,,,,,,,,,,,,,,,,,,,,,,,,,,,,,,,,,,,,,,,,,,,,,,,,,,,,,,,,,,,,,,,,,,,,,,,,,,,,,,,,,,,,,,,,,,,,,,,,,,,,,,,,,,,,,,,,,,,,,,,,,,,,,,,,,,,,,,,,,,,,,,,,,,,,,,,,,,,,,,,,,,,,,,,,,,,,,,,,,,,,,,,,,,,,,,,,,,,,,,,,,,,,,,,,,,,,,,,,,,,,,,,,,,,,,,,,,,,,,,,,,,,,,,,,,,,,,,,,,,,,,,,,,,,,,,,,,,,,,,,,,,,,,,,,,,,,,,,,,,,,,,,,,,,,,,,,,,,,,
89,프레시 그린 클렌저 떡솝,"21,300",아렌시아,클렌징폼,120,"20대(100), 10대(75), 30대(50), 40대 이상(25)","지성(적극 추천), 복합성(적극 추천), 수부지(추천), 중성(조건부 추천), 건성(주의)","건성(3), 중성(1)","모공(3), 피지/블랙헤드(3)","쫀쫀함, 알갱이, 매끈한 피부결, 보송함","비건 인증, 나이트 케어, 단지형, 피부 자극 테스트 완료, 파라벤 무첨가, 실리콘 무첨가, 에탄올 무첨가, 합성색소 무첨가","글리세린, 정제수, 소듐코코일이세티오네이트, 스위트아몬드씨드케이크, 소듐코코일글라이시네이트, 1,2-헥산다이올, 코코넛애씨드, 소듐메틸코코일타우레이트, 쌀가루, 향료, 카올린, 소듐이세티오네이트, 녹차가루, 글리세릴스테아레이트, 하이드록시프로필스타치포스페이트, 잔탄검, 소듐클로라이드, 덱스트린, 에틸헥실글리세린, 치자추출물, 녹차추출물, 바오밥나무열매추출물, 쑥잎추출물, 귀리커넬추출물, 바다포도추출물, 병풀추출물, 마트리카리아꽃추출물, 커피콩추출물, 유칼립투스잎추출물, 무화과추출물, 감초추출물, 버지니아풍년화추출물, 히솝추출물, 구기자추출물, 티트리추출물, 연꽃잎추출물, 쌀추출물, 인삼추출물, 쇠비름추출물, 삼백초추출물, 가지열매추출물","카올린, 쌀가루, 녹차가루, 녹차추출물, 병풀추출물, 스위트아몬드씨드케이크",https://www.hwahae.co.kr/goods/아렌시아-프레시-그린-떡솝-클렌저-120g/74059?goods_tab=review_ingredients,,,,,,,,,,,,,,,,,,,,,,,,,,,,,,,,,,,,,,,,,,,,,,,,,,,,,,,,,,,,,,,,,,,,,,,,,,,,,,,,,,,,,,,,,,,,,,,,,,,,,,,,,,,,,,,,,,,,,,,,,,,,,,,,,,,,,,,,,,,,,,,,,,,,,,,,,,,,,,,,,,,,,,,,,,,,,,,,,,,,,,,,,,,,,,,,,,,,,,,,,,,,,,,,,,,,,,,,,,,,,,,,,,,,,,,,,,,,,,,,,,,,,,,,,,,,,,,,,,,,,,,,,,,,,,,,,,,,,,,,,,,,,,,,,,,,,,,,,,,,,,,,,,,,,,,,,,,,,,,,,,,,,,,,,,,,,,,,,,,,,,,,,,,,,,,,,,,,,,,,,,,,,,,,,,,,,,,,,,,,,,,,,,,,,,,,,,,,,,,,,,,,,,,,,,,,,,,,,,,,,,,,,,,,,,,,,,,,,,,,,,,,,,,,,,,,,,,,,,,,,,,,,,,,,,,,,,,,
90,순정 약산성 6.5 휩 클렌저,"20,900",에뛰드,클렌징폼,250,"10대(100), 20대(75), 30대(50), 40대 이상(25)","건성(적극 추천), 수부지(적극 추천), 중성(적극 추천), 복합성(추천), 지성(추천)",건성(1),"보습(2), 민감성(2)","가벼움, 촉촉함, 수분감, 무향, 순한 사용감","약산성, 향료 무첨가, 인공향 무첨가, 에탄올 무첨가, 실리콘 무첨가, 파라벤 무첨가, 데일리 케어, 펌프형, 리필 가능","정제수, 글리세린, 소르비톨, 프로판디올, 라우릴글루코사이드, 디소듐코코일글루타메이트, 판테놀, 시트릭애씨드, 글리세릴카프릴레이트, 에칠헥실글리세린, 마데카소사이드, 부틸렌글라이콜, 토코페롤, 녹차추출물","판테놀, 마데카소사이드, 녹차추출물, 글리세린",https://www.hwahae.co.kr/goods/에뛰드-순정-약산성-6-5-휩-클렌저-250ml-PLUS-리필-150ml/69894?goods_tab=review_ingredients,,,,,,,,,,,,,,,,,,,,,,,,,,,,,,,,,,,,,,,,,,,,,,,,,,,,,,,,,,,,,,,,,,,,,,,,,,,,,,,,,,,,,,,,,,,,,,,,,,,,,,,,,,,,,,,,,,,,,,,,,,,,,,,,,,,,,,,,,,,,,,,,,,,,,,,,,,,,,,,,,,,,,,,,,,,,,,,,,,,,,,,,,,,,,,,,,,,,,,,,,,,,,,,,,,,,,,,,,,,,,,,,,,,,,,,,,,,,,,,,,,,,,,,,,,,,,,,,,,,,,,,,,,,,,,,,,,,,,,,,,,,,,,,,,,,,,,,,,,,,,,,,,,,,,,,,,,,,,,,,,,,,,,,,,,,,,,,,,,,,,,,,,,,,,,,,,,,,,,,,,,,,,,,,,,,,,,,,,,,,,,,,,,,,,,,,,,,,,,,,,,,,,,,,,,,,,,,,,,,,,,,,,,,,,,,,,,,,,,,,,,,,,,,,,,,,,,,,,,,,,,,,,,,,,,,,,,,,